event_id,date,season,home_team,away_team_espn_id,home_n_prior,away_n_prior,home_days_rest,away_days_rest,home_b2b,away_b2b,home_off_rtg,away_off_rtg,home_def_rtg,away_def_rtg,home_net_rtg,away_net_rtg,home_pace,away_pace,home_efg_pct,away_efg_pct,home_ts_pct,away_ts_pct,home_tov_pct,away_tov_pct,home_oreb_pct,away_oreb_pct,home_dreb_pct,away_dreb_pct,home_ast_pct,away_ast_pct,home_fast_break_pts,away_fast_break_pts,home_points_in_paint,away_points_in_paint,baseline_home_points,baseline_away_points,baseline_total_points,baseline_home_margin,label_home_points,label_away_points,label_total_points,label_home_margin,label_home_win
401810021,2025-11-05T01:00Z,2026,ATL,19,7,7,3,4,0,0,110.92800442644489,112.41565539976715,113.6441196317703,112.01270243600142,-2.7161152053254063,0.4029529637657251,103.91428571428571,104.15714285714286,0.5362006176283157,0.5409134869648808,0.5734214398140229,0.5850845209520629,0.13158655595038843,0.1603218942539442,0.23108362024315937,0.28089075581565764,0.7004261311190031,0.7428831300411848,0.6736531470210565,0.5674815240503553,17.0,19.0,56.857142857142854,56.0,115.9689784089832,117.59145083336938,233.5604292423526,-1.6224724243861743,127.0,112.0,239.0,15.0,1
401809512,2025-11-08T00:30Z,2026,ATL,28,8,8,3,3,0,0,112.62572936333535,116.90956048609597,113.16409487387745,114.58593056771062,-0.5383655105420835,2.323629918385347,103.675,103.0,0.5499047070914429,0.574868883697233,0.589470329244874,0.6068716427099901,0.1396480403781585,0.1454092355885793,0.22492544044003718,0.22138498327813919,0.6962061980624611,0.7212655156697297,0.6613215036434245,0.6912109561507402,17.75,19.75,55.5,52.75,117.39742454062234,118.87618180380629,236.27360634442863,-1.478757263183951,97.0,109.0,206.0,-12.0,0
401810040,2025-11-09T01:00Z,2026,ATL,13,9,9,1,3,1,0,110.56547211863239,117.44256009415913,112.33726204545115,114.29508829130535,-1.7717899268187418,3.1474718028537847,103.61111111111111,102.05555555555556,0.5322069618590604,0.5833664690250622,0.5747547123965826,0.6270347871020717,0.14460793588091944,0.16393775809733335,0.2390283750413499,0.23971431728479167,0.6998684723518173,0.7203929796944047,0.6686494173800137,0.6252361427361428,17.0,11.555555555555555,54.0,55.333333333333336,112.14733066645302,118.14512521678296,230.29245588323596,-5.997794550329942,122.0,102.0,224.0,20.0,1
401810106,2025-11-19T00:30Z,2026,ATL,8,10,14,2,1,0,1,115.93267463690549,118.89411563027343,107.44262003844342,108.29126916614129,8.49005459846208,10.602846464132131,103.0,101.74754716981133,0.578526049328552,0.5628035453580753,0.6143459789443521,0.5948046701771819,0.15312128492489613,0.13974213836806254,0.23033657954285172,0.3053935468428551,0.7099592492166553,0.7250294313323721,0.7336293087455761,0.6157758978890004,21.1,17.6,53.2,61.2,114.77325627603862,112.37908679678495,227.15234307282356,2.3941694792536765,112.0,120.0,232.0,-8.0,0
401810131,2025-11-23T23:00Z,2026,ATL,30,10,16,0,1,1,1,116.72210993146909,113.00048039649803,109.8438274371014,117.82817208066535,6.878282494367689,-4.8276916841673385,102.15,99.84622641509434,0.5909288062184458,0.5258760605071726,0.6223676537446657,0.5724926541229858,0.15552264404647453,0.15951536365159477,0.21621612635263115,0.3072617214220002,0.7228409896649045,0.7644940381897226,0.7297115878110485,0.6326866660095929,17.8,10.7,48.6,48.4,114.8923092872898,109.15824495664152,224.05055424393134,5.73406433064828,113.0,110.0,223.0,3.0,1
401809811,2025-11-29T00:30Z,2026,ATL,5,10,19,3,4,0,0,117.18746513222068,113.63227487218983,112.14058240410934,110.87407186220294,5.046882728111345,2.7582030099869086,101.9,102.52943396226415,0.59593537311646,0.5453052081459129,0.6194834023847895,0.576864361253477,0.14489144619681943,0.13075176050518636,0.2173945775310823,0.237922639677458,0.7415909896649046,0.7516451616684112,0.7473396122413986,0.6350223205411221,17.9,13.1,52.0,48.2,116.55622729083498,115.38654354259224,231.94277083342723,1.169683748242747,130.0,123.0,253.0,7.0,1
401810182,2025-12-04T00:30Z,2026,ATL,12,10,21,2,2,0,0,114.41365624033183,112.20373066212838,113.5619461183546,119.08939442598606,0.8517101219772399,-6.885663763857693,103.11793103448277,101.03379310344829,0.5805627139599545,0.5275427041849281,0.6041728137678621,0.5844991645570349,0.14762621957835814,0.14798320427762743,0.21854537581281766,0.21182375377700646,0.724982145810401,0.7434389066101285,0.726647256351674,0.5719776819324476,17.6,14.3,52.4,49.0,119.17512596248868,115.22613041475617,234.40125637724486,3.9489955477325083,92.0,115.0,207.0,-23.0,0
401810195,2025-12-06T00:30Z,2026,ATL,7,10,21,2,2,0,0,111.72161745487958,125.62864549224636,114.13823585835412,121.12708650665058,-2.4166184034745415,4.501558985595774,101.98793103448277,100.16999999999999,0.5637653283390394,0.6078559221564148,0.5884216641478759,0.6441877804669034,0.14748751266419338,0.13613047254478575,0.21267416369160555,0.27583565125247994,0.724603357931613,0.7408390887828428,0.7072099161982214,0.6616159059909886,16.8,14.4,52.4,49.0,117.68053059230927,121.17694166106926,238.85747225337855,-3.496411068759997,133.0,134.0,267.0,-1.0,0
401836798,2025-12-14T23:00Z,2026,ATL,20,10,24,1,1,1,1,112.78691551034578,110.21938922244085,114.93640173269765,109.52732293301308,-2.149486222351856,0.6920662894277644,102.51793103448276,101.37679895901105,0.552028295958029,0.5129069943615747,0.5821127232620988,0.5588378659200589,0.1436607521761356,0.137429739438215,0.24498125163822837,0.24499668781770825,0.7473575041439194,0.7520801465455194,0.7068523372692139,0.6169515511224308,18.3,16.4,53.4,47.4,109.9221014312108,111.32709206792853,221.24919349913932,-1.4049906367177272,120.0,117.0,237.0,3.0,1
401810238,2025-12-20T00:30Z,2026,ATL,24,10,27,1,1,1,1,112.65964299005391,118.62810939427246,117.24263137461314,116.942558388104,-4.582988384559234,1.685551006168422,104.16793103448276,102.69000000000001,0.550595055285658,0.5496764672625158,0.5834159210786088,0.5889791799406872,0.15753125434180767,0.12306529646845377,0.2584027974127153,0.25922782331209887,0.745034271820687,0.7397103311124597,0.7104020788712812,0.5955268992291219,18.3,14.9,53.2,47.6,115.17546311976741,118.31995356052957,233.49541668029698,-3.144490440762155,98.0,126.0,224.0,-28.0,0
401810251,2025-12-21T20:30Z,2026,ATL,4,10,27,1,1,1,1,111.08171354760721,109.56179466632395,116.49256699728343,114.85665596403041,-5.410853449676217,-5.29486129770647,104.31793103448277,103.09,0.5431818413998796,0.5381913298665117,0.5765411234040597,0.5695769689846606,0.15537347235540638,0.14396673684881442,0.245103134113052,0.24354790380197572,0.7350342718206873,0.7659765984621569,0.7020789454563483,0.6448490956948633,17.8,17.8,52.6,55.8,113.63891867215456,113.69725857587606,227.33617724803062,-0.058339903721503106,150.0,152.0,302.0,-2.0,0
401810266,2025-12-24T00:30Z,2026,ATL,4,10,28,3,3,0,0,112.43997437524858,112.45868491531732,118.6798324292129,116.92814245956531,-6.239858053964298,-4.469457544248,104.71793103448275,103.42999999999999,0.5454188900654997,0.5551231989834997,0.5800058349770116,0.5843791254764754,0.15132695233768415,0.1445528272456117,0.24724599125590915,0.2493087733671931,0.7379690544293828,0.7715610140465724,0.7035495336916424,0.654816281913075,16.4,17.5,51.2,55.0,119.35624741110503,120.27751041910464,239.63375783020967,-0.9212630079996131,123.0,126.0,249.0,-3.0,0
401810278,2025-12-27T00:00Z,2026,ATL,14,10,30,3,3,0,0,112.64622504947468,107.91446694830623,119.78459877013162,113.86226076909193,-7.138373720656922,-5.947793820785712,105.00999999999999,102.30000000000001,0.5499482422922203,0.5166781539663559,0.5810767432170845,0.5511544704376681,0.1443993015307203,0.13149671249559977,0.23200789601781394,0.22368680777132166,0.7360178349171876,0.7825069616950915,0.7077162003583092,0.6084728207059085,15.0,13.9,51.0,49.2,117.39368548761762,118.01073328522338,235.40441877284098,-0.617047797605764,111.0,126.0,237.0,-15.0,0
401810290,2025-12-28T01:00Z,2026,ATL,18,10,31,1,3,1,0,113.05254436993133,120.40160990991225,121.45802840817737,113.55769445999229,-8.405484038246058,6.843915449919969,105.89000000000001,100.27000000000001,0.553504091598235,0.5745231338105583,0.587752394580457,0.601761002138975,0.14867349944231475,0.13972827907764193,0.22908581809573603,0.310582612285665,0.7500178349171877,0.7345706447764728,0.701663568779362,0.5863550972377904,15.9,14.2,52.2,51.2,113.29106958015437,124.6544575891434,237.94552716929778,-11.363388008989034,125.0,128.0,253.0,-3.0,0
401810318,2025-12-31T20:00Z,2026,ATL,16,10,33,1,1,1,1,114.71541707639756,112.95831105229233,121.96049749040401,108.55233854452622,-7.245080414006499,4.405972507766096,107.02000000000001,102.42358490566036,0.5619262165066521,0.5291914967032334,0.5958102458221082,0.563283263598916,0.14503067042611256,0.11598681058941229,0.22991064802770883,0.260604784910239,0.7337522006322038,0.7473253344386438,0.7177208713768417,0.6462807987602789,15.9,15.7,52.4,49.8,113.39784789288639,119.31542575065082,232.7132736435372,-5.917577857764428,126.0,102.0,228.0,24.0,1
401810374,2026-01-08T00:30Z,2026,ATL,3,10,38,2,1,0,1,111.43202161039763,109.51150466767328,116.98989577262323,116.74954929004312,-5.557874162225609,-7.238044622369832,106.72999999999999,104.94000000000001,0.5525451668469819,0.5114155291822813,0.57981147393957,0.5535419775711474,0.13289731566757648,0.14331254632334667,0.18386482596477233,0.26656871331275267,0.7390182853100532,0.698761771997066,0.7398775148929243,0.5857266675932526,17.3,15.4,51.0,59.8,120.74798278124075,116.26311222065408,237.01109500189483,4.484870560586671,117.0,100.0,217.0,17.0,1
401810449,2026-01-18T00:30Z,2026,ATL,2,10,40,2,2,0,0,110.51747415384577,120.47742342964334,110.1359639696082,113.64225170303227,0.38151018423754834,6.835171726611078,104.22,96.67999999999998,0.5466504510153036,0.5545859952841621,0.5673048339368206,0.582194542914431,0.12534803400934788,0.11651613142116002,0.20000385228237008,0.29884306608553585,0.7680259017313611,0.7762521457953139,0.7137682266582523,0.5328899516221988,17.1,10.1,49.2,48.4,112.58422231161698,115.82557382127408,228.40979613289107,-3.2413515096570933,106.0,132.0,238.0,-26.0,0
401809247,2026-01-19T18:00Z,2026,ATL,15,10,41,1,3,1,0,108.7683596420082,113.59727176500414,109.82583127348741,115.62330306861227,-1.0574716314792305,-2.026031303608109,103.85,98.13,0.5309490158020431,0.5582482098279911,0.5539811993361663,0.5887751645630519,0.1221043510564779,0.1352783796598279,0.20240270656092357,0.21530285379669484,0.7698972467606009,0.741050819287645,0.7205187987406322,0.6485144502734108,18.3,12.2,49.8,45.0,109.907372983156,112.81749587928631,222.7248688624423,-2.910122896130318,110.0,112.0,222.0,-2.0,0
401810491,2026-01-24T00:30Z,2026,ATL,21,10,44,2,3,0,0,108.22086112328618,113.85796502279217,112.80308600143431,108.19934702144947,-4.582224878148141,5.658618001342713,104.05,98.57,0.5241564876779934,0.5420284930981636,0.5532508142472052,0.5765762088486979,0.1255368458495602,0.14838604243707254,0.20327189317255784,0.2767296975895327,0.7815216205800966,0.7180322405642097,0.7358846230667847,0.6330256734358902,19.2,16.9,47.0,37.2,109.62765643571586,114.81515539632194,224.44281183203782,-5.187498960606078,110.0,103.0,213.0,7.0,1
401810514,2026-01-26T18:30Z,2026,ATL,11,10,46,2,2,0,0,108.28628168403384,106.31240846935725,110.579721515453,110.71334655471556,-2.2934398314191684,-4.400938085358317,103.35,102.11999999999999,0.529773093294599,0.5227558068258358,0.5568456064694495,0.5501461709798429,0.1315835748215228,0.15157006315176952,0.21021633761700226,0.22884899371326894,0.7851626462211223,0.7720992330233517,0.724810425946076,0.7274108764239224,19.2,11.5,47.2,44.2,112.49463403553956,111.41206486994739,223.90669890548696,1.0825691655921759,132.0,116.0,248.0,16.0,1
401810537,2026-01-30T01:00Z,2026,ATL,10,10,45,1,1,1,1,112.10061503331053,109.28590665588513,111.6469948773879,110.30742736049146,0.45362015592260807,-1.0215207046063184,102.63,98.63867924528302,0.5451643934784716,0.5123783211415412,0.5706951443044825,0.5413991669803913,0.12014096702164745,0.14524312957386745,0.21094429246614124,0.3130219257518315,0.763561753573718,0.735091070023112,0.7125016236372737,0.5861336994379732,18.6,12.7,47.8,51.8,108.55214939436388,107.83216773656781,216.3843171309317,0.7199816577960689,86.0,104.0,190.0,-18.0,0
401810590,2026-02-06T00:30Z,2026,ATL,26,10,51,2,2,0,0,109.72121771883148,110.93876857350867,111.74884060887459,121.58713116394647,-2.027622890043121,-10.648362590437822,103.42,102.66,0.5343171186332474,0.5452530637149675,0.5614388607900056,0.5802602958889163,0.12984887671091327,0.15358199122377053,0.21822443179459997,0.23753012657267975,0.7390379778798655,0.7326377424518651,0.6863224563181722,0.7319843008970917,18.4,15.5,47.4,55.2,119.1700613444072,114.72865625076385,233.89871759517104,4.441405093643354,121.0,119.0,240.0,2.0,1
401810606,2026-02-08T00:30Z,2026,ATL,30,10,52,2,2,0,0,112.02230810131721,115.56397779971385,112.29974319466089,102.77451105609794,-0.2774350933436954,12.789466743615893,103.10999999999999,97.67999999999999,0.5355264912711915,0.5526778023834369,0.5617048659361444,0.5889485617165287,0.12045904173968296,0.17054779758796745,0.24066887623904432,0.3286286095109624,0.7349563452268042,0.7860563260970563,0.6914415039372198,0.6390138469799518,18.2,14.7,51.4,47.0,107.82263329654346,114.38189134615125,222.2045246426947,-6.5592580496077915,119.0,126.0,245.0,-7.0,0
401810660,2026-02-21T00:30Z,2026,ATL,14,10,56,1,9,1,0,112.72926875324795,112.36323009283038,113.29140454061667,106.2465791370881,-0.5621357873687222,6.116650955742264,103.29,105.02000000000002,0.5302041046778811,0.517757175345365,0.5630940260294504,0.5591228137685872,0.11590037656278314,0.128110310299344,0.23823373279336257,0.26377970079317953,0.70701923669649,0.7689019439463032,0.644925295609506,0.6560304574764506,18.8,17.5,52.0,53.2,110.6160327695371,117.51529235123341,228.1313251207705,-6.899259581696313,97.0,128.0,225.0,-31.0,0
401810673,2026-02-22T20:30Z,2026,ATL,17,10,55,1,1,1,1,110.31587431807898,103.27007332166863,115.32984001693853,114.59943752813483,-5.013965698859547,-11.32936420646619,102.42999999999999,99.48,0.5173362206821775,0.504157087052814,0.5482591429751564,0.5383408631046454,0.1159789660045536,0.167661126784772,0.23811817038966457,0.259732525460409,0.6984838831611366,0.7958665676610505,0.6457189464031569,0.6807193426232072,18.4,12.7,50.2,46.4,110.12567774105737,107.03345811783056,217.15913585888794,3.0922196232268107,115.0,104.0,219.0,11.0,1
401810687,2026-02-25T00:30Z,2026,ATL,27,10,56,3,3,0,0,110.01188434382075,110.56714357106088,115.03516449871606,121.9973086901047,-5.023280154895314,-11.430165119043796,102.50999999999999,102.9,0.5150188309899268,0.5423798171915539,0.5487471012264756,0.5683961796783257,0.12409947813028181,0.15046306946057847,0.25387903995488204,0.24472837845321513,0.7138023867000648,0.6896589310846234,0.647941168625379,0.6098242142744562,19.3,13.9,50.6,50.0,119.14252085274657,115.85242525153221,234.99494610427877,3.290095601214361,119.0,98.0,217.0,21.0,1
401810705,2026-02-27T00:30Z,2026,ATL,27,10,57,2,2,0,0,111.56131090140086,108.91754444761618,112.70110075230541,119.30320050435644,-1.1397898509045057,-10.38565605674024,104.22999999999999,103.36999999999998,0.5168678913858671,0.5398545646663013,0.5542291364886587,0.5682847517859158,0.12112429987391779,0.15059564142696316,0.25918668025238034,0.21658152530636202,0.7499976728953511,0.6902336437283014,0.6706302442556311,0.6083500128002546,19.8,13.6,52.4,49.4,119.81868141958802,115.02007685875928,234.8387582783473,4.7986045608287355,126.0,96.0,222.0,30.0,1
401810728,2026-03-01T23:00Z,2026,ATL,22,10,61,2,1,0,1,112.03984114478945,113.01758409666411,109.8925509657555,113.91872305748075,2.1472901790339542,-0.9011389608166553,103.96,103.11000000000001,0.5170718111774157,0.5494592400766205,0.556239735260321,0.5792376269219395,0.12512822236657178,0.17869278473593433,0.26418668025238035,0.3210764600075311,0.757854815752494,0.7422837899761301,0.687710989597246,0.6424836398846994,20.2,12.9,51.6,48.2,116.97309972341023,111.93315404338493,228.90625376679515,5.039945680025298,135.0,101.0,236.0,34.0,1
401810772,2026-03-07T23:00Z,2026,ATL,20,10,62,2,2,0,0,114.46778059837573,108.03624487148663,108.53644832111817,116.61993906199503,5.931332277257561,-8.58369419050837,103.42,103.1,0.533904043424598,0.5024627278229508,0.573015493602852,0.5487287504386089,0.13239106188420843,0.12758052885897317,0.26831253059251636,0.22089568450626845,0.770850628711824,0.7235455102342975,0.6840781364559895,0.5684049130831653,21.2,19.2,51.0,49.0,119.31058966064941,111.81648149534185,231.12707115599125,7.494108165307566,125.0,116.0,241.0,9.0,1
401810794,2026-03-10T23:30Z,2026,ATL,6,10,64,3,2,0,0,114.76290606285366,105.2903616708513,107.2628098416169,116.75870339337641,7.500096221236751,-11.468341722525135,103.67,102.22999999999999,0.5380661463818815,0.5072718728277452,0.5771881397624579,0.5455469017484417,0.14281927823113177,0.14896897502804946,0.28673358322409537,0.23653594491349125,0.7828479919286995,0.757036131168557,0.6838759119868287,0.6018664338404957,20.0,12.7,52.4,50.6,119.17574846759442,109.41174503604299,228.5874935036374,9.76400343155143,124.0,112.0,236.0,12.0,1
401810811,2026-03-12T23:30Z,2026,ATL,17,10,65,2,2,0,0,116.89919484854019,109.7621970138204,106.18004854126723,124.5545304134165,10.719146307272979,-14.792333399596107,102.44000000000001,98.6,0.5495387673281866,0.5395114797114665,0.5853270554684006,0.5810397889030001,0.13579761190367604,0.16786668813229197,0.2829457044362166,0.2410180771946134,0.7744941835748911,0.7119123756399972,0.6930595854562165,0.7057759144925786,20.0,11.6,54.2,48.8,121.35464231665945,108.53257261598705,229.8872149326465,12.822069700672401,108.0,97.0,205.0,11.0,1
401810825,2026-03-14T19:00Z,2026,ATL,15,10,65,2,2,0,0,117.37241117134582,106.84791577566534,105.22628236676182,120.36435087345221,12.146128804584018,-13.516435097786882,102.1,98.99000000000001,0.5456061830585238,0.5462811899211999,0.5820100411360606,0.5677934323521605,0.1352211150489451,0.15097921411126639,0.2970333609657336,0.18482163474055013,0.7952178677854174,0.7320254504110315,0.6802410526376835,0.653805330061002,19.8,12.6,53.8,36.4,119.51621369897107,106.6150012611517,226.13121496012278,12.901212437819368,122.0,99.0,221.0,23.0,1
401810838,2026-03-16T23:00Z,2026,ATL,19,10,66,2,1,0,1,118.33412531154462,116.98441102370728,104.85727343689719,108.957813511436,13.476851874647434,8.026597512271277,101.68000000000002,100.27943396226416,0.5541336815801086,0.5459837732087075,0.5864013277617135,0.5907297913521095,0.13478470376965418,0.12996483834362538,0.29978158791608817,0.25332988252168365,0.8061941501902712,0.7707104567782317,0.678785285560416,0.6653419503360213,18.5,14.3,54.6,53.2,114.75937827218688,108.64732598052984,223.40670425271674,6.112052291657037,124.0,112.0,236.0,12.0,1
401810881,2026-03-22T00:00Z,2026,ATL,9,10,70,1,2,1,0,120.0562736021512,109.79797388891257,106.23095345962312,116.54043924901535,13.825320142528051,-6.742465360102793,102.03,98.3145283018868,0.5704810348119697,0.5152286175808632,0.6010755326638533,0.5484898619908977,0.13602256381274314,0.15173786476969311,0.2871216050653341,0.2986658774829506,0.780898721683047,0.6817541452610103,0.6646348107122666,0.6933465329749454,18.0,10.2,56.6,47.2,114.94707782231401,108.20053387301239,223.14761169532642,6.746543949301625,126.0,110.0,236.0,16.0,1
401810892,2026-03-23T23:30Z,2026,ATL,29,10,70,1,2,1,0,120.30772977103686,111.92926433403557,107.7699885827523,122.02559054082056,12.53774118828455,-10.096326206785019,101.81,102.26,0.578420286571446,0.5287356188314442,0.6067678783631987,0.5648606543199238,0.1401518151863633,0.14081425915371412,0.292121605065334,0.2613024389516231,0.780541578825904,0.6342898055439964,0.6515395726170286,0.6094528065003033,17.7,13.7,57.6,45.0,119.92342963939879,112.08506635682224,232.00849599622103,7.838363282576552,146.0,107.0,253.0,39.0,1
401810933,2026-03-28T23:30Z,2026,ATL,23,10,74,1,2,1,0,118.38176799899573,113.76124817085709,108.80165192892166,120.43974396966499,9.580116070074066,-6.678495798807883,101.17622641509435,100.17,0.5571023783998864,0.5513801273647738,0.5889822746381916,0.5810790097044365,0.12680716524900948,0.13038297888566325,0.2907963123502637,0.25033985083200677,0.7744021159271622,0.7730309044458972,0.6505433828367687,0.6538349637366214,19.3,10.4,52.8,53.0,116.60808978747004,112.03050018772518,228.6385899751952,4.577589599744854,123.0,113.0,236.0,10.0,1
401810947,2026-03-30T23:30Z,2026,ATL,2,10,74,2,1,0,1,118.34409138989056,116.40139169965391,108.96282409009382,110.52206831251544,9.381267299796724,5.879323387138449,101.12622641509435,96.28999999999999,0.5577055717765866,0.5351800377688962,0.5910639698828916,0.5799033561746404,0.12993641694968977,0.13085047961500923,0.29458419113814255,0.2775977427584306,0.7644655408743082,0.7896951764104645,0.6669152649229365,0.6081198893105183,18.1,10.0,51.2,44.2,112.95473400640832,107.88959114675687,220.8443251531652,5.065142859651445,112.0,102.0,214.0,10.0,1
401810998,2026-04-06T23:00Z,2026,ATL,18,10,79,3,3,0,0,119.87968472952473,122.3761122608671,108.15851218820262,114.67039404513062,11.721172541322106,7.705718215736494,102.23622641509434,95.16999999999999,0.5818655536660586,0.5712421331788189,0.6109219276170914,0.608400927485075,0.13030632194956965,0.14599344733594988,0.26576366396095236,0.3412321158097128,0.7587875163382575,0.7767524996996883,0.6587631312342309,0.6376970311647732,20.6,12.7,51.2,50.0,115.75411489066956,113.7724256762795,229.52654056694905,1.9816892143900589,105.0,108.0,213.0,-3.0,0
401811028,2026-04-10T23:00Z,2026,ATL,5,10,80,2,2,0,0,119.69095987498955,122.55712145626225,108.09740617894336,118.1587089033023,11.593553696046174,4.398412552959995,101.65622641509434,100.49000000000001,0.5759368664016792,0.5839061647990635,0.6038307654716485,0.6199157599834865,0.13008157419450064,0.12076886947562233,0.2762027176180912,0.24584020150455205,0.7630926779945252,0.7755586209315559,0.641659960670814,0.6389459621025221,18.6,11.4,47.8,58.6,120.20103249402945,116.56485591753228,236.76588841156172,3.6361765764971636,124.0,102.0,226.0,22.0,1
401810001,2025-11-02T00:00Z,2026,BOS,10,6,4,2,4,0,0,114.27066027861643,125.33075194090975,108.11252261497724,114.59683510898309,6.158137663639174,10.733916831926646,99.18333333333332,97.7948275862069,0.5285217142116562,0.56644916379514,0.5579887481222169,0.6213352106675615,0.11633205536907502,0.157494647306847,0.30129541178173397,0.37203247240381526,0.7032033672864011,0.7459467260432129,0.530494097925169,0.5742757771713337,13.0,15.75,39.333333333333336,53.5,112.70474583927678,114.9580672526348,227.66281309191157,-2.253321413358023,101.0,128.0,229.0,-27.0,0
401810013,2025-11-04T00:30Z,2026,BOS,26,7,6,2,2,0,0,112.3173673190645,112.92932147287826,110.88073936150012,116.52093070969791,1.4366279575643688,-3.591609236819627,99.35714285714285,102.02578616352201,0.5182058521259411,0.5167972823729975,0.5462840422387801,0.5737911076911587,0.11394198940570688,0.16959034046288854,0.2946168464622655,0.32982181228964685,0.6951827181782598,0.7495478432978433,0.5404235125072877,0.7185952918141622,13.0,14.333333333333334,40.0,49.333333333333336,115.21031682284001,112.67881398780074,227.88913081064075,2.5315028350392765,103.0,105.0,208.0,-2.0,0
401810029,2025-11-06T00:30Z,2026,BOS,27,8,7,2,2,0,0,111.42887107221004,104.67460734133927,110.42718422425438,118.2600376321074,1.001686847955646,-13.585430290768148,99.17499999999998,105.92695417789756,0.5131211318461535,0.5290589007656209,0.5432346536999135,0.5534390926580459,0.11246737147565235,0.16184546436042377,0.2827897406544823,0.2110548760057809,0.6875531710889041,0.7675949931588357,0.5438165193898227,0.6214142020983371,13.75,17.857142857142858,40.0,44.857142857142854,117.77411007061053,110.29449449317515,228.0686045637857,7.479615577435382,136.0,107.0,243.0,29.0,1
401810071,2025-11-13T00:30Z,2026,BOS,29,10,12,1,1,1,1,114.46087886899389,109.5814710799284,110.65353579114576,113.56509735273703,3.807343077848144,-3.9836262728086185,98.77,103.03,0.5237334285069297,0.5193445984033873,0.5511251285058575,0.5646024762058282,0.11142235987538045,0.14132328104722516,0.2939299222576122,0.22483194640832482,0.7153988704600149,0.7792467631365125,0.5807125007655847,0.7326065262494688,13.4,16.1,40.4,45.8,111.58793185374735,107.77530413746322,219.36323599121056,3.8126277162841262,131.0,95.0,226.0,36.0,1
401810088,2025-11-16T20:30Z,2026,BOS,12,10,12,3,1,0,1,116.8814983104044,109.6289200180374,108.84611653697193,116.67080178093431,8.03538177343248,-7.0418817628968995,98.22999999999999,98.20379310344826,0.5343126247244239,0.5491518958755865,0.5599008292045531,0.5878790428137275,0.111040084949495,0.1659743743886089,0.30983901316670315,0.23391797224482785,0.7303483654095099,0.7376381554952983,0.6062125007655845,0.5908452805589602,13.4,10.4,40.8,48.2,114.6939104874412,104.07100931261887,218.76491980006006,10.622901174822331,121.0,118.0,239.0,3.0,1
401809791,2025-11-22T00:30Z,2026,BOS,17,10,14,3,3,0,0,116.07349486464518,108.2352168946758,111.57219968482791,118.23663061133229,4.501295179817262,-10.00141371665651,97.81,99.60999999999999,0.5355819144536011,0.5066716345261859,0.5607777262535547,0.5549355466500323,0.1158058836704869,0.14924152272947047,0.2971683833532161,0.23786469162151205,0.727539951073876,0.714068035641043,0.6069063623290114,0.6805941401220039,13.7,10.9,41.2,41.4,115.64376242866868,108.48595045281405,224.12971288148273,7.157811975854628,105.0,113.0,218.0,-8.0,0
401810132,2025-11-23T23:00Z,2026,BOS,19,10,17,1,1,1,1,116.02309163883874,117.13055163248548,112.4559362439677,110.74972581619602,3.5671553948710253,6.380825816289461,97.49,99.91377358490567,0.5378646427264284,0.5447670506113693,0.5640945933869297,0.6026964278639682,0.11926690517586325,0.14449309509904718,0.2922924968283934,0.26783359825429087,0.7323052426812728,0.7645782697444027,0.6049583103809595,0.6456275403573924,12.6,19.5,43.2,49.8,108.55708903685418,109.90400474697384,218.461093783828,-1.34691571011966,138.0,129.0,267.0,9.0,1
401809802,2025-11-26T22:00Z,2026,BOS,8,10,17,3,1,0,1,120.16086154686097,118.74684059462145,112.97853719817556,109.4122731398501,7.182324348685398,9.334567454771369,97.17,101.90754716981132,0.5609835747652634,0.5840048518246365,0.5871278333319344,0.6129804353035553,0.11445077873512415,0.1494504964171404,0.28805007258596915,0.28148138399914224,0.7300993603283317,0.7540519421425099,0.599675291513035,0.6161564559093101,13.9,16.7,45.2,59.8,114.25714137378793,111.86845058287066,226.12559195665858,2.3886907909172663,117.0,114.0,231.0,3.0,1
401810175,2025-12-03T01:00Z,2026,BOS,18,10,19,3,3,0,0,120.3974113060402,118.53628326829035,114.55260209852727,112.11532820361731,5.844809207512915,6.420955064673043,96.97,101.66,0.566373046366224,0.5596268185850761,0.5942037628557958,0.5925742280140002,0.12706757145323427,0.1317786216354983,0.3037960964529741,0.28780966351724446,0.732100172682091,0.7643154272920797,0.5868292619319992,0.6182504450245461,13.9,14.8,43.0,50.2,115.46001362200818,115.74611325102747,231.20612687303566,-0.2860996290192901,123.0,117.0,240.0,6.0,1
401810193,2025-12-06T00:00Z,2026,BOS,13,10,21,1,1,1,1,126.00309325229709,120.08260272345834,115.27119074250216,114.96604775659887,10.731902509794946,5.116554966859427,97.25999999999999,100.55,0.5939110799341102,0.5892526427746482,0.6200287943397738,0.6327801510374194,0.12157116892865419,0.1528859655416711,0.31688586724501183,0.24608549949853745,0.7238328355775447,0.7725123113819434,0.5694898817354762,0.5908774278160174,15.9,15.1,47.2,52.0,115.59030652370156,112.8966846723415,228.48699119604305,2.6936218513600636,126.0,105.0,231.0,21.0,1
401836803,2025-12-16T00:00Z,2026,BOS,8,10,25,4,3,0,0,124.50729429604903,117.34204281805637,117.7049245802503,111.78877175668535,6.8023697157987115,5.553271061371015,97.1,102.96,0.592706964669421,0.5602385559677594,0.6203015169219404,0.60146012783256,0.1258433339939265,0.16554172635276573,0.2943495809587255,0.30717656295764617,0.7301995995768863,0.7594052536191328,0.5522785104013428,0.5992087056318169,16.5,16.2,45.2,55.2,118.1834774362751,117.55874074426308,235.74221818053817,0.6247366920120214,105.0,112.0,217.0,-7.0,0
401810236,2025-12-20T00:00Z,2026,BOS,14,10,27,4,1,0,1,124.24052600336611,107.8792049095056,117.31620506805515,109.30562164238646,6.924320935310908,-1.4264167328808521,97.34,103.67999999999999,0.5923682112818871,0.5231899161268132,0.6216274652951601,0.5598608104002282,0.12551304944108096,0.13307372520481348,0.28577114958617655,0.21852012079312924,0.7205470899243767,0.7641436467152353,0.5372409164163802,0.6188086028099834,17.3,17.0,43.8,52.8,117.36861649937293,109.77679468569646,227.1454111850694,7.591821813676475,129.0,116.0,245.0,13.0,1
401810258,2025-12-23T00:30Z,2026,BOS,11,10,28,2,2,0,0,122.32434007675037,111.78468127444607,113.69813783283821,113.74304510086631,8.626202243912164,-1.9583638264202434,97.7,99.58999999999999,0.5875407910702984,0.5307843172336014,0.6158281842157555,0.5676697157643221,0.13408304238882818,0.1260921658804969,0.2934715579248827,0.22797606171302048,0.7486962338600892,0.7350868479921013,0.5261842223656445,0.5914936853024002,15.7,13.2,44.8,44.4,116.43433605422999,111.21376345419029,227.64809950842027,5.220572600039702,103.0,95.0,198.0,8.0,1
401810358,2026-01-06T00:30Z,2026,BOS,4,10,35,2,2,0,0,121.165629648953,115.6654077863338,112.66989732398028,115.38165359132759,8.495732324972701,0.2837541950061798,98.60999999999999,104.1,0.5728068157749271,0.5682659345512404,0.6055462752890145,0.5946073802556139,0.12809338212989568,0.12800558771627352,0.27720656075772443,0.22622657584377898,0.7626914727402055,0.7985120068473326,0.5243557257859226,0.7279126202291244,11.6,17.4,45.2,56.8,119.87624946409319,115.71462424727942,235.5908737113726,4.161625216813775,115.0,101.0,216.0,14.0,1
401810375,2026-01-08T00:00Z,2026,BOS,7,10,36,2,2,0,0,122.62882278430791,118.21657042805334,111.14965405118645,120.99866978175623,11.479168733121453,-2.782099353702905,98.59000000000002,100.24396226415095,0.5762159066840181,0.5683108684307765,0.6069422989599198,0.609650402737641,0.12194382186050053,0.12551675317361827,0.2840215325091368,0.21036124353853253,0.76382050499827,0.719306717819533,0.5237955016962867,0.6504115737933168,11.7,15.8,45.8,47.8,121.10354915847628,114.01448805693985,235.11803721541614,7.08906110153643,110.0,114.0,224.0,-4.0,0
401810387,2026-01-10T00:00Z,2026,BOS,28,10,38,2,2,0,0,123.68516996824883,109.72253065559217,111.92105835371561,108.35092610861389,11.76411161453321,1.3716045469782618,98.13000000000001,99.29264150943398,0.5769347770306161,0.5069940909846945,0.6051537030307893,0.5418759158125227,0.12365781288100772,0.1178282044986727,0.3071832972150192,0.2648512433317063,0.7651192062969713,0.7564666544798921,0.5188995408639733,0.6686035451896111,11.0,18.0,46.8,52.4,114.52294753257762,109.39365703962224,223.91660457219984,5.129290492955377,125.0,117.0,242.0,8.0,1
401810400,2026-01-11T01:00Z,2026,BOS,24,10,38,1,3,1,0,124.538127991984,114.29057573515584,113.17296434882658,109.80487104687458,11.365163643157421,4.48570468828123,97.14999999999999,102.34,0.5725403279137112,0.5181960400136199,0.6010102814591476,0.5641593680290501,0.11890996897494807,0.1176737077694103,0.3195488886128687,0.25905105327753464,0.7724437677004802,0.7856258210515883,0.5216558271308978,0.6161472976398007,11.6,14.8,48.8,54.0,113.3665308297851,113.44175402838414,226.80828485816926,-0.07522319859903348,95.0,100.0,195.0,-5.0,0
401810476,2026-01-22T00:30Z,2026,BOS,11,10,44,2,2,0,0,120.35318832993262,107.62817513881535,111.60248782530357,112.58933335969209,8.750700504629043,-4.961158220876742,96.50999999999999,102.67,0.5557360948641513,0.5437354309734356,0.5849874989962683,0.5713791860301894,0.12076831167683837,0.15086916855539376,0.3002590896754725,0.19745000833040602,0.7895830020056069,0.7798871543297372,0.5272295431900512,0.7063291128421587,10.8,11.2,45.6,45.4,115.99372867534862,109.16590862298301,225.15963729833163,6.82782005236561,119.0,104.0,223.0,15.0,1
401810515,2026-01-27T01:00Z,2026,BOS,22,10,46,2,3,0,0,114.98386336114795,113.72036401957784,110.92627318555245,109.7686091579781,4.057590175595545,3.9517548615997145,97.12172413793103,101.41,0.5392944620699007,0.5447533390875041,0.5694406828665256,0.5824388632901296,0.12246757037051767,0.1554308256915132,0.2754011586627184,0.27686829442945343,0.7653260179482719,0.7335752624934833,0.5536344276138035,0.5718639101114185,9.5,13.8,47.4,47.8,111.55123968371264,111.49871051530698,223.04995019901963,0.05252916840565547,102.0,94.0,196.0,8.0,1
401810528,2026-01-29T00:30Z,2026,BOS,1,10,48,2,3,0,0,113.39594947983032,110.61166426076291,108.1166914435948,109.75455266874015,5.279258036235542,0.8571115920227392,97.80172413793103,103.99000000000001,0.5366921228886141,0.5428893510336497,0.5673901579321424,0.5685209445238717,0.12444080558608991,0.1298651854909252,0.25387338088494066,0.21364960647580306,0.7664082690305232,0.7848091108675869,0.5779635868266837,0.7162389973746474,10.2,19.1,46.6,48.4,112.5748114270128,110.34393003859252,222.9187414656053,2.2308813884202863,106.0,117.0,223.0,-11.0,0
401810544,2026-01-31T00:30Z,2026,BOS,23,10,49,2,1,0,1,111.16070869453202,114.41788328478609,107.86169615120018,118.63569893909066,3.299012543331822,-4.217815654304574,98.00172413793105,98.96,0.5268703483826087,0.5666980617164616,0.5570343899914914,0.6020825975998543,0.13042120799917356,0.1647714845942895,0.25972484375065713,0.26831920733522563,0.7671691385957404,0.730581026714257,0.5683891187415775,0.6188936804848846,8.8,12.0,44.2,49.0,113.15274162055285,106.16788032543768,219.32062194599052,6.9848612951151665,112.0,93.0,205.0,19.0,1
401810557,2026-02-01T20:30Z,2026,BOS,15,10,46,1,2,1,0,113.46605653448664,108.00782363930784,107.60575558345734,118.47494425054147,5.860300951029309,-10.467120611233607,97.55172413793102,98.57999999999998,0.5322466924686303,0.548357497947708,0.5628853632366382,0.570955838232576,0.12768681915556865,0.13606888274361992,0.2721596263593528,0.18155962444344986,0.755653987080589,0.7525181511177272,0.5700181914232816,0.6752169236329859,9.6,12.0,44.4,43.4,110.31564682694358,105.72165760127828,216.03730442822186,4.593989225665297,107.0,79.0,186.0,28.0,1
401810596,2026-02-07T00:30Z,2026,BOS,14,10,52,2,3,0,0,114.51865227380961,113.64875104037014,104.88702617105507,110.70602052289817,9.631626102754542,2.9427305174720173,95.47172413793103,107.15,0.529178792675187,0.519315631563763,0.555249906122594,0.560855124958693,0.12359506483826446,0.13302206644388523,0.289357693992203,0.28605055369614246,0.7413010824303503,0.7781895067975306,0.5853140632071613,0.673071960070367,9.0,19.2,43.6,57.2,114.08852880117576,110.70023991100439,224.78876871218014,3.388288890171367,98.0,96.0,194.0,2.0,1
401810612,2026-02-08T17:30Z,2026,BOS,18,10,53,1,1,1,1,114.09306254540058,114.54415948830558,104.14564069036953,101.80293522595964,9.947421855031056,12.741224262345948,95.38172413793104,97.14965517241379,0.5292074788484514,0.5540686226160366,0.5537768010583287,0.5795399504170694,0.12584617271913026,0.1408409202259131,0.2878118002723963,0.28254093908923733,0.7425244866856696,0.7956693568218401,0.5944915523846505,0.654980539596622,8.8,15.6,44.6,46.4,100.79937902837007,102.10377350854723,202.9031525369173,-1.3043944801771659,89.0,111.0,200.0,-22.0,0
401810633,2026-02-12T00:30Z,2026,BOS,4,10,54,4,2,0,0,111.92609550568662,109.20839530361081,105.79323732312851,119.5555435593564,6.132858182558104,-10.347148255745598,94.55172413793103,103.55,0.5154228938682144,0.5417362296386132,0.5388076367991036,0.5777607408199026,0.12083624265767039,0.1554010525833129,0.2816687550771352,0.21995870973968387,0.748133869653543,0.7789001220741555,0.6020545775947346,0.6608319602071606,8.5,15.6,45.0,44.6,114.64227951264817,106.48048528956775,221.12276480221593,8.16179422308042,124.0,105.0,229.0,19.0,1
401810714,2026-02-28T00:30Z,2026,BOS,17,10,58,2,1,0,1,112.60186762065584,105.89292794140371,103.0026756506187,116.22478369093872,9.599191970037129,-10.331855749534991,93.70000000000002,100.57000000000001,0.5179315973986389,0.5231340797173458,0.5442561709769238,0.5537425867282513,0.13542465604484893,0.15952735589718517,0.3111379171558809,0.24726179634208262,0.7806827579641566,0.7499515908250209,0.6263072929461015,0.6862525061313386,8.0,13.2,45.4,49.8,111.1353838757587,98.41171110631883,209.54709498207754,12.723672769439872,148.0,111.0,259.0,37.0,1
401810729,2026-03-02T01:00Z,2026,BOS,20,10,59,2,3,0,0,116.00628973310708,113.44820833611357,105.69707575640184,114.66786178060318,10.309213976705243,-1.2196534444896219,94.4,102.00999999999999,0.5459834368635218,0.5287315233256172,0.5718399088611196,0.5776575734603642,0.13669027558450345,0.1406820448466057,0.3037949219867988,0.24568939385144536,0.7842634533455786,0.7371575318386463,0.6408476306571711,0.5584337731120252,8.1,18.9,46.0,50.2,113.26677524701958,107.60581312152738,220.87258836854696,5.660962125492205,114.0,98.0,212.0,16.0,1
401810749,2026-03-05T00:30Z,2026,BOS,30,10,62,2,1,0,1,116.16309701265168,120.92015811001424,104.49315525969944,109.6750611356111,11.669941752952237,11.245096974403157,94.09,97.05999999999999,0.5427968445815348,0.5672044044225302,0.5695704840842377,0.6015654257991688,0.13797837129972665,0.16470990356352241,0.31713678046932225,0.3447380718071772,0.7942987038094005,0.7752827033432623,0.6598439115774271,0.6757212583946501,8.4,10.3,44.2,37.4,107.92240982510106,104.48780551275534,212.4102153378564,3.434604312345712,89.0,118.0,207.0,-29.0,0
401810763,2026-03-07T00:00Z,2026,BOS,6,10,62,2,1,0,1,115.41549116257609,107.79815833048542,107.08511374097625,117.26684747386405,8.330377421599838,-9.468689143378622,93.89000000000001,101.97999999999999,0.5394815944308415,0.5213673093430471,0.5681926569126049,0.5625254805701091,0.13834289037945266,0.1514127662576415,0.3101991110926285,0.22453089136308496,0.7921710442349322,0.7395075812870658,0.6712724830059984,0.5835418802527842,9.0,14.7,43.8,53.0,113.93872417179882,102.06627726404521,216.00500143584404,11.872446907753613,120.0,100.0,220.0,20.0,1
401810826,2026-03-14T22:00Z,2026,BOS,27,10,65,1,2,1,0,115.6190715455147,110.63664392828609,108.25232573803464,125.50687771713838,7.366745807480074,-14.87023378885226,93.94000000000001,103.05943396226414,0.534613335469466,0.5481257260791921,0.5679975048130256,0.5790940082477082,0.1303031458286803,0.1540180641065459,0.2898816136865161,0.21719961482221342,0.785699491863534,0.6951772622304706,0.652111806084281,0.5512793199118924,9.7,11.6,38.0,46.2,115.19156313201398,107.802507812121,222.994070944135,7.389055319892989,111.0,100.0,211.0,11.0,1
401810841,2026-03-16T23:30Z,2026,BOS,21,10,67,2,3,0,0,115.73955814183496,113.58096626553012,109.10880985438958,111.89577768298663,6.6307482874453925,1.6851885825434791,95.07000000000001,95.36000000000001,0.5383088646149103,0.5439396853827289,0.5737431314691601,0.5721760704195188,0.13293447621866938,0.1437439177287504,0.2826564363815516,0.2789844874103619,0.7844494918635341,0.704629989649465,0.659685618664512,0.6103584787463169,9.5,14.5,39.6,35.2,108.37149250280194,106.01703516629078,214.38852766909272,2.3544573365111603,120.0,112.0,232.0,8.0,1
401810854,2026-03-18T23:00Z,2026,BOS,9,10,68,2,2,0,0,119.26170774241594,113.86258766102465,109.81211586815309,117.91294940764305,9.449591874262838,-4.050361746618411,95.27000000000001,97.6745283018868,0.5555151899161151,0.5309610017743458,0.5928512433716571,0.5609533751197759,0.13263188604679818,0.1399109533350072,0.28487732473689376,0.29812875569296843,0.790351765690336,0.6964609529556227,0.6771038326344502,0.7089690096078751,9.9,10.8,40.8,49.8,114.40388087244963,107.89202541375394,222.29590628620358,6.511855458695692,120.0,99.0,219.0,21.0,1
401810890,2026-03-23T00:00Z,2026,BOS,16,10,71,2,2,0,0,115.6660969911929,113.90357039201243,109.17586769324683,115.24908127264769,6.49022929794608,-1.3455108806352511,96.05,101.28,0.5285570845139452,0.5584054380954788,0.5706811969295497,0.6027779457373821,0.1334701345211952,0.16260567512275562,0.2897686290847198,0.2597659788684651,0.7879189272315167,0.7146278900295535,0.634026909557527,0.593131639150345,10.0,14.6,41.8,48.6,113.91623031700914,110.05066379341051,223.96689411041964,3.8655665235986305,92.0,102.0,194.0,-10.0,0
401810909,2026-03-25T23:30Z,2026,BOS,25,10,72,2,2,0,0,112.84947335378615,115.55728229624893,110.37665297723996,104.64454639256883,2.4728203765461947,10.912735903680067,97.05000000000001,100.39,0.5153991897771031,0.5541332325192296,0.5608086035754568,0.5925835810507831,0.13223752551373683,0.12004738945730849,0.2753207446677951,0.22364421887897099,0.7852965496091391,0.7541645435809567,0.608417153459966,0.6049932614117424,10.7,13.0,43.4,45.6,107.35504814680081,111.5209904509941,218.87603859779492,-4.165942304193294,119.0,109.0,228.0,10.0,1
401810922,2026-03-27T23:30Z,2026,BOS,1,10,73,2,2,0,0,115.64444368819822,119.40689863375772,109.00158555544922,108.1921461721266,6.642858132748998,11.214752461631118,97.38,102.29622641509435,0.5291200836667734,0.5726542410227918,0.5735851298879729,0.6031961135850918,0.1285192137553765,0.1428231823215032,0.2717905777871789,0.3019670964533786,0.798700804928288,0.7815856152159247,0.6142066271441766,0.6524615414045436,10.2,18.9,43.6,55.4,111.73711399233206,114.01936051023145,225.7564745025635,-2.282246517899395,109.0,102.0,211.0,7.0,1
401810987,2026-04-05T19:30Z,2026,BOS,28,10,77,1,1,1,1,121.00848129793607,119.01554241190232,110.97558993916068,112.96184036127988,10.032891358775395,6.053702050622431,97.00999999999999,101.00000000000001,0.5634890205135481,0.5907997800596992,0.6031154479584995,0.6144611986875776,0.12672621632321734,0.1402644289966573,0.27905909541543544,0.2511946737305418,0.7961977548350906,0.7260591401303108,0.5941024677077309,0.7545897751421007,11.0,20.1,46.4,60.8,112.34652372497277,110.4358194833224,222.78234320829517,1.9107042416503646,115.0,101.0,216.0,14.0,1
401811004,2026-04-08T00:00Z,2026,BOS,30,10,79,3,3,0,0,120.12840547601911,124.29194520947506,109.52274682242037,107.76845354645681,10.605658653598741,16.523491663018213,97.32000000000001,97.22999999999999,0.5620685659680935,0.5894192260995579,0.5983137211416442,0.6217460320691417,0.130269085657601,0.1478685660219441,0.29090329255375025,0.33413351113862366,0.8009211016637006,0.7927591291000494,0.5678067775822535,0.6207822257570401,11.5,14.6,50.0,44.8,110.84333480705672,113.72162083701315,224.56495564406987,-2.8782860299564277,113.0,102.0,215.0,11.0,1
401811029,2026-04-10T23:30Z,2026,BOS,3,10,80,1,2,1,0,120.36242996525041,110.21184035137642,111.85910335179537,117.51939472234191,8.503326613455027,-7.307554370965507,95.64000000000001,101.92999999999999,0.5694674949145353,0.5287533020048334,0.6007311118907681,0.5667827511079612,0.12854483755024937,0.13283913242810066,0.2818167174202643,0.22303679680180596,0.8001644946730784,0.7125035072528367,0.5819958840694015,0.6009786428078058,12.1,17.8,47.6,57.6,113.97090685105447,109.68639086858913,223.6572977196436,4.2845159824653365,144.0,118.0,262.0,26.0,1
401811041,2026-04-12T22:00Z,2026,BOS,19,10,81,2,1,0,1,124.5834260993194,113.94592491989056,112.64617687955126,114.8288936123258,11.93724921976813,-0.8829686924352395,96.38,104.71999999999998,0.598212012458395,0.5445979759147456,0.6262116418203335,0.5969474833560213,0.13058477299295476,0.1618038577612312,0.28208662295332776,0.25121006886173725,0.7946699891785727,0.7776285778235914,0.599303576377094,0.6791119481590784,13.0,12.4,46.6,50.2,120.3645437350296,110.50160380427927,230.86614753930888,9.86293993075033,113.0,108.0,221.0,5.0,1
401810004,2025-11-02T23:00Z,2026,BKN,20,5,5,4,2,0,0,113.26770254219153,120.50828341975736,127.37874998993348,116.46945547283542,-14.111047447741967,4.038827946921964,100.48,101.5377358490566,0.5391719672668951,0.5574712874238814,0.5766546327429092,0.6037775044056237,0.15653701899433328,0.1313746486626836,0.28482700091395746,0.27524116846026275,0.7008031750916002,0.6995890790806805,0.602382945673579,0.6250803007510324,6.4,16.8,42.0,44.4,116.02745125648173,125.19394308941298,241.2213943458947,-9.166491832931257,105.0,129.0,234.0,-24.0,0
401810011,2025-11-04T00:00Z,2026,BKN,16,6,6,2,3,0,0,110.80626243744229,114.41166848571955,126.31781385965375,115.76853292052895,-15.51155142221149,-1.3568644348094292,101.5,101.08333333333333,0.5271488005612405,0.5663283100423125,0.5659613804681083,0.6016779818879953,0.16015358212004321,0.14448509888665226,0.2855039822431127,0.22483129929513837,0.7041576846693568,0.7483752970885323,0.5917293778049055,0.5731378543327168,9.333333333333334,12.0,45.0,49.333333333333336,114.75069323233917,121.91945241283383,236.67014564517302,-7.168759180494661,109.0,125.0,234.0,-16.0,0
401809773,2025-11-08T00:30Z,2026,BKN,8,8,8,2,2,0,0,110.52989869636058,112.99434768779139,123.16354650360242,108.52336168912962,-12.633647807241873,4.470985998661776,101.3375,102.5,0.5168503644658742,0.5218612447681126,0.557943650296891,0.559434705719242,0.15229394565415946,0.14448769399849354,0.27860167089286086,0.3091872710013833,0.6902914661163967,0.7254394934956576,0.6208803666870125,0.6024326252334341,9.25,17.5,43.0,58.25,111.6281724095684,120.34458689309561,231.97275930266403,-8.716414483527203,107.0,125.0,232.0,-18.0,0
401810062,2025-11-12T00:30Z,2026,BKN,28,10,10,3,3,0,0,109.15263239600571,115.61622310995146,124.75837843487655,113.55309354781255,-15.605746038870823,2.0631295621389256,100.84,103.13,0.5153857793775775,0.5615922986549781,0.5578018660978887,0.5975682488749475,0.16128375857699315,0.1394931277136462,0.2740946835292533,0.2245994832211508,0.6794261553492578,0.7069435064203661,0.6368112452212678,0.6858626343998275,9.0,21.5,41.2,50.4,113.56321730190152,122.57301869274642,236.13623599464793,-9.009801390844899,109.0,119.0,228.0,-10.0,0
401810105,2025-11-19T00:30Z,2026,BKN,2,10,14,3,3,0,0,109.38397697643379,116.93336553032142,120.8825031817025,111.86546896197703,-11.498526205268705,5.067896568344388,99.53,98.11,0.5142864955585171,0.528845072348338,0.5602367702933945,0.5546225018484778,0.1493664121967165,0.10496906937232338,0.24766861319013941,0.3068760502037401,0.712062804603554,0.727156319360321,0.658495100949794,0.6083864138090629,8.9,14.2,42.4,41.6,109.31935123816878,117.50482073061102,226.8241719687798,-8.185469492442238,99.0,113.0,212.0,-14.0,0
401810140,2025-11-25T00:30Z,2026,BKN,18,10,15,2,3,0,0,109.9419384389141,121.59361700847846,117.37560571943966,113.59649108246931,-7.433667280525586,7.997125926009174,98.47,102.67,0.523296312693547,0.5670247803497165,0.5710280055195558,0.5995229202026016,0.14921169180767735,0.1276504424006611,0.2230638037771459,0.3029098181891054,0.7250305679407846,0.7568206237202033,0.7070552952459498,0.6444605602527151,10.3,16.5,39.6,51.2,112.40629928482765,120.16567364873363,232.57197293356128,-7.759374363905977,100.0,113.0,213.0,-13.0,0
401809812,2025-11-29T00:30Z,2026,BKN,20,10,17,4,3,0,0,109.30792180962035,110.43425182639092,116.4697259345489,116.18865243850996,-7.161804124928577,-5.754400612119065,98.2,101.3588679245283,0.5220823129518448,0.5274836391381571,0.5698190658497405,0.567731404996742,0.14743895882227595,0.15280000290165163,0.21914443087680996,0.2781363813133278,0.7414194568296735,0.7579575883629416,0.695186608377263,0.6185795882659995,10.8,16.7,39.0,50.8,112.49960269454057,113.20175232386374,225.7013550184043,-0.7021496293231735,103.0,115.0,218.0,-12.0,0
401810167,2025-12-02T00:30Z,2026,BKN,30,10,20,2,3,0,0,108.79709570708835,111.21341164832987,118.02125747547896,116.87256495750248,-9.224161768390626,-5.659153309172622,97.07000000000001,99.96264150943395,0.5237472289182313,0.5087809210251366,0.5680787583217887,0.5540651552791757,0.15338885878879455,0.13781863586253476,0.22719077853893116,0.27576706302075116,0.7486929067501823,0.7504343934757273,0.6721473926909886,0.6058732148626195,10.1,9.2,38.8,50.4,111.16072337320485,112.91678095751286,224.07750433071772,-1.7560575843080102,116.0,103.0,219.0,13.0,1
401810190,2025-12-05T00:30Z,2026,BKN,26,10,20,1,3,1,0,109.97085164216469,115.93634835679879,112.22108593949865,121.64588895626753,-2.2502342973339546,-5.709540599468731,98.02,105.28310344827587,0.5413618621959743,0.5601743413213642,0.5783083192442404,0.5983123332951812,0.15178232479979037,0.15498961235405528,0.22417737794257858,0.27422723475355054,0.7762870095159098,0.7450496654836564,0.6892025835221889,0.735217710436746,13.1,14.5,39.8,52.0,114.18937527252118,115.9627861680834,230.15216144060457,-1.7734108955622219,110.0,123.0,233.0,-13.0,0
401810205,2025-12-06T22:00Z,2026,BKN,3,10,23,1,1,1,1,110.91260893222697,112.65572073239555,113.74698167203128,119.76524349771125,-2.834372739804304,-7.109522765315704,98.28,102.87471698113207,0.5424374993568403,0.5262915496419567,0.583001039119873,0.5684617397685255,0.16264883485263457,0.13402846721744444,0.2407781684564126,0.26168357192028285,0.7737983217331044,0.7528182910300801,0.6915334105898582,0.5666140404863529,12.9,16.3,39.4,60.0,112.52469993944698,110.43928095037042,222.96398088981738,2.085418989076558,119.0,101.0,220.0,18.0,1
401836800,2025-12-14T23:00Z,2026,BKN,15,10,26,1,2,1,0,110.37830774352199,113.05636989875646,112.95836220517299,116.17167251045635,-2.580054461651005,-3.115302611699872,99.02000000000001,98.64999999999999,0.5456396763619566,0.5882924229446505,0.5832914495546785,0.6127329875360895,0.1695327470550339,0.15401585442936744,0.2550403640885772,0.2021329680712661,0.7618137208531547,0.7455660777959416,0.6828477699893238,0.6712196302554718,12.2,13.8,42.4,41.2,108.59667639724945,111.69083023745934,220.2875066347088,-3.0941538402098843,127.0,82.0,209.0,45.0,1
401810228,2025-12-19T00:30Z,2026,BKN,14,10,26,5,3,0,0,111.37129350566602,109.4449341320005,110.26206823532372,111.01079215943814,1.1092252703422951,-1.565858027437658,99.37,104.10999999999999,0.5493914697622436,0.526658157355889,0.589383136141125,0.5625279864375412,0.16901976548049452,0.1315580180785453,0.252788111836325,0.2335898882349897,0.7750712966107304,0.7631867089161922,0.6840880800668433,0.6293777085010402,13.3,18.1,43.0,54.6,113.12576697783848,111.76495210425782,224.8907190820963,1.360814873580665,95.0,106.0,201.0,-11.0,0
401810252,2025-12-21T23:00Z,2026,BKN,28,10,29,2,0,0,1,109.59774692023825,106.97691903702055,108.551989535146,114.91089505251905,1.0457573850922317,-7.933976015498518,99.72,98.14641509433962,0.5391125581976177,0.5249954994777528,0.5740867326992357,0.5464876925181844,0.16240387312202792,0.16493927941790507,0.2513261235322314,0.27901597657385957,0.7708077307192573,0.702071366569062,0.6815316890893998,0.7221863650300723,13.6,18.0,43.6,48.6,111.05680036212019,103.41638628429793,214.47318664641813,7.640414077822257,96.0,81.0,177.0,15.0,1
401810304,2025-12-30T00:30Z,2026,BKN,9,10,32,2,2,0,0,112.05179250745441,112.69422470702168,102.63552065569188,107.9107049928892,9.41627185176255,4.783519714132508,100.35999999999999,101.89264150943396,0.5587039350343069,0.5382225288576405,0.5952715554045075,0.5750635049940338,0.1706866921079682,0.15608302931341594,0.24952637275005696,0.27953288249769914,0.7755931043281604,0.7281956697832512,0.7192961255622761,0.6997996902395285,15.3,10.9,46.8,44.0,111.21999038114188,108.87752448790648,220.09751486904838,2.342465893235399,107.0,120.0,227.0,-13.0,0
401810326,2026-01-01T23:00Z,2026,BKN,10,10,30,2,2,0,0,111.72155514935328,119.65487756123207,104.92138236879816,117.50059237566798,6.80017278055512,2.1542851855641167,99.85,96.16245283018867,0.5613081017009736,0.5727962416403078,0.5985873679679564,0.5994798354672055,0.1753822545434687,0.17555680456320194,0.2433732719748632,0.38001660160765693,0.775157184537402,0.7672300075635078,0.7036630506268755,0.5763819697812771,14.4,11.5,45.2,54.4,112.32598844845694,110.0493588907881,222.37534733924502,2.2766295576688407,96.0,120.0,216.0,-24.0,0
401810351,2026-01-04T20:30Z,2026,BKN,7,10,34,1,1,1,1,109.77262021762633,118.92441416886918,107.2042842363257,119.18397027920204,2.5683359813006215,-0.25955611033285686,99.1,100.80490566037736,0.5453594671887364,0.5735919471922474,0.5825928401100469,0.614497989418073,0.16657278922247368,0.12223304416604223,0.23609249750483893,0.2009479277837533,0.7436786826241175,0.7294113697252735,0.6736232452310329,0.6382940098079949,15.5,16.6,46.8,48.2,110.99114813720605,109.62027259535144,220.6114207325575,1.3708755418546161,127.0,115.0,242.0,12.0,1
401810376,2026-01-08T00:30Z,2026,BKN,19,10,37,4,1,0,1,111.0058191423575,112.94111144623484,109.00199929008913,116.81812321442752,2.003819852268362,-3.877011768192689,98.78,100.48603773584907,0.5439445691446249,0.5256882759017365,0.5853420619884345,0.5651322210966595,0.1568281655665597,0.12218457001213072,0.23431440362148193,0.23337348254992757,0.7492600779729547,0.7230984048983282,0.667759207867255,0.6625206047430303,16.2,12.6,45.4,53.2,113.49393573699257,107.24738137705044,220.741317114043,6.246554359942124,103.0,104.0,207.0,-1.0,0
401810390,2026-01-10T00:30Z,2026,BKN,12,10,36,2,2,0,0,110.55188319588129,119.86701815447864,107.88249764099552,113.36462786422487,2.6693855548857384,6.502390290253774,97.50245283018869,95.55999999999999,0.5404561970516017,0.5744389506467388,0.5803500173603752,0.6242995141194594,0.16128095349924093,0.14479519889646983,0.2403858321929105,0.24081909571007784,0.7301903105310943,0.7027924963260325,0.6649814300894773,0.5982416386060887,15.3,11.2,44.2,40.4,108.07467713610542,109.9247003759051,217.99937751201054,-1.8500232397996825,105.0,121.0,226.0,-16.0,0
401810442,2026-01-17T00:30Z,2026,BKN,4,10,40,2,2,0,0,110.87424163675988,111.231643276057,117.32554837534185,116.40261139934694,-6.451306738581996,-5.170968123289937,96.19245283018869,100.33,0.5279092470723438,0.5380333366133128,0.5619378541026007,0.5652619770312179,0.14461675329233997,0.13072306027255862,0.2695850161882887,0.2372974360639108,0.700946120325297,0.7727950947103652,0.6238137673428672,0.6946320590805882,13.5,17.3,46.4,53.2,111.66251157545507,112.29154978828106,223.95406136373612,-0.6290382128259893,112.0,109.0,221.0,3.0,1
401810465,2026-01-20T00:30Z,2026,BKN,21,10,42,1,2,1,0,109.2177137609287,112.15775394606138,117.99069423921985,106.96332687333503,-8.772980478291144,5.194427072726311,96.19245283018867,99.85999999999999,0.5190681133065111,0.5277871072975573,0.5503977282140846,0.5620924980439488,0.13838077203401972,0.13810651427197934,0.2613718937557959,0.2713243917678672,0.7109107151325353,0.7196735779502281,0.6569026210266864,0.6063172627989081,13.0,17.0,44.8,40.2,102.77834643394547,112.80291945446491,215.58126588841037,-10.02457302051944,117.0,126.0,243.0,-9.0,0
401810492,2026-01-24T00:30Z,2026,BKN,2,10,43,2,2,0,0,109.07986792197593,119.6500348818985,120.10989530060681,110.87199904741473,-11.030027378630892,8.778035834483763,95.08245283018866,97.01,0.5206815605958387,0.549936721823399,0.5500192284393055,0.5818773839392506,0.1325890789788713,0.12305096302227118,0.24610574146836703,0.31557584990001136,0.7385727319881006,0.7836593512816052,0.6786479893755107,0.5275542185147264,11.3,10.6,41.0,45.4,105.62773407682403,115.14018269788058,220.7679167747046,-9.51244862105655,126.0,130.0,256.0,-4.0,0
401810574,2026-02-04T00:30Z,2026,BKN,13,10,48,3,2,0,0,104.18335142073973,115.6565817398679,122.14668454333682,116.99840545045095,-17.963333122597128,-1.3418237105830433,94.53172413793102,99.13000000000001,0.5000021119734945,0.5691962056529088,0.5409552920486481,0.597160839023911,0.15457535904773662,0.13081820293733026,0.23223809656759817,0.21992110386847225,0.8021547043747572,0.7284259763784097,0.7075797315812338,0.5832107154872918,10.2,17.7,39.6,50.0,107.08610095882864,115.13347638509238,222.219577343921,-8.047375426263741,109.0,125.0,234.0,-16.0,0
401810602,2026-02-07T20:00Z,2026,BKN,27,10,50,1,1,1,1,102.41230652425807,109.5493093086347,121.88495135914559,115.39233479913132,-19.472644834887546,-5.843025490496616,95.54172413793103,101.41,0.49325569909638334,0.5199598216936258,0.5332938326541459,0.5501401028366305,0.16706082213042256,0.14921441243950073,0.25129081236071354,0.28893527550816556,0.7862648362323783,0.7173502877237384,0.6707426539701623,0.6297740029335321,11.2,14.7,42.0,47.0,104.0252241121716,110.53483840803369,214.5600625202053,-6.509614295862093,127.0,113.0,240.0,14.0,1
401810617,2026-02-10T00:30Z,2026,BKN,4,10,53,3,2,0,0,102.25942453495762,110.18104278004216,119.35049558080705,119.32584147207481,-17.091071045849407,-9.144798692032651,96.44172413793103,103.05000000000003,0.495467067974419,0.5463554476299242,0.5323757227079369,0.582730141656148,0.17125961676513832,0.15046997617236915,0.265501338676503,0.20766403577253606,0.797751322718865,0.7867782129309697,0.6744499710433332,0.6845161707334764,10.8,16.1,44.6,43.6,110.51106689826246,114.47410582909366,224.98517272735612,-3.9630389308312033,123.0,115.0,238.0,8.0,1
401810634,2026-02-12T00:30Z,2026,BKN,11,10,54,2,1,0,1,106.29595152516308,111.89357951240545,116.82257256242079,117.10258235064516,-10.526621037257707,-5.209002838239727,98.20172413793104,102.11830188679247,0.5173456640618758,0.5510903504256123,0.5539315554922013,0.5828004349774945,0.17428978589884972,0.12951497740403778,0.28483605801122236,0.18492800022766728,0.7990679784134007,0.7585608949531857,0.6714548019612074,0.7201596313484318,12.6,13.4,49.2,47.4,111.87800029971746,111.10483192456674,222.9828322242842,0.7731683751507177,110.0,115.0,225.0,-5.0,0
401810688,2026-02-25T00:30Z,2026,BKN,6,10,56,3,3,0,0,102.30052885954379,109.51335394101247,114.30547497771481,118.22893954860997,-12.004946118171032,-8.7155856075975,100.38000000000001,104.07000000000001,0.504157087052814,0.5127806319990588,0.5378386844357949,0.5494109035929396,0.17082278537190146,0.11291092228461637,0.25013107618504665,0.2302037591190909,0.7750332343277172,0.7299869190718768,0.6921702672320265,0.5533239127667342,12.3,16.0,47.0,56.4,112.71812454011761,114.39939893108448,227.1175234712021,-1.6812743909668626,114.0,123.0,237.0,-9.0,0
401810706,2026-02-27T00:30Z,2026,BKN,24,10,59,2,1,0,1,102.23238712473538,118.36114582032602,116.24551025108342,104.72958604815555,-14.013123126348043,13.631559772170458,100.86000000000001,105.34,0.5074345260772042,0.5752086535254886,0.5420941059152257,0.602494534558903,0.169152644812872,0.1370805976396722,0.23400422058450684,0.27055333793082037,0.7590159183104012,0.7771786740567593,0.6936712053183306,0.6721501277678372,12.8,18.7,47.4,57.6,106.6888971706253,117.31153926866722,224.0004364392925,-10.622642098041922,110.0,126.0,236.0,-16.0,0
401810724,2026-03-01T20:30Z,2026,BKN,5,10,61,1,1,1,1,106.93154666068752,119.79582084440324,119.58180392964752,109.76889399014256,-12.650257268960011,10.026926854260655,99.82,99.25226415094339,0.5267607721738254,0.5677828871899473,0.5577261120775913,0.6048510917169121,0.15268101505736195,0.13593971926740692,0.2351704626627884,0.2947061453740183,0.7433263320258492,0.7096603313634777,0.6914721443742328,0.6382875271339845,13.1,12.7,48.8,54.4,104.6121898549546,115.5596059457997,220.1717958007543,-10.94741609084511,102.0,106.0,208.0,-4.0,0
401810787,2026-03-09T23:30Z,2026,BKN,29,10,62,2,1,0,1,104.2100401518828,114.16579756006395,120.82716125085851,116.47468428815758,-16.617121098975726,-2.308886728093628,98.6,103.28,0.5064360628406018,0.5606344493494765,0.5462140813557632,0.593963752073168,0.16183383000504853,0.1382695807914558,0.22563451181104804,0.2299608668452932,0.7182998201926146,0.6698022300184107,0.700848059271253,0.6924278044218366,12.4,19.0,47.2,51.6,111.37958042488839,115.0429179225164,226.42249834740477,-3.6633374976280066,126.0,115.0,241.0,11.0,1
401810792,2026-03-10T23:30Z,2026,BKN,8,10,63,1,2,1,0,107.98224738345166,110.92971028907468,120.72608357446052,109.86805444006055,-12.743836191008848,1.061655849014136,98.96,101.54226415094338,0.5292014448554768,0.5121131760988472,0.5690329551271389,0.5510723934337103,0.16915880590078997,0.1382273765943486,0.24482643100296725,0.3086313773388229,0.7110915822063446,0.748880214175678,0.6919828110443027,0.61058309444179,12.2,14.2,50.2,57.8,105.92273599683293,116.11877793330756,222.04151393014047,-10.196041936474629,100.0,138.0,238.0,-38.0,0
401810840,2026-03-16T23:30Z,2026,BKN,22,10,68,2,1,0,1,106.90307143605733,108.9140693856971,121.46212848481153,111.11194601610828,-14.559057048754227,-2.197876630411193,98.99999999999999,102.35,0.5283093518565791,0.5247479408325846,0.5728274600025258,0.5580154421126352,0.18052931047270687,0.16614393520858792,0.24268807453697586,0.30240897266984224,0.7259704666717723,0.7200898109196094,0.6771107706429976,0.6517172634899276,12.7,13.5,46.6,48.4,109.74330940998384,112.48665004497524,222.22995945495907,-2.743340634991398,95.0,114.0,209.0,-19.0,0
401810855,2026-03-18T23:30Z,2026,BKN,25,10,69,2,1,0,1,105.1153222833293,110.97856091830661,119.93988246103947,105.84983894250699,-14.824560177710179,5.128721975799631,99.23,100.53283018867923,0.518543216502516,0.5213843052463358,0.5639172218050964,0.5644801161137099,0.1821943657955128,0.1070409792500067,0.24259716544606671,0.19106999366496344,0.719245320472942,0.7447890729481734,0.6712718940724138,0.6049623702750717,12.8,11.8,46.0,43.0,105.35749419421019,111.86263534613946,217.22012954034966,-6.505141151929266,92.0,121.0,213.0,-29.0,0
401810871,2026-03-20T23:30Z,2026,BKN,18,10,71,2,3,0,0,102.3847525025503,118.73653118806388,116.138247592459,107.44420134154657,-13.753495089908691,11.292329846517294,100.03,97.94,0.5053959207602835,0.5599335781178418,0.5551753340152813,0.5913414459242037,0.19184283674105487,0.14702857086756332,0.24405020125302057,0.32082751362126644,0.7266031800047146,0.8010653125886862,0.6624507232624699,0.6702796970655918,12.3,15.9,44.0,51.8,103.84959498128964,116.24539988795028,220.09499486923994,-12.395804906660643,92.0,93.0,185.0,-1.0,0
401810939,2026-03-29T22:00Z,2026,BKN,23,10,75,1,1,1,1,100.05823558088471,113.22394652479701,116.26519975046104,122.46802560141148,-16.206964169576324,-9.244079076614451,100.08999999999999,99.53,0.495244637516004,0.5562188370421932,0.5402929800647697,0.583586082867751,0.17011849884535918,0.14191773863986476,0.1931490597140147,0.26302085127079566,0.7189807904513786,0.7573446299360933,0.6496646056856393,0.6436221977791746,12.7,10.8,41.6,51.8,107.72017872373416,111.0907616952075,218.81094041894167,-3.3705829714733397,116.0,99.0,215.0,17.0,1
401810955,2026-03-31T23:30Z,2026,BKN,30,10,75,2,2,0,0,101.67313370621832,119.16777663157684,112.16422548466494,108.925491336557,-10.491091778446613,10.24228529501986,100.12999999999998,98.32000000000001,0.5032071268595675,0.5664431327373924,0.5425745010652258,0.6009686083928896,0.16589146849592823,0.1545330398290382,0.2021371175392818,0.31463103410829596,0.7183925551572611,0.7763713817920086,0.6417828322866245,0.6066294322607091,13.6,13.6,43.8,42.6,104.48324284934691,114.76958954992044,219.25283239926733,-10.286346700573532,86.0,117.0,203.0,-31.0,0
401810977,2026-04-03T23:30Z,2026,BKN,1,10,77,3,2,0,0,100.68187612913063,118.125694542846,113.27613834735345,108.52582949832649,-12.59426221822282,9.59986504451953,99.97999999999999,102.34622641509435,0.4908022562355188,0.5689264855657002,0.5338561952886083,0.5994378270823553,0.16204163347356365,0.13112500837629448,0.20443131457032093,0.2766259259990263,0.7168743365337793,0.7500995730758461,0.635900479345448,0.664919081986625,12.9,19.1,43.6,50.2,105.82051404140823,117.04664908552579,222.86716312693403,-11.226135044117555,107.0,141.0,248.0,-34.0,0
401810988,2026-04-05T19:30Z,2026,BKN,27,10,77,2,1,0,1,101.37466982657068,110.68110239663318,116.53842415997482,126.57310926146438,-15.163754333404142,-15.892006864831217,100.27,103.73999999999998,0.5033822590800645,0.5513918766836864,0.5454212435549524,0.5761316711779475,0.1644518028945746,0.13424165129841878,0.18923523613894838,0.1912237531935088,0.7168743365337793,0.6982587220126988,0.6349389408839097,0.569398087952257,14.1,12.1,45.2,49.4,116.25906602937508,112.41100986107297,228.67007589044806,3.848056168302108,121.0,115.0,236.0,6.0,1
401811005,2026-04-07T23:30Z,2026,BKN,15,10,78,2,2,0,0,103.81562969183001,108.64798101094398,116.45360394239783,122.85299455868923,-12.63797425056779,-14.205013547745253,100.42999999999999,98.94,0.5171639715536374,0.5663178248996632,0.5589840410783229,0.5873402230097514,0.15818846749640542,0.18576410767267587,0.18023523613894837,0.23510324070111577,0.7152661493992765,0.7268940143346945,0.6448050437732683,0.6155303891119038,14.8,10.1,46.0,35.6,112.97730904206506,112.1962574803694,225.17356652243444,0.7810515616956621,96.0,90.0,186.0,6.0,1
401811022,2026-04-09T23:30Z,2026,BKN,11,10,79,2,2,0,0,105.01935442496651,116.99139394219306,114.22784877546617,121.44969652755078,-9.208494350499652,-4.458302585357724,99.59,103.21000000000001,0.523493085477688,0.5974148920753899,0.5657204416652825,0.6286334988189184,0.15069357764857436,0.1350407831657315,0.1647257176619047,0.18481791336941283,0.7146588619498837,0.7201477559280475,0.6407298086635504,0.7522954597821851,14.4,18.4,47.2,50.0,114.81980883292627,117.22815605785323,232.0479648907795,-2.408347224926956,94.0,123.0,217.0,-29.0,0
401809998,2025-11-01T22:00Z,2026,CHA,16,5,5,2,2,0,0,118.34617713337306,112.8205819220811,119.05069375848761,117.85904993592862,-0.7045166251145517,-5.038468013847544,104.64000000000001,101.36,0.5819872782123445,0.5520077651542233,0.6147163158397648,0.5910560857795488,0.1636399351391294,0.15332193812235784,0.2959398496240601,0.24928473864134554,0.7645542635658914,0.7435049019607843,0.6489801724747297,0.5558505315822388,15.0,11.4,54.8,48.0,121.64569194069037,119.41370697549289,241.05939891618326,2.2319849651974835,105.0,122.0,227.0,-17.0,0
401810005,2025-11-02T23:00Z,2026,CHA,26,6,5,1,1,1,1,116.17447225173265,115.25953188348144,119.60342834939165,115.0463557896906,-3.4289560976589843,0.21317609379088295,103.81666666666668,102.09094339622642,0.5634777706033104,0.5303840115748697,0.6016587743018338,0.5863262248228799,0.1597701565811702,0.18187615683471892,0.2844953292321713,0.3532329832582145,0.7867012025442257,0.7481060606060606,0.6535619084348238,0.7123143501769945,14.0,14.4,51.666666666666664,48.4,115.45456063952365,117.27317177207946,232.7277324116031,-1.8186111325558159,126.0,103.0,229.0,23.0,1
401810053,2025-11-11T00:00Z,2026,CHA,13,9,10,3,2,0,0,115.17349550675999,116.03265058930249,117.27502114505188,115.22626841860844,-2.101525638291884,0.8063821706940395,103.24444444444445,101.72,0.5510714948923434,0.5781162418756424,0.5938442376716648,0.6211241814430895,0.16434454876507087,0.16780740680634368,0.2995632085747618,0.2459754436958474,0.7882757640860065,0.731280510993257,0.6388574211757988,0.6248746906246907,13.0,11.2,51.333333333333336,54.4,118.05939903273574,119.54944330414689,237.60884233688262,-1.4900442714111506,111.0,121.0,232.0,-10.0,0
401810068,2025-11-13T00:00Z,2026,CHA,15,10,11,2,2,0,0,115.29136608187017,115.54216321960507,118.23095718568295,115.29346763069384,-2.9395911038127998,0.248695588911196,102.46000000000001,102.54,0.5600488524453626,0.5884165869196384,0.603250096502416,0.6085874825588959,0.17201910856361619,0.14311746129352435,0.2968796149900129,0.2116270747675868,0.7794481876774059,0.7151024554020075,0.6506473547338947,0.5930723975161585,12.6,14.7,49.6,50.2,118.17472727768904,119.8087242077101,237.98345148539914,-1.6339969300210555,111.0,100.0,211.0,11.0,1
401810084,2025-11-16T00:00Z,2026,CHA,25,10,13,1,3,1,0,114.55542531576165,119.08118409697173,118.90205227586348,101.50067755287427,-4.346626960101825,17.580506544097442,101.03622641509433,101.65,0.5477631476399669,0.5634391438807683,0.5956722097521565,0.605681841270697,0.16817593329192,0.1189355239321697,0.2921160452264432,0.22378913179823856,0.7931014784510797,0.7952454932063884,0.6491399912608875,0.6075342226453074,11.5,14.4,49.6,51.8,106.19462074715848,120.58981032615348,226.78443107331196,-14.395189578995002,96.0,109.0,205.0,-13.0,0
401810123,2025-11-22T18:00Z,2026,CHA,12,10,15,2,1,0,1,111.57331229425313,110.0021293607593,116.55972757188128,119.01640548075186,-4.986415277628133,-9.014276119992573,100.11622641509435,98.86379310344827,0.5182632014100454,0.5372922329647383,0.5659887404606864,0.5826821301691911,0.16221728384516515,0.1576942113021526,0.3031597258565899,0.22228920138035954,0.783184996354365,0.7394446852652149,0.6417971394672688,0.6050619156909273,10.5,10.3,47.6,45.0,114.70686635911433,109.32211058293916,224.02897694205348,5.384755776175169,116.0,131.0,247.0,-15.0,0
401809803,2025-11-27T00:00Z,2026,CHA,18,10,16,4,2,0,0,111.75598335083359,120.84048302850742,119.1491799917693,112.65770675710351,-7.393196640935711,8.182776271403927,99.54622641509435,102.05,0.5202735235092868,0.5691898521200514,0.5660132172638022,0.5983884598461776,0.16097684072971655,0.12518113322208677,0.3079373970976758,0.2962431515224387,0.7630433612071308,0.7558277159187848,0.6272603094204456,0.6345897592191234,10.3,15.1,48.2,52.2,113.10238270411627,120.95252610879476,234.05490881291104,-7.850143404678491,101.0,129.0,230.0,-28.0,0
401809813,2025-11-29T00:30Z,2026,CHA,4,10,17,2,4,0,0,110.17901945272324,112.64982954787112,119.8980109097979,120.34979263177802,-9.718991457074628,-7.69996308390687,99.99622641509436,106.08310344827585,0.5136092480430027,0.5445652762265256,0.5594872470532918,0.5841698186709967,0.15714939403666242,0.13730005200866088,0.29278060267258876,0.21171918112291882,0.76717352391051,0.7144487086293875,0.6188354009955372,0.6902886943107321,9.7,18.3,47.4,51.4,118.76805777143204,119.8082578067259,238.57631557815796,-1.0402000352938643,123.0,116.0,239.0,7.0,1
401810149,2025-11-29T23:00Z,2026,CHA,28,10,19,0,2,1,0,111.41452324698423,117.2199657263071,118.80018915915036,107.88720962668488,-7.385665912166137,9.332756099622213,100.15622641509434,101.64000000000001,0.5234030624759923,0.564069631148983,0.5670687510389694,0.6011091023001293,0.15320672030502902,0.13066504513456284,0.2775078753998615,0.2466579846460874,0.7590707571120909,0.7725941393737148,0.6230123051724414,0.6726869940937885,9.4,20.7,47.6,55.6,107.31658568997887,119.06994153447853,226.38652722445738,-11.753355844499666,118.0,111.0,229.0,7.0,1
401810214,2025-12-07T23:00Z,2026,CHA,7,10,22,1,1,1,1,109.08683536511357,126.39413504886258,113.85504924606292,122.8782193594769,-4.768213880949345,3.5159156893856656,100.98641509433962,100.41999999999999,0.5118811891545968,0.6142319882184155,0.5589461612304858,0.6480728268943563,0.14786546334698272,0.13486409312543296,0.25405720871953474,0.2729563600010957,0.7389813245342411,0.7336168665606204,0.5981700749926262,0.6468313997171207,10.1,15.1,48.8,50.2,113.29418149066201,117.34023782508712,230.63441931574914,-4.046056334425103,106.0,115.0,221.0,-9.0,0
401836750,2025-12-13T00:00Z,2026,CHA,4,10,23,6,5,0,0,109.43590153250008,106.22404410964882,114.935300202871,117.5518445215891,-5.499398670370947,-11.327800411940254,100.47641509433963,104.91999999999999,0.5165465035562194,0.523620300016973,0.5612933344561906,0.5592535933794891,0.14662801169123613,0.14889346947513504,0.2504857801481062,0.21584041043086674,0.7461241816770983,0.7155158685940206,0.609976618378117,0.664385631103193,9.7,16.5,48.4,50.4,116.55617327463564,113.56334121601574,230.1195144906514,2.9928320586198964,126.0,129.0,255.0,-3.0,0
401810226,2025-12-19T00:00Z,2026,CHA,1,10,27,5,5,0,0,109.21106982303107,112.3107250341553,111.86049392812546,115.9343313393229,-2.649424105094405,-3.6236063051675913,100.61867924528302,103.35793103448277,0.528954701636492,0.5479373868671199,0.5681998707280517,0.5790863727094885,0.1478887093548198,0.15260485155501763,0.2298353736440412,0.258053147063065,0.7473466823732833,0.7412463930328083,0.6102635624240281,0.716929856649059,10.5,18.4,50.2,53.6,114.81098937293751,114.31421341552297,229.12520278846048,0.49677595741454184,133.0,126.0,259.0,7.0,1
401810264,2025-12-24T00:00Z,2026,CHA,27,10,27,1,2,1,0,109.79132108712675,109.05725709635753,112.44879124646283,120.88723537111598,-2.6574701593360937,-11.829978274758444,101.728679245283,101.3,0.5394534115820602,0.5172644257013264,0.5745100488091686,0.5505052937766307,0.15825316312852536,0.13726112187185957,0.24379641260508014,0.26918300961596364,0.7412239075564547,0.6981348994067859,0.6547387042594183,0.6131174546468527,15.1,11.2,47.6,44.0,113.57332942121924,112.43020109971155,226.00353052093078,1.1431283215076888,126.0,109.0,235.0,17.0,1
401810302,2025-12-30T00:00Z,2026,CHA,15,10,32,3,2,0,0,114.06651915165449,106.5309468290216,112.76958072251905,112.20106784297238,1.2969384291354218,-5.670121013950743,101.25226415094339,99.17999999999999,0.5521862956144272,0.5387728458947182,0.5837787845887786,0.5750516158124753,0.15276869495595868,0.16610838203218914,0.2685519279988934,0.21013453320420278,0.7440276525535959,0.7478179683380545,0.6672119605709288,0.6300876518463439,14.6,11.9,44.8,40.8,113.37831191325903,109.88725316662908,223.26556507988812,3.491058746629946,113.0,123.0,236.0,-10.0,0
401810317,2025-12-31T18:00Z,2026,CHA,9,10,33,1,1,1,1,115.01741823859156,115.07812563581425,113.20767237741507,108.85097583806937,1.8097458611764807,6.2271497977449,101.2322641509434,101.78264150943396,0.5571146110266137,0.5496481818563271,0.5868815403854858,0.5892888558564318,0.15279632810255575,0.1572656076078916,0.28017983497563753,0.2754834658882276,0.7586308271567705,0.732846832573949,0.684434182793151,0.690241351412897,15.7,11.6,45.2,45.2,110.21290569174772,112.38764288710479,222.6005485788525,-2.1747371953570678,125.0,132.0,257.0,-7.0,0
401810371,2026-01-08T00:00Z,2026,CHA,28,10,37,2,2,0,0,119.18910686684428,110.5408629103556,115.96256259319757,108.66229319036204,3.2265442736467342,1.8785697199935627,100.34,99.86264150943396,0.5686683561037702,0.5196234905706157,0.6025103171455447,0.5530736990310313,0.15322304243578577,0.1287389280212745,0.30652770668743745,0.2635072911166739,0.7625275104874161,0.7722473853769021,0.6874328447016297,0.6950446479465031,15.7,18.5,42.6,50.8,114.04113040768874,113.36646024186659,227.40759064955535,0.6746701658221497,96.0,97.0,193.0,-1.0,0
401810383,2026-01-09T00:00Z,2026,CHA,11,10,37,1,2,1,0,117.20484373882955,108.34746611838793,114.74278143088273,119.79345544653397,2.462062307946825,-11.445989328146016,98.83,103.66000000000001,0.5491963646805593,0.5420236818868907,0.5873399367881968,0.5738511786601712,0.157870994763642,0.13697197163174774,0.32252488780089755,0.17549249711788906,0.7549921886663802,0.7467986169660301,0.6672160079669358,0.6612774100969248,14.8,14.5,41.2,45.2,116.37523008495734,112.93386056562954,229.30909065058688,3.441369519327793,112.0,114.0,226.0,-2.0,0
401810475,2026-01-22T00:00Z,2026,CHA,5,10,44,3,3,0,0,121.32414939590383,116.81952549028472,110.57392842210388,115.87646700194686,10.750220973799959,0.9430584883378266,97.6,103.29,0.5726441308151389,0.5781896435484599,0.6077472650318894,0.6082520968902801,0.15177593993203953,0.1549860951799965,0.32933345508323864,0.2678452907548924,0.7801032346480542,0.7634986258551625,0.6420081482830964,0.7134123755519843,14.3,16.6,48.4,51.6,119.12807957041055,114.20267739114935,233.3307569615599,4.925402179261198,87.0,94.0,181.0,-7.0,0
401810500,2026-01-24T17:00Z,2026,CHA,27,10,43,1,1,1,1,119.4481795345215,106.15777074590787,107.73562061144301,118.43350634406559,11.712558923078495,-12.275735598157706,97.42,102.09,0.5647341076138,0.5108661216211836,0.5981817963880625,0.5528070462762222,0.15418268333831806,0.16125355560679464,0.3380159947657783,0.25695794816823503,0.7638256873561575,0.7420040317989484,0.6366049661938679,0.6041282365441553,15.3,15.5,50.0,48.4,115.0899547378695,103.48413598603479,218.5740907239043,11.605818751834718,119.0,115.0,234.0,4.0,1
401810512,2026-01-26T20:00Z,2026,CHA,20,10,44,2,2,0,0,118.46445866557144,112.58916494025993,109.12910693198641,110.16178666256845,9.33535173358503,2.427378277691479,97.80999999999999,99.90320754716981,0.5599091857002705,0.5357604409706859,0.5922608734931699,0.5829659663536717,0.1533526118447367,0.13742304585492238,0.33384932809911166,0.26380400068259424,0.7656267165156773,0.6870474363554686,0.6488000881450874,0.5762905674217562,16.3,18.3,50.8,49.6,113.00607073323171,109.59157675919317,222.59764749242487,3.4144939740385354,130.0,93.0,223.0,37.0,1
401810552,2026-01-31T17:00Z,2026,CHA,24,10,48,1,2,1,0,118.728883417579,111.29375609896734,109.12851097175326,108.18895649129391,9.60037244582578,3.1047996076734172,98.26999999999998,99.38999999999999,0.5767831731108619,0.5343584252380776,0.6055048175709267,0.567466558409754,0.15844194152607963,0.12375127326742374,0.32092076496101263,0.22344594502687304,0.7726839450970102,0.7572599512351834,0.6433032643569205,0.6518419206833259,15.3,15.1,52.0,44.8,108.76750707324045,108.92166327299655,217.689170346237,-0.15415619975610184,111.0,106.0,217.0,5.0,1
401810567,2026-02-02T20:00Z,2026,CHA,3,10,51,2,1,0,1,119.17352781369766,112.62217663399535,108.20271735462745,115.08787984334651,10.97081045907022,-2.465703209351169,98.08,99.85999999999999,0.5739422640199529,0.5033546773079589,0.6052429826316724,0.5481349066663205,0.1607885207895529,0.12092556356370524,0.3264231573055102,0.3053753291881266,0.7774804567249172,0.7300970974827854,0.6644123877916253,0.5834444625508632,15.0,14.2,50.8,56.8,115.9242575790883,105.9969428265619,221.9212004056502,9.9273147525264,102.0,95.0,197.0,7.0,1
401810616,2026-02-10T00:00Z,2026,CHA,8,10,51,2,3,0,0,115.68747581948696,117.33836342272005,104.79519417273073,107.2750744845852,10.89228164675624,10.063288938134837,98.86999999999999,100.51000000000002,0.5549545616974523,0.548638737975368,0.5926231772621018,0.5887547131821932,0.17179622584592816,0.1313680398044567,0.3244097565116216,0.27241206908598975,0.7910802495420325,0.7306442898132438,0.6382233331459597,0.6315274755445476,14.3,20.6,46.4,57.2,111.13568319906479,110.72247178345245,221.85815498251725,0.4132114156123379,104.0,110.0,214.0,-6.0,0
401810630,2026-02-12T00:00Z,2026,CHA,1,10,55,2,2,0,0,117.84227947775426,113.42096866391576,106.87800329477739,113.75393136663692,10.964276182976885,-0.33296270272118667,98.42999999999999,103.54,0.5702482401444409,0.5506093046995931,0.6096679910705174,0.576098846898759,0.18067384026948402,0.12636915241633434,0.3250237915993409,0.2397916832565882,0.7939171289746565,0.7112135780694029,0.6423231548928403,0.6502777717086161,12.5,18.6,44.0,50.8,116.93871676060421,111.23445841624311,228.17317517684734,5.704258344361094,110.0,107.0,217.0,3.0,1
401810647,2026-02-20T00:00Z,2026,CHA,10,10,53,8,8,0,0,115.5494400842759,107.91239769864521,107.16294421470234,107.73508546849719,8.38649586957357,0.17731223014803935,99.11999999999999,97.15,0.553353821272174,0.5008684962562764,0.5953642550200564,0.5357932691081913,0.1805724152479312,0.15069984453821866,0.3277023630279124,0.3198704457111112,0.7892659661839588,0.7165648927962268,0.6454944022501342,0.6090872020115772,11.5,10.7,41.6,47.8,109.56013457560692,105.53209339333179,215.09222796893872,4.028041182275132,101.0,105.0,206.0,-4.0,0
401810657,2026-02-21T00:00Z,2026,CHA,5,10,56,1,1,1,1,114.46741350478291,120.98716744661627,106.89817085131963,105.06048572860516,7.569242653463259,15.926681718011116,98.46000000000001,101.69,0.5437848037917641,0.5962651042132727,0.5857697099190633,0.6235458817130153,0.17673737113814825,0.14403482673115478,0.32227600643876514,0.2775632065243049,0.7929456198636126,0.7401806298097858,0.6417681149872616,0.6492404852494664,10.6,16.6,39.8,57.2,106.55088440153936,110.60728236630479,217.15816676784414,-4.056397964765424,113.0,118.0,231.0,-5.0,0
401810718,2026-02-28T18:00Z,2026,CHA,22,10,60,1,1,1,1,119.2488416742071,116.23423470260404,110.6634876004542,116.01480265815678,8.585354073752908,0.21943204444727407,97.18999999999998,103.13999999999999,0.5557722935989388,0.561313585241859,0.5964381943646873,0.590685049342824,0.17256747005748452,0.17864016608086716,0.34330408912319454,0.3371634165292702,0.777099466448909,0.7456525843023712,0.641765044330077,0.6455839438360671,11.0,13.5,35.6,49.4,114.29113723257343,110.22697021925624,224.51810745182968,4.0641670133171885,109.0,93.0,202.0,16.0,1
401810738,2026-03-04T00:00Z,2026,CHA,6,10,60,4,2,0,0,119.97149259349354,109.94005450970175,110.46985023681711,118.84384536607077,9.50164235667643,-8.903790856368984,97.17999999999998,104.00999999999999,0.5592629206189775,0.5336056285952719,0.5972271226527655,0.5681053511622461,0.1715677512607035,0.13783810172344504,0.3540183748374802,0.22154613597691403,0.7629903445392756,0.7426654115355811,0.6578641155375073,0.5689129923352746,10.7,14.8,36.6,55.0,120.11814461021186,110.86067183988031,230.97881645009215,9.257472770331546,117.0,90.0,207.0,27.0,1
401810764,2026-03-07T00:00Z,2026,CHA,14,10,63,2,1,0,1,121.12454130383942,118.5496717277919,107.44689828960193,107.01039851596894,13.677643014237503,11.539273211822955,96.26999999999998,103.63000000000002,0.5660512406141328,0.550645411185043,0.5998819351325465,0.5872126170318289,0.15419907425673104,0.13010883553191357,0.32911793688242375,0.29721420062132997,0.7664893785679092,0.7531061504758905,0.6717445881931655,0.6487513875013875,11.6,18.9,35.0,55.6,114.01043617494925,109.55353229020679,223.56396846515605,4.456903884742459,120.0,128.0,248.0,-8.0,0
401810846,2026-03-17T23:00Z,2026,CHA,14,10,68,3,2,0,0,117.63085144206252,117.81081133983146,106.85944351434959,110.45084878092473,10.771407927712932,7.359962558906728,97.69,104.05999999999999,0.5529096225859792,0.5451104133662092,0.5832277217511498,0.5902881873770591,0.1439260422960898,0.12277013966156569,0.3042844742773973,0.27875328913557407,0.7618084144562195,0.7589812296299829,0.6462714127214915,0.653295241199046,15.3,20.5,40.0,54.2,115.0387075499692,113.31805979207758,228.3567673420468,1.7206477578916264,136.0,106.0,242.0,30.0,1
401810863,2026-03-19T23:00Z,2026,CHA,19,10,68,2,2,0,0,117.34510006986254,115.64595389611611,106.9445569989958,108.80898173718666,10.400543070866767,6.836972158929451,98.31,101.66943396226415,0.5501519471473828,0.5409368307683738,0.5816535779455758,0.5886910609318586,0.14014507508054316,0.1283209492472824,0.29183261291667845,0.22970050542329642,0.7597596339684145,0.7578431822088294,0.6457512046382581,0.6491335908137081,13.8,14.6,42.0,50.8,113.0654131700732,111.28381093543918,224.34922410551238,1.781602234634022,130.0,111.0,241.0,19.0,1
401810878,2026-03-21T23:00Z,2026,CHA,29,10,69,2,0,0,1,116.28515268344579,112.40710418947762,106.50833676360034,120.85303440402829,9.776815919845445,-8.445930214550659,98.89000000000001,102.66,0.547797295984592,0.5337989099706847,0.5819232497791763,0.5712811855322613,0.14401184448890453,0.14419887575494222,0.2957598159818125,0.2526660753152594,0.7573845721178456,0.6367930147866151,0.6395012046382582,0.6273099493574461,14.2,14.9,40.8,44.8,119.48800401870102,106.9968372759252,226.48484129462622,12.491166742775818,124.0,101.0,225.0,23.0,1
401810902,2026-03-24T23:00Z,2026,CHA,23,10,72,3,2,0,0,117.77271301434492,114.37133743701524,107.29091029043278,118.2967907513832,10.481802723912145,-3.9254533143679686,98.91999999999999,101.22,0.5607772571998474,0.5506747216593681,0.5933725804532626,0.5815266488985495,0.14599071861476423,0.12748628355970756,0.2883036756309353,0.25639048879053944,0.7612976155961065,0.7562406754817552,0.6318988654569716,0.6331709338530793,15.0,11.3,42.0,55.6,118.11737620918205,110.9087056504286,229.02608185961066,7.208670558753454,134.0,90.0,224.0,44.0,1
401810918,2026-03-26T23:00Z,2026,CHA,18,10,74,2,2,0,0,119.20486627502926,121.95392733829286,107.09008426662574,110.76763337730488,12.114782008403507,11.186293960987971,99.14,98.09,0.5665799651302148,0.569168146696643,0.5989731144760139,0.6080768958513803,0.1456560085750859,0.1477361084250305,0.2936527747300344,0.33047840228483716,0.7593948671817301,0.7909861111777925,0.6223750559331622,0.6708202708640998,16.1,14.2,42.0,53.2,113.39369026607466,112.93587602209524,226.3295662881699,0.4578142439794135,114.0,103.0,217.0,11.0,1
401810932,2026-03-28T22:00Z,2026,CHA,20,10,73,2,3,0,0,119.03069826586702,113.75894581690982,108.83283360250626,115.00571891122857,10.197864663360761,-1.2467730943187323,98.94999999999999,103.67999999999999,0.5726589049170199,0.5337469174049821,0.6045843139836617,0.5704306183025476,0.15898473227761736,0.13213513245370304,0.3089581968302403,0.27068225848361843,0.7674571978050363,0.734534630496497,0.6272531047136499,0.5883348607978683,15.4,19.9,43.2,56.4,118.5569980314872,112.7594306593907,231.3164286908779,5.797567372096495,114.0,118.0,232.0,-4.0,0
401810940,2026-03-29T22:00Z,2026,CHA,2,10,73,1,2,1,0,119.28680721762814,115.55297062506448,108.73179611016444,110.14044686754578,10.555011107463727,5.412523757518691,98.22,96.53,0.56640890491702,0.5291200836667733,0.5991129288425292,0.576578185997798,0.15577985515969675,0.1359692829020759,0.3204733483453918,0.27855012371081156,0.7729127351754672,0.7936772570475974,0.6187165193477961,0.6209255521161812,14.1,9.3,42.6,42.2,108.35132250273746,109.19864580421458,217.54996830695205,-0.8473233014771182,99.0,114.0,213.0,-15.0,0
401810969,2026-04-02T23:00Z,2026,CHA,21,10,76,2,2,0,0,120.9217377176473,115.74683322912635,107.64975828975157,112.2258972116254,13.271979427895763,3.5209360175009485,98.04999999999998,99.9,0.5738752121522304,0.5365037534081483,0.608642283923708,0.5673673933490913,0.1508474477971084,0.12217309038161077,0.31550822709075205,0.28290608042035986,0.7852899994062785,0.7608069323028268,0.6131574093051855,0.6379841731958437,13.3,11.3,44.2,42.0,115.37893583562382,110.5533882279047,225.93232406352854,4.825547607719116,127.0,107.0,234.0,20.0,1
401810975,2026-04-03T23:00Z,2026,CHA,11,10,76,1,1,1,1,121.64851977608767,118.56267202050508,107.18953536442534,122.81109274512946,14.458984411662334,-4.248420724624415,98.27999999999999,102.25,0.5790544236217644,0.6122717547338754,0.6123849937865488,0.6365493493808428,0.14745186908048002,0.14016874420558115,0.31634156042408546,0.18458335267064405,0.7875122216285008,0.7017176480363837,0.5986757019881123,0.7428406123040818,14.6,16.4,44.8,48.4,118.87710378978319,109.77996860623271,228.6570723960159,9.097135183550478,129.0,108.0,237.0,21.0,1
401811026,2026-04-10T23:00Z,2026,CHA,8,10,80,2,2,0,0,122.7098548747174,117.29777477641441,109.21842339991845,107.97575639898619,13.491431474798954,9.32201837742823,96.17,99.70150943396226,0.575441953372285,0.5806267580925638,0.605418996359813,0.6139356022344837,0.14058411377143948,0.15789586907708586,0.33008553512662964,0.290996111104027,0.7873327725109023,0.7470683066520765,0.6172734538272157,0.7279149187926839,14.3,16.8,44.2,57.0,112.96184721219147,110.92017412010213,223.88202133229362,2.04167309208934,100.0,118.0,218.0,-18.0,0
401810022,2025-11-05T01:00Z,2026,CHI,20,6,6,2,3,0,0,118.63139707777255,120.59242505117368,113.47767240031169,113.47438987964553,5.1537246774608585,7.118035171528153,102.7,102.3814465408805,0.5796447635781442,0.5643857950754568,0.6140212352692501,0.6070327289966978,0.15362757426066512,0.13293103148406873,0.25373839175630886,0.27587926829052906,0.7685387984981227,0.7015094177524189,0.6837908453979882,0.6342335839591937,15.166666666666666,17.0,57.666666666666664,48.333333333333336,119.00147634934184,120.00858544328872,239.01006179263055,-1.0071090939468803,113.0,111.0,224.0,2.0,1
401810057,2025-11-11T01:00Z,2026,CHI,24,9,9,2,2,0,0,115.84715173021368,117.50931309591286,114.54452907078843,109.05192186515349,1.3026226594252421,8.457391230759365,103.24444444444444,100.30649895178198,0.5663354167666593,0.5760379039572486,0.6043990193493834,0.6147534378212278,0.15137198050360123,0.16098094411430586,0.24989481921172846,0.29769938744728663,0.7647379282682341,0.7803425348087307,0.6894495866613659,0.6055319388214125,19.0,18.444444444444443,57.111111111111114,51.333333333333336,114.44604649818585,118.08694622937767,232.5329927275635,-3.6408997311918228,117.0,121.0,238.0,-4.0,0
401809793,2025-11-22T01:00Z,2026,CHI,14,10,15,2,2,0,0,115.47254958907415,112.68470385977427,118.88834393430366,112.67938565046745,-3.4157943452294903,0.0053182093068398825,104.00310344827585,107.81943396226416,0.5598650920406627,0.5482538007927077,0.5957445530657463,0.5862473189892461,0.13627268555649957,0.1310948143973837,0.22935180022006882,0.20762755209542205,0.7357883099007647,0.6729706465325569,0.6836876746864566,0.6890497656222399,20.3,18.3,52.6,58.4,120.81930459391228,122.63097644908461,243.4502810429969,-1.8116718551723352,107.0,143.0,250.0,-36.0,0
401810126,2025-11-23T01:00Z,2026,CHI,27,10,15,1,1,1,1,111.6151755135985,105.73540458588323,119.24216382105996,125.66717193430104,-7.62698830746146,-19.931767348417797,105.13310344827588,102.5275471698113,0.5439523936279643,0.5294154420120138,0.5801240513218978,0.5612393079603419,0.14341215437362367,0.16680464879975693,0.22856128638607673,0.2252756780398068,0.7287115291422079,0.6611664801723312,0.6850690560678381,0.6088493755062703,20.0,16.2,52.2,48.6,119.48995112920325,113.29354645741302,232.78349758661625,6.1964046717902335,121.0,120.0,241.0,1.0,1
401810184,2025-12-04T01:00Z,2026,CHI,17,10,20,2,2,0,0,111.07924186243258,110.06655194319103,117.5966170522727,114.30486370147453,-6.517375189840111,-4.238311758283491,106.43310344827587,97.57000000000001,0.5479673333247572,0.5286125744466865,0.5796104105497075,0.5711896020825111,0.14061189032459415,0.14458554364830536,0.20885208023414492,0.22166541622009056,0.7179350545419596,0.7692476720417897,0.6683432122100902,0.6852552151011363,17.9,11.9,52.8,39.8,114.94764250737718,116.10998253985976,231.05762504723694,-1.1623400324825752,103.0,113.0,216.0,-10.0,0
401810200,2025-12-06T01:00Z,2026,CHI,11,10,22,2,2,0,0,110.35771597083867,111.35903728924738,116.80227408105898,115.03708945300377,-6.444558110220311,-3.67805216375639,106.19310344827586,101.72999999999999,0.5394272816451707,0.5440130901427885,0.5731350905197388,0.5843912682330415,0.13621794715514074,0.149185002538022,0.20609845704573915,0.2189338592468404,0.7250953972592179,0.7139147910941921,0.6697552789623367,0.5827019781805041,18.5,13.4,53.0,44.4,117.16196861211401,118.60001986735621,235.76198847947023,-1.4380512552422005,105.0,120.0,225.0,-15.0,0
401810216,2025-12-08T00:00Z,2026,CHI,9,10,24,2,1,0,1,109.37634721968573,109.5505194289311,117.1195587148904,109.10037915383361,-7.743211495204631,0.4501402750974638,105.58999999999999,100.63000000000001,0.5378580175759067,0.5223758718033751,0.5714179733142244,0.5584250582031085,0.14211599794527785,0.15371494101478556,0.21095694761177683,0.2663488566805784,0.7304612509177545,0.6897517781767011,0.6539689644365264,0.7191021086152125,17.5,10.6,51.2,43.8,112.63567628186789,113.35396602343575,225.98964230530362,-0.7182897415678582,91.0,123.0,214.0,-32.0,0
401836804,2025-12-15T00:00Z,2026,CHI,3,10,26,2,3,0,0,107.76323438486156,115.27801394465766,118.88852376647044,119.8089103097752,-11.125289381608837,-4.530896365117544,104.13,103.29471698113207,0.5254044312226467,0.5416926398207187,0.5625562306236895,0.583104930901485,0.14610461849238443,0.12339828519425919,0.23171342630388256,0.2519927606291323,0.7416177085597887,0.7499603870640437,0.6418939923072065,0.6120495467230762,15.5,17.6,54.0,65.4,118.01021926518567,121.42981952795584,239.44003879314153,-3.4196002627701745,104.0,114.0,218.0,-10.0,0
401810222,2025-12-18T01:00Z,2026,CHI,5,10,27,3,4,0,0,108.45753561535585,114.1606796340001,117.35186011390655,113.74417822538744,-8.89432449855074,0.4165014086126413,103.08,101.30226415094339,0.5259962186622602,0.5264281912827644,0.5625411011293652,0.5632537669172992,0.14283934042817875,0.11805519089147623,0.23932212195605654,0.2777905848962823,0.7424082223937808,0.7481620681259474,0.640044774668515,0.6266597630368713,16.6,16.0,53.6,50.6,113.53522343247784,118.29264263253111,231.82786606500895,-4.757419200053278,127.0,111.0,238.0,16.0,1
401810282,2025-12-27T00:30Z,2026,CHI,20,10,28,3,3,0,0,113.79538680290015,112.07099929968119,117.78764279274449,108.07034968487656,-3.9922559898443346,4.000649614804638,104.45,100.86793103448277,0.5599419434574165,0.4978000425484492,0.591654182276384,0.549776626319012,0.14607368129644954,0.12797845737128866,0.2534822151016104,0.27567737669404935,0.77413677162233,0.7272629041662703,0.6693647768963527,0.5824185330306612,16.2,14.0,57.4,44.2,113.88253495778017,117.98525206203128,231.86778701981143,-4.102717104251113,109.0,102.0,211.0,7.0,1
401810292,2025-12-28T01:00Z,2026,CHI,15,10,31,1,1,1,1,113.8350627033758,107.25306966742353,116.6427779537187,114.13696527886982,-2.8077152503429135,-6.88389561144627,103.43000000000002,99.75,0.5531766157618562,0.5519649832147626,0.5864146878616319,0.5846241543825285,0.13887178832577624,0.17027355794155113,0.25742160904100436,0.2073185131791715,0.7762751364022042,0.7452538657739518,0.6827619060829555,0.6381311301072133,16.8,12.3,56.8,39.6,112.3244398651742,110.31605892518444,222.64049879035863,2.008380939989763,103.0,112.0,215.0,-9.0,0
401810307,2025-12-30T01:00Z,2026,CHI,16,10,32,2,2,0,0,114.38944709449488,111.66469102385977,117.14842196956678,110.29114735201128,-2.758974875071926,1.3735436718484841,102.89000000000001,101.27358490566037,0.5559902358335409,0.5257007846289301,0.5869039970884361,0.5648266307137793,0.13870732693682508,0.12627915363169745,0.2642777963319743,0.26201090567119845,0.7712919337146342,0.7420924720629243,0.7019251989304589,0.6511827595445926,16.4,14.9,55.6,47.8,114.67898905233379,116.78826355540477,231.46725260773854,-2.109274503070978,101.0,136.0,237.0,-35.0,0
401810321,2026-01-01T00:00Z,2026,CHI,3,10,34,2,2,0,0,113.30382131088251,116.05338882672382,117.88003934547949,114.74506491081415,-4.576218034596964,1.3083239159096585,103.57000000000001,105.21226415094338,0.5512422956017298,0.5342481172462937,0.5793424857407089,0.5815110823637776,0.1355192845541518,0.12255169957536602,0.25718595959728036,0.26976836599192294,0.7679773621073797,0.6841961092775904,0.7059499667323164,0.574171858019062,16.8,16.0,57.0,66.8,119.03140700616675,122.10287698596173,241.13428399212847,-3.0714699797949834,134.0,118.0,252.0,16.0,1
401810335,2026-01-03T01:00Z,2026,CHI,19,10,34,2,3,0,0,116.4906150876728,111.71151691796277,116.27173015013598,116.28614170719945,0.21888493753680827,-4.574624789236703,104.53,100.73603773584905,0.5683465945758381,0.5160787646942936,0.5952489535130858,0.5563654010664615,0.12850615689804795,0.1260566607100701,0.2468218139390171,0.2537069848246262,0.7848095368839438,0.7374314141688951,0.7011627326897633,0.6585687157391866,18.0,14.7,58.8,54.8,119.45290636071202,116.9930444895544,236.44595085026643,2.4598618711576137,121.0,114.0,235.0,7.0,1
401810344,2026-01-04T01:00Z,2026,CHI,30,10,34,1,1,1,1,115.86084243298797,118.21088424624563,115.24214332048525,118.64353451064433,0.6186991125026923,-0.4326502643987145,104.4,100.95226415094339,0.5654860744812755,0.5653608020966582,0.5937448012423404,0.5942892310909758,0.12964723874816847,0.14462863585848157,0.2378932425104457,0.2892065684760553,0.7926938250291508,0.7448865002048964,0.7142823908094214,0.6914226844527055,18.5,16.4,56.2,45.4,116.77831153980185,116.25476137552292,233.03307291532477,0.5235501642789302,99.0,112.0,211.0,-13.0,0
401810401,2026-01-11T01:00Z,2026,CHI,6,10,38,3,2,0,0,111.46018174914613,109.2962561094236,116.72484391821857,113.07710464023494,-5.264662169072427,-3.7808485308113533,101.74999999999999,104.01000000000002,0.5469250490985488,0.5485630793587639,0.5734585299056615,0.5775338340106091,0.1333069966831023,0.1510699808502612,0.22978492824652497,0.20955703350658697,0.7884221812947506,0.7498706694188141,0.7325241234900816,0.5727087055098892,16.3,19.4,52.6,62.2,115.5019801186976,116.26525385421911,231.7672339729167,-0.7632737355215085,125.0,107.0,232.0,18.0,1
401810428,2026-01-15T01:00Z,2026,CHI,26,10,39,1,2,1,0,109.77337792564126,112.9189263137381,114.4227455251959,121.59689002261271,-4.649367599554622,-8.677963708874614,99.95,102.3511320754717,0.5300328310521397,0.5548679378819079,0.5582314239308992,0.5903591535532033,0.13019749513755344,0.152266081481418,0.23225678565740676,0.24132872018080728,0.7693194244025201,0.7062778082584643,0.6996152617681582,0.705031700245949,17.4,15.7,52.0,54.0,113.50568280125222,114.97869395236683,228.48437675361905,-1.473011151114605,128.0,126.0,254.0,2.0,1
401810458,2026-01-19T00:00Z,2026,CHI,17,10,39,2,2,0,0,111.6333354805661,109.50053175154933,116.18303754597022,117.29442639164108,-4.54970206540416,-7.793894640091776,100.52,96.4024528301887,0.5431783728723775,0.5198964265595232,0.571272020271306,0.5528433760804216,0.12338673462637384,0.14225727266758423,0.21652820529468006,0.2652289555822281,0.7732826833628474,0.7159461203252971,0.6911298702125457,0.6311716268746397,17.6,13.3,53.8,43.8,112.70254097200097,111.10540507384854,223.80794604584952,1.5971358981524304,124.0,102.0,226.0,22.0,1
401810469,2026-01-21T01:00Z,2026,CHI,12,10,42,2,2,0,0,115.02989927131901,116.2323465171617,113.90322153325135,113.63977438346849,1.126677738067649,2.592572133693205,99.57,96.63584905660377,0.5580948679535946,0.5574076115737208,0.5836353660467054,0.6082928640522066,0.11658126840794354,0.14058712941797702,0.22051028593181296,0.2368083114632255,0.774158230579858,0.6921756024915594,0.7090138659160903,0.5833255273715541,17.7,12.8,54.6,46.8,112.1658186823352,112.88486131863776,225.05068000097296,-0.7190426363025608,138.0,110.0,248.0,28.0,1
401810502,2026-01-25T01:00Z,2026,CHI,2,10,44,2,1,0,1,115.46481537881554,115.48922360915742,113.30450979202253,109.68338573129942,2.16030558679299,5.805837877857988,99.48999999999998,97.04172413793103,0.5652564228350685,0.5372742600496987,0.590105273636225,0.5679423786431029,0.11848063385871963,0.12457779655183934,0.21423471191233653,0.291117645565646,0.7642787108203517,0.7713786495272192,0.7205194985191473,0.5423790163583923,18.7,10.2,52.6,45.6,110.62191037681131,109.04067522592348,219.6625856027348,1.581235150887835,114.0,111.0,225.0,3.0,1
401810516,2026-01-27T01:00Z,2026,CHI,13,10,44,2,2,0,0,117.0483750091003,113.66866599874368,113.26049607302939,115.5249732222444,3.7878789360709155,-1.8563072235007223,99.43999999999998,98.79999999999998,0.5770481740183004,0.5465610062903148,0.6013631089382587,0.5785857010310225,0.12262352896489234,0.13528916010486688,0.2219540101579506,0.25680225929386064,0.7720968926385334,0.750675576618043,0.712886821119028,0.5895759490584488,19.9,17.1,51.6,49.4,115.2633513834544,112.46609272277071,227.72944410622512,2.7972586606836956,118.0,129.0,247.0,-11.0,0
401850920,2026-01-30T01:00Z,2026,CHI,14,10,48,1,1,1,1,120.17268597813771,116.16013547159442,114.77842082513499,116.7381724841343,5.394265153002756,-0.578037012539877,99.78999999999999,104.03,0.5915198906170733,0.5354344583635972,0.6173322335930325,0.5718981434704785,0.11784004003901138,0.1310356499977256,0.20742404541059453,0.28834813005514204,0.8055167288237577,0.7340978951655464,0.7105031120033728,0.6747564995597846,19.5,17.3,53.2,51.2,117.09639009156717,114.1444991201685,231.2408892117357,2.9518909713986687,113.0,116.0,229.0,-3.0,0
401810607,2026-02-08T01:00Z,2026,CHI,7,10,52,2,3,0,0,112.09784966446398,113.77371902764692,116.9402658297568,116.21972791694066,-4.842416165292824,-2.4460088892937533,102.92,94.5696551724138,0.5610293606734025,0.5311902666504357,0.5941356084481281,0.576654492202328,0.1457689496450119,0.1173823569703238,0.20216953027803056,0.22218319124558925,0.7923337684865253,0.7243382165346184,0.7004636379004557,0.6560724872438259,18.0,11.3,45.4,43.4,112.72589916588109,113.90906328235539,226.63496244823648,-1.1831641164743019,120.0,136.0,256.0,-16.0,0
401810652,2026-02-20T01:00Z,2026,CHI,28,10,55,8,8,0,0,108.09545484792302,111.55717493868255,120.65475539301879,110.59847237250187,-12.559300545095773,0.958702566180676,103.73000000000002,100.36,0.5316040419320698,0.5367520739523235,0.5687950333450306,0.5785548814349438,0.15311841304057847,0.1454432317803276,0.219360623615282,0.25838406405961123,0.7628714139401842,0.7379353856338653,0.6473889653120952,0.6827696119636991,14.9,19.5,44.8,50.2,111.58310901604129,118.48033215349233,230.06344116953363,-6.897223137451036,101.0,110.0,211.0,-9.0,0
401810669,2026-02-22T01:00Z,2026,CHI,8,10,54,2,2,0,0,105.70151050643673,118.36632439249925,117.9984348280888,106.57941448113259,-12.296924321652055,11.786909911366664,104.43000000000002,99.15,0.5170266170880541,0.5428105856697781,0.5562050938626816,0.5834408591975982,0.1596701803086672,0.11862901774459907,0.22976015358002938,0.2815240533423899,0.7468531073040287,0.7413824979038267,0.6364070531673924,0.6176778820486125,14.9,19.2,44.6,57.6,108.04037677242344,120.29784420531831,228.33822097774174,-12.25746743289487,110.0,126.0,236.0,-16.0,0
401810680,2026-02-23T01:00Z,2026,CHI,18,10,58,1,1,1,1,104.22790196743188,116.90942129878522,117.66324077308977,107.49354750962432,-13.435338805657931,9.415873789160909,105.85000000000002,98.25795705920625,0.5178383053997424,0.5605152596678097,0.5570297729169977,0.5909550222975175,0.16907599153394157,0.11773795540572798,0.2279727139665028,0.24559250961535528,0.7339588586954943,0.7598438995045104,0.6484371283553625,0.6637446169618462,15.4,16.9,43.2,48.2,104.79402885706153,116.10450608076766,220.8985349378292,-11.31047722370613,99.0,105.0,204.0,-6.0,0
401810691,2026-02-25T01:00Z,2026,CHI,30,10,58,2,3,0,0,103.79429035621165,116.45352362681713,117.56607208766829,112.78024952684648,-13.771781731456656,3.6732740999706524,104.92999999999999,96.97999999999999,0.519335089170153,0.5323771040271885,0.5560812905752921,0.5787646914800195,0.17153973808221612,0.16081265517119986,0.22341010676238615,0.32550238790044067,0.7344213933855961,0.7846291124826281,0.6514577960819126,0.6476224275338057,16.3,9.2,42.6,34.8,109.32141336947066,118.12724142677938,227.44865479625003,-8.805828057308716,99.0,131.0,230.0,-32.0,0
401810708,2026-02-27T01:00Z,2026,CHI,22,10,59,2,2,0,0,103.00451349470306,115.34205682647735,120.54512590500735,117.76762261728497,-17.540612410304313,-2.425565790807605,103.22999999999999,103.09,0.5081377499240334,0.5638807173578633,0.5467918996795682,0.588733949682664,0.17199955698431005,0.1891004283090046,0.24279722371047874,0.3441199382684006,0.7152263469459675,0.7373192509690379,0.6289733240322232,0.6358436840958073,14.1,13.3,41.0,49.0,113.87426780656344,121.67060885289982,235.54487665946326,-7.79634104633638,112.0,121.0,233.0,-9.0,0
401810725,2026-03-01T20:30Z,2026,CHI,15,10,58,2,1,0,1,104.98191462464656,116.13870725566517,119.32102044361378,116.95874831517453,-14.339105818967209,-0.8200410595093779,103.22999999999999,97.66132075471698,0.5281305660159874,0.5827642312740144,0.562252393317568,0.606305281366319,0.1748244157413722,0.15025754333247124,0.23168611259936758,0.2234954053248201,0.7171412405629888,0.7606062485957807,0.6371876097465088,0.5693088855588855,14.8,9.1,42.6,43.2,111.46488226789529,114.70690302898132,226.1717852968766,-3.2420207610860245,120.0,97.0,217.0,23.0,1
401810744,2026-03-04T01:00Z,2026,CHI,25,10,62,3,2,0,0,104.93340070664422,112.8050087414803,115.5558827281616,106.89270129943934,-10.622482021517396,5.9123074420409605,103.71999999999998,99.96283018867925,0.5356397235251448,0.5414941317344008,0.5691376666960185,0.5754837394616727,0.18185252635310523,0.1449548637427428,0.2279259499977416,0.26071863825327457,0.7250317397578359,0.743556266847003,0.6512573771883692,0.6324656515776141,15.2,12.7,43.6,45.4,107.8633499110874,116.2829816973662,224.14633160845358,-8.4196317862788,108.0,116.0,224.0,-8.0,0
401810842,2026-03-17T00:00Z,2026,CHI,29,10,66,3,4,0,0,107.40366970029909,114.72366475760396,113.68432706117565,119.28751610545942,-6.2806573608765435,-4.563851347855439,103.1667924528302,102.07,0.5385582225795155,0.5498060572018403,0.5677966576936315,0.5853363391134222,0.1624514565299418,0.1480056206142171,0.23006176351181304,0.27231022133482924,0.741987623126422,0.6390113092141727,0.6654863329423572,0.6465692556107846,16.2,15.3,51.0,47.8,116.31342963025604,117.19430902869651,233.50773865895255,-0.8808793984404701,132.0,107.0,239.0,25.0,1
401810857,2026-03-19T00:00Z,2026,CHI,28,10,67,2,4,0,0,109.94057462245102,113.3924069414704,113.18657799968987,113.88231612810227,-3.2460033772388472,-0.489909186631888,103.82679245283018,99.1,0.5510113358578351,0.5427073718696395,0.5803766877831704,0.5792367436075976,0.16133271765376586,0.12642030268701318,0.2380334616250206,0.2306925918148761,0.7405369461438301,0.7482253468313818,0.6573980976482395,0.6063846177644074,15.8,15.2,53.6,50.6,113.54915324382505,114.94736662831943,228.49651987214446,-1.3982133844943831,109.0,139.0,248.0,-30.0,0
401810866,2026-03-20T00:00Z,2026,CHI,5,10,69,1,2,1,0,110.23985171490361,119.13896020444933,113.09676723787354,116.14343376539743,-2.8569155229699343,2.9955264390519085,104.51679245283017,97.1922641509434,0.5509252526440618,0.5692351789647452,0.5805084353214862,0.6009311907506912,0.1581409813492162,0.12331768569052559,0.2356474595041298,0.24569393605107895,0.7591972332251699,0.7644364262425318,0.665969526219668,0.6721509479872212,16.5,12.4,55.8,50.0,110.73413044185361,117.11012373020509,227.8442541720587,-6.375993288351481,110.0,115.0,225.0,-5.0,0
401810897,2026-03-24T00:00Z,2026,CHI,10,10,70,4,2,0,0,110.26047508335095,112.30417833690305,112.75024037593616,115.56153073348761,-2.4897652925852,-3.257352396584585,104.30679245283018,97.01773584905659,0.5479598271121469,0.5421181708759049,0.5746204699133888,0.5715981658810948,0.1527951871595789,0.1706377000892904,0.24298079283746316,0.32246887189816886,0.757824684205562,0.7570065529271722,0.6577552405053824,0.6129012988865363,16.4,14.0,54.8,54.4,113.6587720031524,113.27243672404418,226.93120872719658,0.3863352791082093,132.0,124.0,256.0,8.0,1
401810964,2026-04-02T00:00Z,2026,CHI,11,10,75,2,4,0,0,112.65671561544903,116.7276165497448,119.96030348502828,124.2094829767121,-7.303587869579255,-7.4818664269673265,107.31999999999998,100.77,0.5544094733454658,0.5980441124574526,0.5878001663306216,0.6264747677655141,0.1479038308532844,0.14411813056830242,0.23218592145499448,0.19263213315844893,0.7528031348455041,0.6988190973117461,0.622236312562461,0.7232227185482569,16.2,14.4,56.6,45.8,123.22371816260701,123.13097320008981,246.35469136269683,0.09274496251720166,126.0,145.0,271.0,-19.0,0
401810989,2026-04-05T19:30Z,2026,CHI,21,10,77,2,3,0,0,110.65370224028766,114.76590819579644,121.49622669895334,112.54073671526605,-10.842524458665684,2.225171480530381,107.69000000000001,100.05000000000001,0.5474588493628285,0.5326988083532032,0.5805078940277812,0.5617517789493647,0.1520317387656057,0.1219884939299648,0.22485147329445937,0.28862036613464553,0.7526491853029752,0.7496958211917157,0.6161876803436163,0.6377335466294276,15.6,12.1,55.2,42.8,115.91603187156682,122.70273975758829,238.6187716291551,-6.786707886021475,110.0,120.0,230.0,-10.0,0
401811032,2026-04-11T00:00Z,2026,CHI,19,10,80,2,3,0,0,110.90500282833189,114.66417862879848,117.96547422853791,117.98993817523953,-7.060471400206015,-3.3257595464410463,108.01000000000002,104.03,0.5396956241213039,0.5430022312338946,0.5782755915320656,0.5964692890178422,0.14794354211987817,0.15877417716145714,0.22864226278043845,0.24762155211532572,0.749180396752343,0.7816689818639955,0.6293686730050523,0.6721816760502349,18.9,11.8,57.2,49.8,121.33720822599322,123.31697897967403,244.65418720566726,-1.9797707536808105,103.0,127.0,230.0,-24.0,0
401809504,2025-10-31T23:30Z,2026,CLE,28,5,5,2,2,0,0,111.59540662382946,115.18448135490021,111.00794118438675,121.87505069222911,0.5874654394427076,-6.69056933732891,104.06000000000002,105.22,0.5525387299677045,0.5775078183172003,0.5910809097330975,0.6069985298819399,0.15918562586518575,0.14372942617473877,0.22225642026078404,0.18587620490525436,0.7204289828874547,0.6962521814229131,0.6394655344655346,0.678715307618962,15.0,18.8,40.0,55.6,122.15174326776187,118.34387547255496,240.49561874031684,3.807867795206917,101.0,112.0,213.0,-11.0,0
401810006,2025-11-02T23:00Z,2026,CLE,1,6,6,2,2,0,0,110.01673167422257,112.53248595724642,111.38090144199401,114.4621296571397,-1.3641697677714542,-1.9296436998932716,103.2,103.3,0.5400785712693833,0.534658296323944,0.5766332124989823,0.5706872064785534,0.1562475429564111,0.1178918741354284,0.23238349487140808,0.2354095227623184,0.7219791073611672,0.6929808131028893,0.6439990564990565,0.6662705518664462,14.333333333333334,17.5,40.0,56.333333333333336,115.88721216231578,115.59528624485787,231.48249840717364,0.29192591745790253,117.0,109.0,226.0,8.0,1
401810026,2025-11-06T00:00Z,2026,CLE,20,7,7,4,1,0,1,109.83377850355562,118.42395081716393,109.94093198479996,112.59411141766388,-0.10715348124435854,5.8298393995000515,103.82857142857144,102.79838274932614,0.5365621921631533,0.5529081890920329,0.5739095636571527,0.5961417270512738,0.15782450044166094,0.1356475725025568,0.23560041857325173,0.2721822299633106,0.732392348434114,0.7012937866449305,0.6591420484277627,0.622200214822166,16.142857142857142,17.142857142857142,39.142857142857146,48.0,114.89899354659566,114.42687492331366,229.32586846990932,0.47211862328200027,132.0,121.0,253.0,11.0,1
401810041,2025-11-09T01:00Z,2026,CLE,4,9,8,1,1,1,1,114.95079507950001,115.50783189668475,110.40334738849918,113.31351843107042,4.54744769100082,2.1943134656143304,104.16666666666667,103.2875,0.5500007212652369,0.5709071057672536,0.5865920770847399,0.6035767012552359,0.14914253205353323,0.15328667534546297,0.2648954375507946,0.2490803895619125,0.7120886356766757,0.7608403733833959,0.6601455422883995,0.6868149955203525,18.333333333333332,17.875,43.55555555555556,58.25,114.83437862725476,113.65057244028253,228.48495106753728,1.1838061869722338,128.0,122.0,250.0,6.0,1
401810080,2025-11-14T00:00Z,2026,CLE,28,10,11,1,2,1,0,116.45388281979145,115.51890632406278,110.60450110594789,114.20630105161904,5.849381713843544,1.312605272443732,104.66943396226414,101.65,0.5303704199999547,0.5559879030505825,0.569863198129706,0.5918704018073899,0.13285955555122925,0.131855016880241,0.2923302642981587,0.2239729168051107,0.7195729087394549,0.7070344155112751,0.6626412683244982,0.6880848566220498,17.1,19.4,47.2,48.6,115.40497054190438,116.63413356644561,232.03910410835,-1.2291630245412364,113.0,126.0,239.0,-13.0,0
401810083,2025-11-15T22:00Z,2026,CLE,29,10,13,1,2,1,0,116.52436767729455,106.78917505204288,112.47606986392637,116.85110140953218,4.048297813368164,-10.061926357489293,104.16943396226414,102.58999999999999,0.5291957326183708,0.5051991833192853,0.5674002472560238,0.5516124241096177,0.12862067453750034,0.14564002615839317,0.2964492574331702,0.2288488597275637,0.708150200121124,0.7603376722274217,0.6670815434964806,0.7402769807949233,17.0,14.7,48.6,44.0,117.01250623099514,113.33789481605754,230.35040104705269,3.6746114149376012,108.0,100.0,208.0,8.0,1
401810096,2025-11-18T00:00Z,2026,CLE,15,10,14,3,2,0,0,115.98003305474761,114.17064335060903,113.12730841088187,117.55051528317514,2.852724643865758,-3.379871932566148,103.95943396226414,101.15622641509434,0.5304572492732256,0.5843830036934825,0.566022300396844,0.6022003483045906,0.1299417205512838,0.14118569157451716,0.2930895736387038,0.20901383567349954,0.716470451298518,0.705891994343842,0.6661368741307586,0.616862937752765,15.9,15.3,47.2,48.6,119.75193160154917,116.55592369494795,236.3078552964971,3.196007906601224,118.0,106.0,224.0,12.0,1
401810110,2025-11-20T00:00Z,2026,CLE,10,10,12,2,3,0,0,116.60104533999068,125.8360730239547,110.55795323450772,111.44660344102927,6.043092105482934,14.389469582925415,104.56943396226413,99.55377358490566,0.5456471226909471,0.5818229981853635,0.5790723629010955,0.6154869592692865,0.13294504083435899,0.15122379821973478,0.2820797559668945,0.393014017434931,0.7386218118427357,0.7482012783441355,0.651526484520369,0.588432098999818,15.5,16.1,49.8,56.0,116.37454385693053,120.63376721216807,237.0083110690986,-4.259223355237538,104.0,114.0,218.0,-10.0,0
401809790,2025-11-22T00:00Z,2026,CLE,11,10,15,2,2,0,0,117.13251130026443,105.1497121626348,111.01024246563694,118.48156460310224,6.122268834627491,-13.331852440467406,104.35943396226416,103.73999999999998,0.5497211967650211,0.47955664395015274,0.5833236769741869,0.5303482763051479,0.13118602220798123,0.14263742601810803,0.2760000913966639,0.28738909644852545,0.7300932833142072,0.7135617477098279,0.6404153734092579,0.6273550988589429,16.2,12.2,50.2,47.0,122.57788957258133,112.4569105086301,235.03480008121142,10.120979063951225,120.0,109.0,229.0,11.0,1
401810133,2025-11-23T23:00Z,2026,CLE,12,10,16,1,1,1,1,118.18733477576828,112.07596795766749,111.71512100111552,119.447790845736,6.472213774652767,-7.371822888068472,103.65943396226415,98.15379310344828,0.5537927825405337,0.5392998087223141,0.5870435157819276,0.5860697596929243,0.12837389866670104,0.1478305789898439,0.28029712936078577,0.22504609361093603,0.7297727704936944,0.7280000323571473,0.6305316524790254,0.6134611251770933,14.8,9.9,51.8,45.4,116.2979355471662,109.52270448945568,225.82064003662188,6.775231057710528,120.0,105.0,225.0,15.0,1
401810157,2025-11-30T23:00Z,2026,CLE,2,10,19,1,1,1,1,112.61362626670704,119.2249909529947,111.08846721047355,114.87498445504824,1.5251590562335007,4.350006497946485,103.00943396226417,97.37,0.5425896426363943,0.560453618166094,0.5754148888526596,0.5857108493493478,0.13778999163528266,0.12133485220101407,0.24794925902084747,0.294748477405355,0.7622861873094366,0.7405613305247432,0.6313661940589086,0.5997943782110691,13.2,13.3,47.8,43.2,110.54129469452141,111.91394492316688,222.45523961768828,-1.372650228645469,115.0,117.0,232.0,-2.0,0
401810179,2025-12-04T00:00Z,2026,CLE,22,10,21,2,1,0,1,114.55961423105214,110.38932343716013,112.70416345145209,118.25308643864646,1.8554507796000692,-7.863763001486332,100.92,103.29075471698113,0.5575525533325878,0.5082875762105903,0.5864453130939496,0.548672720246966,0.14108961556976118,0.1628722660639294,0.2611904184841138,0.3311543959969763,0.7410309511401459,0.7252556736888657,0.626310137527769,0.5870142030303592,14.8,10.1,47.4,48.0,118.85714327864441,110.47836662516862,229.33550990381303,8.378776653475796,110.0,122.0,232.0,-12.0,0
401810196,2025-12-06T00:30Z,2026,CLE,24,10,21,2,2,0,0,113.97948450188635,116.96136025071931,111.99251892461443,113.77280075048688,1.9869655772719266,3.18855950023243,101.16999999999999,101.22999999999999,0.5543435283150522,0.5536904074966484,0.5838924536673259,0.5947645948950931,0.13584306795859558,0.12767358077562496,0.24998640510618744,0.24873607475687312,0.7478519774229996,0.7475149991781684,0.6234218191709012,0.5909690575804694,15.7,12.9,46.6,48.2,115.24265633770082,115.85066286271883,231.09331920041967,-0.6080065250180127,130.0,117.0,247.0,13.0,1
401810207,2025-12-07T00:30Z,2026,CLE,9,10,23,1,2,1,0,116.10402662642848,110.61068407118528,113.63869990412873,110.55795613379867,2.4653267222997384,0.0527279373866185,101.14,100.57000000000001,0.5635197681581454,0.5281123059119023,0.5933175961103105,0.5625846106008467,0.13018576230128992,0.1547996077710941,0.25107336162792654,0.277982843608683,0.7483009570148365,0.6970328841674845,0.6242639244340591,0.6907129539102683,17.3,10.3,50.6,43.2,110.87097221572114,113.08335810415147,223.9543303198726,-2.212385888430333,94.0,99.0,193.0,-5.0,0
401836799,2025-12-14T20:30Z,2026,CLE,30,10,25,1,1,1,1,115.99819996655026,110.35165089144718,113.76098646684777,115.27473947639164,2.2372134997024657,-4.923088584944452,101.4,100.35641509433962,0.5357303793371702,0.53110956358127,0.5712270320284194,0.5728578623309423,0.11924441915823929,0.14286527917675046,0.2835037448647614,0.22999797527005747,0.7539954014592808,0.7424733880263047,0.6207234105276915,0.6036838687201143,16.5,10.2,50.6,49.6,113.15243798807026,109.64919355506233,222.8016315431326,3.5032444330079358,111.0,119.0,230.0,-8.0,0
401810239,2025-12-20T00:30Z,2026,CLE,4,10,26,2,2,0,0,112.33015959398367,108.83715698516453,114.95556170261413,116.32058392651975,-2.625402108630466,-7.4834269413552335,102.15226415094341,103.25,0.5201063522023046,0.542041162482485,0.5590935775214605,0.5746138243982739,0.12255800225721977,0.14833587580874624,0.2733461404518378,0.22528703423675828,0.7590392611084036,0.7534765984621569,0.6263423027194112,0.6481400127637531,16.0,17.9,51.8,54.4,117.41345104727014,114.91882779741222,232.33227884468238,2.4946232498579235,125.0,136.0,261.0,-11.0,0
401810257,2025-12-23T00:00Z,2026,CLE,30,10,28,3,2,0,0,114.08461690788268,108.55324196002009,116.63943584224049,109.89642046414342,-2.554818934357807,-1.343178504123333,102.8622641509434,102.078679245283,0.5251365103905373,0.5324398121084915,0.5628577323531173,0.5688302953161014,0.12454535693360362,0.15209624814117753,0.29154058489628226,0.22604749485616238,0.7540342054966744,0.7351097771216721,0.6159256360527444,0.6553315896349124,14.6,14.4,53.8,49.2,114.75721275472118,115.37799958679433,230.1352123415155,-0.6207868320731507,139.0,132.0,271.0,7.0,1
401810267,2025-12-24T00:30Z,2026,CLE,3,10,30,1,1,1,1,115.92736287313815,116.39662282449667,117.16428930145359,115.33810408599656,-1.236926428315436,1.0585187385001134,102.5722641509434,105.05339622641509,0.5388388697371799,0.5523056006930909,0.5764908888492185,0.597449798463546,0.12116535027104788,0.1188781752634851,0.2767308022875866,0.232744505788325,0.728558015020484,0.7129110898272176,0.6250165451436536,0.6043505273544022,14.7,17.5,53.4,69.2,116.44036485218116,117.5961036498349,234.03646850201608,-1.1557387976537399,141.0,118.0,259.0,23.0,1
401810320,2025-12-31T20:30Z,2026,CLE,21,10,32,1,1,1,1,113.31129688607457,111.0002870943938,114.67012494668757,112.09535806054846,-1.3588280606130032,-1.0950709661546594,103.7322641509434,100.21,0.535981823653036,0.5217424244162072,0.5716520464794174,0.5569170742185452,0.13071954573812788,0.14989102996147766,0.25691496749964493,0.2983920644940735,0.7310024260852563,0.6997125504866432,0.6462984566723333,0.599923321935517,13.1,14.6,53.6,47.8,111.47711314392402,111.60755685007105,223.08466999399508,-0.13044370614703382,129.0,113.0,242.0,16.0,1
401810333,2026-01-03T00:30Z,2026,CLE,7,10,33,3,2,0,0,116.11640424278771,121.46002141497692,115.46970855550494,118.17687879124696,0.6466956872827675,3.2831426237299595,104.2922641509434,101.00490566037736,0.5545419872044379,0.5879052934204873,0.5908257179566128,0.6278334629241202,0.13291685326271044,0.12500028638372604,0.24799252412284326,0.2163941520400463,0.7165768140325256,0.7418185807539055,0.6703412494651262,0.6406017021156872,14.0,16.6,54.4,51.4,120.24936978172514,121.60250751775096,241.8518772994761,-1.353137736025829,113.0,108.0,221.0,5.0,1
401810349,2026-01-04T19:00Z,2026,CLE,8,10,34,1,2,1,0,114.81859819231434,115.06332726206904,114.05937484643214,107.93649986312462,0.7592233458822012,7.126827398944433,103.9722641509434,102.81679245283017,0.5638443127858334,0.5457916863139383,0.5930990978742925,0.5805151594424602,0.14314434554645877,0.14681495750243947,0.25329271174010404,0.3147405780494016,0.732373915481801,0.729009064669282,0.6764671711894599,0.6253306498825261,13.6,22.5,54.4,61.6,111.70354270787087,118.45016853881103,230.1537112466819,-6.746625830940161,110.0,114.0,224.0,-4.0,0
401810397,2026-01-10T18:00Z,2026,CLE,16,10,38,1,1,1,1,116.71456694257571,116.48574583418761,113.59706362201212,109.24364724249742,3.117503320563615,7.242098591690177,103.63,103.52358490566034,0.5805555091293362,0.5665202768297826,0.6083937242209738,0.5947014626105889,0.14498253884404436,0.11861810734825481,0.25957397677136906,0.25019207272855726,0.7321071101587611,0.7519548978792635,0.6765710021955463,0.6251162236072723,15.7,18.4,54.0,53.6,113.50953121024841,115.58151109974303,229.09104230999145,-2.0719798894946138,146.0,134.0,280.0,12.0,1
401810413,2026-01-13T00:00Z,2026,CLE,26,10,38,3,2,0,0,117.62596544550316,113.30238280272583,114.01135251254796,123.87503049179989,3.614612932955226,-10.572647689074055,103.45,102.4311320754717,0.5795247744966525,0.549165126636928,0.6063857992193448,0.5863082722317747,0.14228669655545026,0.14646939592291305,0.2655705983929907,0.242995386847474,0.7402303594584809,0.696555586036242,0.6706619112864555,0.6975317002459489,15.6,15.4,56.6,54.6,124.30124610231461,116.99902290753174,241.30026900984635,7.302223194782869,112.0,123.0,235.0,-11.0,0
401809248,2026-01-19T19:30Z,2026,CLE,25,10,43,2,1,0,1,117.59864522291541,114.699214668582,112.51207026272034,105.9973939293764,5.0865749601950885,8.701820739205608,103.36000000000001,101.5311320754717,0.5859105684568847,0.5466056495937636,0.6132921301796104,0.5894912781507016,0.1482956741441174,0.11075722531137129,0.2498211580248773,0.18185017752436733,0.7568561764519453,0.7026689680986732,0.7253205534572927,0.582448961209875,17.2,14.7,51.6,52.0,114.53211397376143,112.89242517050049,227.42453914426193,1.6396888032609382,104.0,136.0,240.0,-32.0,0
401810493,2026-01-24T00:30Z,2026,CLE,23,10,45,2,2,0,0,113.97733891124908,112.35066920364136,113.84853553874434,115.96288289039089,0.12880337250473478,-3.6122136867495636,102.77000000000002,99.01000000000002,0.5640553044680001,0.5537987278987119,0.5953942705451734,0.588235907050054,0.1616611749755033,0.1460891311543609,0.27422826947829665,0.2426050027029219,0.7673686823523377,0.7025322907152105,0.7076525716304156,0.6008944751147205,15.8,15.1,50.6,50.0,115.99334488783728,114.10618883229648,230.09953372013376,1.8871560555407996,123.0,118.0,241.0,5.0,1
401810513,2026-01-27T00:00Z,2026,CLE,19,10,44,2,2,0,0,116.39942159203926,110.86865683558888,114.46121320498192,116.80457101523658,1.9382083870573592,-5.935914179647697,102.32,99.49245283018867,0.5672028245656171,0.5236084846661273,0.5991274655681572,0.5652870801340066,0.1522510039357227,0.14692905100679024,0.2694016559060385,0.25477493866762047,0.7592159578027584,0.7603585182933009,0.6825831062121129,0.6726552789522704,14.7,12.7,52.8,51.2,117.6586743946688,113.68593442198808,231.3446088166569,3.9727399726807135,114.0,98.0,212.0,16.0,1
401810526,2026-01-29T00:00Z,2026,CLE,13,10,45,2,2,0,0,116.59477157499627,117.70224326951424,113.41648225995966,116.86215749678915,3.1782893150366136,0.840085772725088,101.61999999999998,98.58999999999999,0.5659657704804617,0.5676472229664349,0.5992954092183822,0.5990980480128714,0.1504875072665067,0.1265464557029808,0.2602746717790544,0.24546622690519668,0.7492813172798826,0.7557667142673201,0.6699980721985075,0.5990388646594719,15.4,18.0,51.6,50.6,116.8510294236554,115.68070009563993,232.53172951929534,1.1703293280154696,129.0,99.0,228.0,30.0,1
401810631,2026-02-12T00:00Z,2026,CLE,27,10,52,2,4,0,0,118.43947998394705,108.28941257466904,106.49977272948135,117.44156383752015,11.939707254465693,-9.152151262851111,101.13999999999999,102.02,0.5705524752290116,0.5200004914734124,0.6001570170385067,0.5536380590604025,0.1379264441653273,0.1519267353135826,0.2820906056925615,0.25691492330147786,0.734334068963225,0.6835171198985149,0.6323064389036553,0.6189694921290214,14.7,14.0,55.6,45.4,119.80398215692317,109.09142721597797,228.89540937290116,10.712554940945196,138.0,113.0,251.0,25.0,1
401810648,2026-02-20T00:00Z,2026,CLE,17,10,53,8,8,0,0,122.2661825182809,106.09078267912776,108.63927907711457,116.76093385331146,13.626903441166338,-10.670151174183696,101.55,98.89999999999999,0.5907297359962184,0.5192342089535167,0.6214819381845754,0.5536682720901753,0.13711375833777523,0.17527600524459883,0.28916363616984736,0.27816939134455565,0.7274822171113731,0.7962604917823848,0.6401495761585574,0.6848633232644656,14.8,11.9,56.6,48.6,119.7824636917142,107.60660219759691,227.3890658893111,12.175861494117285,112.0,84.0,196.0,28.0,1
401810690,2026-02-25T00:30Z,2026,CLE,18,10,59,3,2,0,0,121.78136092294092,115.24533461147871,109.1274650324203,108.16302168139,12.65389589052057,7.082312930088724,100.95,97.78795705920624,0.5891510801907957,0.5566011182536683,0.6192971416416999,0.5868771521108608,0.14094585137684873,0.11737432051953149,0.296501929300237,0.23131354980448057,0.7166838977836419,0.7534974157995362,0.6553407472487641,0.6743805818741267,16.2,16.8,57.6,46.4,114.24669209006302,111.47847955220772,225.72517164227074,2.7682125378553053,109.0,94.0,203.0,15.0,1
401810739,2026-03-04T00:00Z,2026,CLE,8,10,59,3,3,0,0,118.62970423274206,114.11539295083871,111.4508168994146,104.05920885920732,7.178887333327429,10.056184091631405,98.69226415094339,101.30226415094339,0.5664563565777023,0.52859252492293,0.6065026799861031,0.5643299651476604,0.14484853467724976,0.14267021067838803,0.28678231245018543,0.3355231666870582,0.7167856384887848,0.7567738037523059,0.6518169388986904,0.5871780848172683,11.2,17.0,52.4,60.2,111.34141032971067,112.78001934961452,224.1214296793252,-1.4386090199038506,113.0,109.0,222.0,4.0,1
401810776,2026-03-08T17:00Z,2026,CLE,2,10,63,4,1,0,1,117.82299249029431,117.8794094765271,110.801663621082,105.2115844041657,7.021328869212302,12.667825072361397,97.80226415094339,94.55,0.5620033967468354,0.5542762804211797,0.5998319082291245,0.5798789928890018,0.14382502496941527,0.1376420689317679,0.28622675689462984,0.31123499714516273,0.7238495205526669,0.795705347769236,0.6576521791732899,0.6682687283126317,10.9,10.1,50.2,43.8,107.25301462399267,106.66925628357181,213.9222709075645,0.5837583404208573,98.0,109.0,207.0,-11.0,0
401810786,2026-03-09T23:00Z,2026,CLE,20,10,63,1,2,1,0,116.44358989789794,107.85334875948578,110.78944626590769,115.66269502256614,5.654143631990233,-7.809346263080341,97.1222641509434,103.08999999999999,0.5553679063524978,0.5092241403983168,0.5927639634353846,0.549558197771606,0.14149635494438023,0.13438321158591096,0.28054796363819684,0.22740989102047493,0.7308092275123739,0.7364110073103209,0.6652269300038547,0.5653254058043299,11.8,19.0,49.0,51.8,112.69102270690595,109.43742258081163,222.12844528771757,3.2536001260943266,115.0,101.0,216.0,14.0,1
401810832,2026-03-15T19:30Z,2026,CLE,6,10,67,2,2,0,0,116.9096820233436,103.33443206182862,112.94022472202035,118.73499308359855,3.9694573013232506,-15.400561021769951,97.2622641509434,101.22,0.5588119302771901,0.49574331124635673,0.5907362375047615,0.5368264209828182,0.1284643035700058,0.16356585981950378,0.25583003632873635,0.251326154703701,0.750569536096572,0.7461965290001711,0.6640325638223255,0.6345183799419999,12.4,14.0,48.8,47.6,116.92822162584831,107.31670889231633,224.24493051816464,9.611512733531981,120.0,130.0,250.0,-10.0,0
401810904,2026-03-25T00:00Z,2026,CLE,19,10,71,4,2,0,0,118.46938924514745,116.47203098607307,113.99183971934042,112.1929131406122,4.47754952580703,4.279117845460841,97.94000000000001,101.62943396226414,0.5675969968973626,0.5397861997813048,0.5978470272128408,0.5845340407291008,0.12505718044994862,0.131547179480788,0.24860798704697135,0.2537506925106425,0.7842272759157344,0.7558785395301688,0.6579704385741538,0.6280972277514831,12.8,13.5,49.6,50.0,115.08286280889668,114.98386056357951,230.0667233724762,0.09900224531716617,136.0,131.0,267.0,5.0,1
401810910,2026-03-25T23:30Z,2026,CLE,14,10,72,0,2,1,0,121.61404333319777,117.11756828742048,117.03167200445573,117.58009301748567,4.582371328742041,-0.4625247300651626,97.94,104.2,0.5776410886081212,0.5356274317474554,0.6089447153494102,0.5831683801058836,0.11562321818579765,0.11363591289512928,0.2457363654253497,0.2558908110339655,0.7608181850066434,0.7382385430014269,0.6334206186461826,0.6787629219256853,13.0,17.6,51.8,56.0,117.25045410067334,118.32731858149963,235.57777268217296,-1.0768644808262877,103.0,120.0,223.0,-17.0,0
401810923,2026-03-27T23:30Z,2026,CLE,14,10,73,2,2,0,0,120.13524370777039,117.03500194053939,117.71842476475103,117.32767303000121,2.4168189430193556,-0.2926710894618054,98.30999999999999,103.78,0.5741886051168779,0.5408980870181107,0.6072075842426174,0.5873028241115522,0.11931450066146135,0.11422653347865841,0.23989657214369595,0.239404324547479,0.7743316985201569,0.7585227807275251,0.6366537013529495,0.6921557790685424,12.5,17.4,52.2,53.2,119.97220210884063,118.60330000718034,238.57550211602097,1.3689021016602965,149.0,128.0,277.0,21.0,1
401810991,2026-04-05T22:00Z,2026,CLE,11,10,77,2,2,0,0,120.8645089619379,120.17883363666667,119.27381875959463,125.63937557341231,1.590690202343275,-5.460541936745627,100.07999999999998,102.25,0.5775833298194305,0.6216290097779734,0.612760720160547,0.6438736730085524,0.1258437200755385,0.14117884521568214,0.2413775714913064,0.1937018937040787,0.7753262696656286,0.6976306915146446,0.6559883654041426,0.7502824727691981,11.4,18.0,56.0,50.2,124.6878273950935,121.12113789833886,245.80896529343238,3.5666894967546483,117.0,108.0,225.0,9.0,1
401811013,2026-04-08T23:00Z,2026,CLE,1,10,79,1,2,1,0,121.98514396209457,118.00294673870053,117.67785258382924,108.00545215595487,4.307291378265333,9.99749458274568,100.4,101.30622641509434,0.582145425538324,0.5695022925721475,0.6158718685018144,0.5997438914351145,0.125662515694917,0.1354346119613315,0.2539569365706715,0.27367612187341034,0.7728352166762368,0.7563484919480135,0.6502874255171563,0.6538349015691592,10.7,20.3,58.0,47.4,112.49704799077976,118.8457116746015,231.34275966538127,-6.348663683821741,122.0,116.0,238.0,6.0,1
401811042,2026-04-12T22:00Z,2026,CLE,27,10,81,2,2,0,0,121.0435335649654,109.61319416217547,119.30536639670899,123.53288688269853,1.7381671682564057,-13.919692720523068,101.06,105.08000000000001,0.5787793149047719,0.540660658435715,0.6173991113850661,0.5686737709048593,0.12483950357721618,0.146632665379362,0.2359732391985654,0.2200044666977301,0.7640553529576997,0.7484111849264938,0.6411437643003244,0.5654923254604564,11.6,12.8,58.0,54.8,126.04245827770363,117.97318018402112,244.01563846172473,8.069278093682513,130.0,117.0,247.0,13.0,1
401810032,2025-11-06T01:30Z,2026,DAL,3,7,7,2,1,0,1,102.54093523818517,107.8971435978112,110.78531349808337,123.10403602083879,-8.244378259898191,-15.206892423027616,104.44285714285715,99.33692722371968,0.5034319521085905,0.4999108075486466,0.5513572749435253,0.5417960316202524,0.15619245162677112,0.14616421929296544,0.19159121950986752,0.2760999087944094,0.72474583128092,0.6884298202440092,0.6437555679780786,0.6035757132310289,16.0,15.285714285714286,45.42857142857143,48.0,114.95470896641585,108.06543008300487,223.02013904942072,6.889278883410981,99.0,101.0,200.0,-2.0,0
401810058,2025-11-11T01:30Z,2026,DAL,15,10,10,2,2,0,0,102.4438465521614,116.9920950924248,109.18683769856554,115.71400137683273,-6.742991146404141,1.2780937155920824,103.82000000000001,102.67999999999999,0.5026316372768596,0.5958734158050387,0.5447134162094669,0.6142482425379534,0.15426453918993382,0.13826473727637484,0.20528260738380055,0.20569015454495226,0.7363444305689184,0.7213433842844458,0.6207061176618751,0.5965358121503048,18.0,16.3,48.8,51.0,112.62398899334322,116.76487405334878,229.388863046692,-4.140885060005559,114.0,116.0,230.0,-2.0,0
401810076,2025-11-13T01:30Z,2026,DAL,21,10,11,2,2,0,0,104.19841360631294,114.91152855703083,107.8738682782164,113.15641840831631,-3.6754546719034487,1.7551101487144962,104.21,100.38547169811321,0.5064897664226564,0.5640025842581231,0.5492563627833704,0.5986745197572312,0.15272842502390213,0.1678207259657305,0.2173018381530313,0.27854471769365385,0.7463677405922284,0.717284674757221,0.6237575561971846,0.6899110071116097,20.1,13.1,51.4,38.8,111.17453595474309,113.95220838239688,225.12674433713997,-2.7776724276537834,114.0,123.0,237.0,-9.0,0
401809788,2025-11-15T01:30Z,2026,DAL,12,10,11,2,2,0,0,105.29135196341001,112.41156596577272,108.91155691438094,117.14885607076569,-3.6202049509709155,-4.737290104992939,103.75000000000003,97.42999999999999,0.5175098509892525,0.5646782116650603,0.5566676954069089,0.6016475189568158,0.15356627793474714,0.16738289822965996,0.21766509710476972,0.24995058094048,0.7407759038575346,0.7300871350871352,0.6376498450588738,0.6130675027811825,20.2,10.8,51.8,47.6,111.87630263078867,111.31446465257329,223.19076728336196,0.5618379782153795,127.0,133.0,260.0,-6.0,0
401810093,2025-11-17T00:30Z,2026,DAL,22,10,12,2,2,0,0,102.68223836722416,114.72371190061544,107.6838946515112,116.58705372170304,-5.001656284287059,-1.8633418210876473,103.23379310344828,104.17,0.5022989181312608,0.5316286054316053,0.5435109884689566,0.5753748854423053,0.15511706199397635,0.15778467416209735,0.21084578401367962,0.31963043222248694,0.7530094929453435,0.7020205779903474,0.6145589359679646,0.5966222156129602,19.6,17.1,50.6,53.4,113.69320722587855,115.32045303492599,229.01366026080456,-1.6272458090474373,138.0,133.0,271.0,5.0,1
401810117,2025-11-20T02:30Z,2026,DAL,18,10,13,2,2,0,0,104.26535890787447,122.18108898110772,110.51427947009263,115.18891675403616,-6.248920562218183,6.9921722270715545,103.66454782042942,102.31,0.5124523249878121,0.5626260991728028,0.5486873740395293,0.5973061807112167,0.1601061123838437,0.12699101710096136,0.22953459520249084,0.306733049609333,0.7392168575245076,0.7783419879129261,0.6026048361462178,0.635029084184824,19.8,15.3,51.8,50.2,113.00498799180478,119.82330824161053,232.8282962334153,-6.818320249805751,111.0,113.0,224.0,-2.0,0
401809794,2025-11-22T01:30Z,2026,DAL,3,10,15,2,2,0,0,104.03935081864786,109.05311657551151,109.27736318133176,120.89643244883878,-5.238012362683927,-11.843315873327267,103.96454782042943,100.44000000000001,0.5105405602819298,0.5220060392413284,0.5464691025643387,0.5563915852392916,0.16259171110917767,0.1618716221443218,0.23529040915597918,0.297763451519068,0.738645428953079,0.7145137963730284,0.6006720630369741,0.5875390938530834,19.8,15.1,52.2,51.0,114.94474266856182,111.56935747528743,226.51410014384925,3.375385193274383,118.0,115.0,233.0,3.0,1
401810128,2025-11-23T01:30Z,2026,DAL,29,10,16,1,2,1,0,105.24125039908031,106.47765364040129,109.4152210816499,112.66417473726133,-4.173970682569584,-6.186521096860034,104.29454782042941,102.33,0.5176834174247869,0.49246103374692707,0.5555760161244552,0.5368767040648625,0.1668611564501339,0.14224205198835824,0.23988224589067308,0.2507015149121004,0.7519787622864123,0.770031610003201,0.6006720630369743,0.744700259325991,19.3,12.3,50.6,43.4,109.18467909580643,111.52191904274112,220.70659813854755,-2.3372399469346874,96.0,102.0,198.0,-6.0,0
401810187,2025-12-04T01:30Z,2026,DAL,14,10,21,2,2,0,0,108.9786822446686,114.28647383404866,111.84270442082655,108.64300648110938,-2.8640221761579414,5.643467352939288,102.69454782042942,107.58,0.5221670199230762,0.5416993487551635,0.5606409128500703,0.5781315506307841,0.14156642430031482,0.13084583795354246,0.22754771253110126,0.26220953869184405,0.7376578433629137,0.7224633976935799,0.5854632213542634,0.6750753499589308,15.4,18.9,47.6,54.2,114.400755481828,118.87302676637292,233.27378224820092,-4.472271284544917,118.0,108.0,226.0,10.0,1
401810211,2025-12-07T01:30Z,2026,DAL,10,10,20,1,1,1,1,109.96716165176858,118.73448124079623,114.02083957837314,106.19925560444759,-4.053677926604567,12.535225636348644,101.7,99.17377358490567,0.5305684213232535,0.5373285687243496,0.5643121211871867,0.5782378335042452,0.13585385591169763,0.14562224592374523,0.222580305420837,0.36993409945662403,0.7450229018149286,0.7252719792705661,0.6114881177198278,0.5602419553964318,15.2,16.9,43.8,56.4,105.29874759471963,113.37951606616139,218.67826366088102,-8.080768471441758,122.0,109.0,231.0,13.0,1
401836795,2025-12-13T01:30Z,2026,DAL,17,10,23,6,7,0,0,113.8306241788242,110.18668318303821,114.32363287767134,113.47478436974714,-0.49300869884714144,-3.2881011867089294,100.44,98.05999999999999,0.5492986939200972,0.5391876060272998,0.5828309374406568,0.5772010394760974,0.13098216732450646,0.16801722576693118,0.22939848723901882,0.2560697758532831,0.7348101358574818,0.755716926384267,0.6181507827858542,0.691938679080233,17.0,13.0,47.0,41.6,112.80030899222854,111.41324434512713,224.21355333735568,1.3870646471014112,119.0,111.0,230.0,8.0,1
401810231,2025-12-19T01:30Z,2026,DAL,8,10,26,3,3,0,0,114.74916962021635,115.84990514218858,115.17363425502205,110.88265715661719,-0.4244646348056963,4.967247985571393,100.5222641509434,102.78,0.5493943492034872,0.5405324194076904,0.5797554151796955,0.5846281495127768,0.12089867808874433,0.16274853225316005,0.2284880001832926,0.3324146581957414,0.7442148977622437,0.7550332345412315,0.5991756275063512,0.5871629117044899,17.0,16.0,53.0,53.8,114.6786531206093,117.41902157904401,232.0976746996533,-2.740368458434716,116.0,114.0,230.0,2.0,1
401810270,2025-12-24T01:00Z,2026,DAL,7,10,28,1,1,1,1,114.06625381765343,125.29828696640475,113.47829182657904,116.6055973616922,0.5879619910743978,8.692689604712578,102.5190566037736,99.71132075471698,0.5557499902750858,0.6143194685874507,0.5888753291130728,0.6452903362466632,0.13160881698581237,0.11774629682874889,0.2239165803839093,0.20126351648719587,0.7340140720105963,0.7673749203386657,0.5947356243363708,0.6580751814178936,18.2,18.2,59.2,50.6,113.12347461170309,117.0981032616606,230.22157787336369,-3.974628649957509,131.0,130.0,261.0,1.0,1
401810328,2026-01-02T01:30Z,2026,DAL,20,10,31,3,2,0,0,113.38464069271704,112.59688404345431,114.62931211199445,112.83103162853767,-1.244671419277409,-0.2341475850833723,103.3590566037736,100.44415094339624,0.5549147839254789,0.492693263899342,0.5893055960633845,0.5473516286338561,0.1411232153891611,0.12359705439382071,0.23189074974665652,0.2869576165653379,0.7120188918811283,0.7307309627845167,0.568138668921219,0.5979637210055168,19.1,11.5,65.2,42.4,115.2586990412781,115.77356903805712,231.0322680793352,-0.5148699967790122,108.0,123.0,231.0,-15.0,0
401810346,2026-01-04T01:30Z,2026,DAL,10,10,31,2,3,0,0,110.95569112734827,121.55755895685336,114.97897560415842,115.40150960454791,-4.02328447681016,6.156049352305439,104.26905660377358,95.61245283018869,0.5387627341071084,0.5811085489013114,0.5746541622026738,0.6074266941839175,0.13995305439558264,0.17019768866801366,0.22279984065574737,0.38334993494099023,0.7362294181969178,0.7684204837539839,0.5780026144994503,0.5859564378663835,17.9,12.7,64.2,53.8,113.11154738384448,118.19819891083404,231.30974629467852,-5.086651526989556,110.0,104.0,214.0,6.0,1
401810416,2026-01-13T01:30Z,2026,DAL,17,10,36,2,2,0,0,108.23069586735501,109.93723273183646,113.02034689220633,112.91553710499161,-4.789651024851333,-2.9783043731551486,104.4,96.28245283018869,0.5425389829732217,0.5305871585271009,0.5684828722361712,0.5677790285103864,0.14666689997734722,0.15768062170687758,0.2046998906494441,0.26089357213099096,0.7605849551330999,0.7091701022257494,0.58347793627912,0.6629346464637464,18.1,14.2,59.0,42.2,110.9504211676172,111.85918489008753,222.80960605770474,-0.90876372247034,113.0,105.0,218.0,8.0,1
401810430,2026-01-15T02:30Z,2026,DAL,7,10,40,2,1,0,1,109.4987400598314,115.04118230695204,112.91539164670723,119.7647343646149,-3.416651586875827,-4.723552057662863,103.21,97.52037735849056,0.5529122861406426,0.5468421753256553,0.579975195617448,0.5899655544800131,0.14548815732798634,0.12040830703045982,0.1950495409990944,0.1975997187158375,0.7552927323995517,0.7048650245537653,0.585550737088018,0.6360775612635957,17.5,11.9,56.8,41.2,115.05035933934441,110.96268709433672,226.01304643368113,4.087672245007695,109.0,118.0,227.0,-9.0,0
401810438,2026-01-16T01:30Z,2026,DAL,26,10,40,1,1,1,1,107.44590400699535,113.11591672261129,111.88664261795823,122.17897028578523,-4.4407386109628515,-9.063053563173948,103.05999999999999,101.7811320754717,0.5367832538825781,0.5552813745744143,0.5649003874562317,0.5901534922722168,0.14053089237072142,0.14827070478241045,0.1949910614669307,0.23283589721430015,0.7600945616678444,0.7002115168263191,0.5604241839356938,0.6893160329345369,18.3,16.4,56.8,56.2,114.06380156684106,111.76771401486185,225.83151558170292,2.2960875519792125,144.0,122.0,266.0,22.0,1
401810448,2026-01-17T22:00Z,2026,DAL,26,10,41,1,1,1,1,109.70635403517367,111.98525501588672,111.19627410068696,124.31653088536302,-1.4899200655133036,-12.331275869476306,103.36000000000001,102.38113207547171,0.545974728456886,0.5449902099157797,0.5741984293488958,0.5803971297324979,0.1420755446779062,0.1483361222697424,0.21229875377462298,0.23890464050108848,0.7610949618279084,0.7085448501596525,0.5909622173308702,0.6839732433364281,18.8,17.5,55.4,57.8,116.75922319216373,111.35022961253843,228.10945280470216,5.408993579625303,138.0,120.0,258.0,18.0,1
401810485,2026-01-23T00:30Z,2026,DAL,9,10,45,4,2,0,0,112.38472992430339,122.60112565774553,109.60436624753338,112.97754297976981,2.780363676769984,9.62358267797573,102.96,100.90999999999998,0.5575961390059668,0.5974680012880335,0.5833050242561992,0.6237437575076479,0.13778979996490795,0.12834777129695513,0.2148933058496303,0.25026338269445375,0.7660168522413242,0.7502681200661974,0.5976924746511895,0.7025938766942161,22.2,11.8,54.4,48.6,114.8615164423835,118.34933408682302,233.21085052920654,-3.4878176444395166,123.0,115.0,238.0,8.0,1
401810503,2026-01-25T01:30Z,2026,DAL,13,10,43,2,2,0,0,113.39263072344463,113.59399929081044,108.45313930605225,115.2278538870489,4.939491417392358,-1.6338545962384763,103.35,98.41999999999999,0.5672819381153186,0.5513976075975042,0.5927718091187573,0.5810356957770508,0.14559737176738446,0.13487520478109188,0.2251746911310156,0.24654584903745036,0.7732956876276625,0.7432579942004607,0.6010701047730056,0.5943433909189137,23.3,17.7,53.6,50.4,115.32188794964817,112.00612788672244,227.3280158363706,3.315760062925733,110.0,116.0,226.0,-6.0,0
401810532,2026-01-29T01:30Z,2026,DAL,16,10,47,4,2,0,0,113.2891437778524,113.05656947474233,109.51359826124803,111.93225381836962,3.7755455166043523,1.1243156563727061,103.45,103.20000000000002,0.5540904487536166,0.5699646301220921,0.581732361492573,0.5935376419611693,0.14062059047481373,0.15261290662384847,0.24077298172930622,0.2578335390631627,0.7673817091330389,0.7917066804770464,0.6029349066378076,0.6236649272764184,23.2,19.0,52.0,46.0,116.35500453314822,114.98531290660605,231.34031743975427,1.3696916265421635,105.0,118.0,223.0,-13.0,0
401810538,2026-01-30T01:30Z,2026,DAL,30,10,48,1,1,1,1,113.75538451182658,121.454685543895,111.40587539727275,106.64175358919226,2.349509114553798,14.81293195470273,103.46000000000001,98.21,0.5563225916107593,0.5828978505126681,0.5861198925857124,0.6102976516070886,0.14250635561610592,0.16144946465920937,0.24188409284041726,0.35436249937835684,0.7606441204805565,0.7786839450970102,0.612111694761964,0.6442247211362095,23.2,16.9,52.2,53.8,107.78516528901874,113.88039911313787,221.6655644021566,-6.095233824119134,121.0,123.0,244.0,-2.0,0
401810576,2026-02-04T01:00Z,2026,DAL,2,10,49,3,3,0,0,114.69830267908443,115.27542629100817,111.04574103951707,106.04095071630218,3.6525616395673675,9.234475574705991,103.17999999999999,97.06172413793102,0.5476761038894573,0.5343959019547964,0.5775390359639645,0.5654370163517604,0.12711912129745306,0.12613927627221383,0.251845916806483,0.28771518191490836,0.7559724033088394,0.7423171941381914,0.5803354425588827,0.5735547767891351,23.8,10.3,55.0,43.2,110.50302171202965,113.2973518879339,223.80037359996356,-2.79433017590425,100.0,110.0,210.0,-10.0,0
401810593,2026-02-06T01:30Z,2026,DAL,24,10,51,2,1,0,1,113.50031695149612,113.588694155658,111.71355344698881,107.43119966390434,1.786763504507271,6.157494491753696,103.05000000000003,100.37999999999998,0.534893552666721,0.5574136785424233,0.5668215107414136,0.5870900848192067,0.12210060492451658,0.13035323883428093,0.25476899372955997,0.22569741319694586,0.7659405899472275,0.7515467505398855,0.5719759202458721,0.6683526139636331,22.6,17.2,55.8,48.8,112.36024606267729,111.14559785728062,223.5058439199579,1.2146482053966707,123.0,135.0,258.0,-12.0,0
401810709,2026-02-27T01:30Z,2026,DAL,23,10,60,2,1,0,1,112.18668633551087,107.42318015526334,118.74060457231556,121.98102167463571,-6.553918236804654,-14.557841519372351,103.27000000000001,101.99,0.5291714566215907,0.487801393275405,0.5639563082728959,0.5319467099172743,0.11131099113250946,0.1383872624299467,0.22939567831101013,0.29170266175247195,0.740570661570513,0.7652882887493451,0.5495958425912956,0.6188482125986521,14.5,14.5,57.0,51.2,120.16315936540671,112.5742677489684,232.73742711437512,7.5888916164383176,121.0,130.0,251.0,-9.0,0
401810716,2026-02-28T01:30Z,2026,DAL,29,10,57,1,2,1,0,112.18668633551087,115.14816909409163,119.4248665469001,120.82123624242642,-7.238180211389209,-5.673067148334812,103.27000000000001,103.82000000000001,0.5389581041105036,0.5723903002140722,0.5720234039623787,0.6038108292178185,0.12108616219800312,0.13634034053305416,0.22444830988995745,0.21669132686748868,0.7263484393482906,0.690259266291864,0.5465402870357401,0.6626728962094816,14.8,17.4,57.2,48.8,117.01500591516272,121.44432487723248,238.45933079239518,-4.4293189620697575,105.0,124.0,229.0,-19.0,0
401810731,2026-03-02T01:00Z,2026,DAL,25,10,61,2,2,0,0,111.6414046497988,112.93790984171292,120.28403663853257,109.28828690573089,-8.642631988733754,3.6496229359820367,103.63,100.42283018867923,0.5361171950195944,0.5425810882561399,0.5715121197250059,0.5782227716730187,0.13017172407119737,0.14935060129095795,0.228796135976914,0.2624916878986646,0.735819898122075,0.7295789941197303,0.5650636884859708,0.6490773852625185,14.8,12.5,56.2,43.2,112.70332208654445,118.97399560351691,231.67731769006136,-6.270673516972465,87.0,100.0,187.0,-13.0,0
401810820,2026-03-13T23:30Z,2026,DAL,5,10,66,0,2,1,0,105.73484679948294,116.47179355649277,116.98682564532699,115.17250631732422,-11.251978845844025,1.2992872391685548,100.7,96.0722641509434,0.5103073706800544,0.5471236185888785,0.5494567709250384,0.5854509221527053,0.161472077669298,0.12805209707829307,0.2566291850067314,0.26483904533774527,0.7577003405039826,0.7304714968808856,0.6176324150297192,0.6654262920453219,12.8,11.3,49.4,46.6,105.4109670979363,114.84545271473745,220.25641981267376,-9.434485616801155,105.0,138.0,243.0,-33.0,0
401810861,2026-03-19T00:30Z,2026,DAL,1,10,68,2,3,0,0,104.44244174884008,120.66303352852792,117.83030000182819,103.03209752744715,-13.387858252988114,17.630936001080734,101.58000000000001,101.94,0.497388539687562,0.5626566017838437,0.5386873075008618,0.5972884053225552,0.14980330082781534,0.13542152182058484,0.2487507709873089,0.31135749848226196,0.7552301207314372,0.813617318038971,0.6559929968513994,0.6833072493847053,16.7,18.5,47.6,55.4,105.56304558377495,121.3454081002452,226.90845368402015,-15.782362516470243,120.0,135.0,255.0,-15.0,0
401810884,2026-03-22T00:30Z,2026,DAL,12,10,70,3,2,0,0,107.02634803886944,119.47693991782428,120.52405515985647,116.53968109913515,-13.49770712098702,2.9372588186891226,102.22,99.88,0.5085034507682733,0.5687305511044497,0.5521785889607161,0.6060141286000682,0.15065978167469152,0.1208375564033414,0.2568300392799919,0.2420426846924726,0.7428510104799866,0.7163105041072358,0.6572916981501008,0.5516827187872096,17.8,14.5,49.2,57.6,112.95673622197681,121.2605027629982,234.217238984975,-8.303766541021389,131.0,138.0,269.0,-7.0,0
401810899,2026-03-24T01:30Z,2026,DAL,9,10,71,2,2,0,0,110.29022109351145,109.86424353921734,121.7025740018588,116.79248448481903,-11.412352908347362,-6.92824094560167,101.94566037735851,99.10452830188679,0.5220699584524281,0.5265254966786865,0.5605950555206861,0.5596973534703303,0.1458212652287596,0.15736627349603252,0.27388430284588333,0.2898197236367968,0.7532676771466532,0.6892541452610103,0.6415178886262912,0.677221871728333,18.0,10.6,51.0,48.2,114.13755200579213,116.39138089621432,230.52893290200643,-2.2538288904221844,131.0,137.0,268.0,-6.0,0
401810950,2026-03-31T00:30Z,2026,DAL,16,10,74,3,3,0,0,113.99073631316313,110.52682421375842,120.90654975769033,111.7600363259437,-6.9158134445271955,-1.2332121121852602,102.7979245283019,101.0622641509434,0.5498324803671469,0.5380805959078915,0.5859649337638658,0.5783440025986337,0.1446963599452294,0.16438623430708268,0.25642679723840367,0.2721314961012031,0.7394849731920238,0.6986170328470716,0.650138577792646,0.6200272435459493,18.5,14.6,56.0,49.0,115.05398776173432,117.95012821123471,233.00411597296903,-2.8961404495003933,94.0,124.0,218.0,-30.0,0
401810982,2026-04-04T00:30Z,2026,DAL,19,10,76,3,3,0,0,108.98218785315426,109.38785486510221,120.54796496311567,120.36150939879242,-11.565777109961399,-10.973654533690208,104.0279245283019,102.68999999999998,0.5196878919026151,0.5123956969771057,0.5604067061821179,0.5674952632394784,0.13815483458673183,0.1541755037067683,0.22916703653046283,0.23013245412695787,0.7571121887437677,0.7439727590847127,0.6469734512647205,0.6405102439592999,19.5,9.9,53.6,43.6,118.52363274892406,118.8296386240069,237.35327137293098,-0.30600587508284605,127.0,138.0,265.0,-11.0,0
401810995,2026-04-05T23:30Z,2026,DAL,13,10,77,1,2,1,0,110.3689782117702,117.60021593230245,119.72034838428888,113.8752648705348,-9.351370172518685,3.7249510617676718,104.69792452830188,99.34,0.5245215277162872,0.5765444417106866,0.565043594414034,0.6183463991429219,0.1315158207805907,0.1387869479234062,0.22757129184961178,0.23861053815420452,0.7625175941491731,0.7408581167236744,0.6327390015039549,0.574301108791478,19.2,16.2,53.6,54.4,110.95425011888881,121.0559884776067,232.01023859649553,-10.101738358717895,134.0,128.0,262.0,6.0,1
401811048,2026-04-13T00:30Z,2026,DAL,4,10,81,2,2,0,0,109.4629886969254,108.57464931350053,119.13958580738452,118.60274904907153,-9.676597110459152,-10.028099735571043,104.0222641509434,107.67,0.5059999884087911,0.5285653559220702,0.5520984205309355,0.5660882048121355,0.11407227910395086,0.1521423772817365,0.21478430725590963,0.2333644850026607,0.7374185694690867,0.7392989738274419,0.6221752877337193,0.6284914800225961,16.0,19.5,48.4,57.8,120.69938099676342,120.5133550303511,241.21273602711452,0.1860259664123305,149.0,128.0,277.0,21.0,1
401810017,2025-11-04T02:00Z,2026,DEN,23,5,6,3,3,0,0,120.71073082457899,112.54987018617386,108.52892887921419,116.91329735680078,12.1818019453648,-4.3634271706269,100.6554716981132,102.2666666666667,0.5826436368058621,0.5454882702665615,0.6299348180327439,0.5799495891261429,0.14841086617612537,0.12841718484031492,0.2762912912912913,0.20124680229331393,0.7614511120830636,0.7129697781202236,0.6406907353436825,0.5978001814283359,20.2,13.666666666666666,56.0,48.333333333333336,120.54793981354577,112.15445663366513,232.7023964472109,8.393483179880633,130.0,124.0,254.0,6.0,1
401810033,2025-11-06T02:00Z,2026,DEN,14,6,7,2,2,0,0,120.87941676080709,115.716849847237,109.79158555165476,109.61955763103694,11.087831209152315,6.097292216200076,101.67955974842766,106.7857142857143,0.5817562952763627,0.5800545843916806,0.6256646602485584,0.6132496874735825,0.13616011632030423,0.1481483273766866,0.25861153706898393,0.2091570580866206,0.7678759267358863,0.7712868603634755,0.6439089461197355,0.6674533544790583,18.333333333333332,19.0,55.666666666666664,56.857142857142854,120.1275796529611,117.52669445610145,237.65427410906256,2.6008851968596503,122.0,112.0,234.0,10.0,1
401809779,2025-11-08T03:00Z,2026,DEN,9,7,9,2,2,0,0,119.88410458916185,113.64318214737366,109.04638238694591,111.07229040357396,10.837722202215923,2.5708917437997036,102.45390835579515,102.24192872117402,0.5672479702085937,0.5644327657695868,0.6131837978369721,0.6083124082380886,0.1393844080931406,0.16600861131447336,0.2772225873289703,0.22507362878000503,0.7851634927577439,0.7748878128217433,0.6615565053119327,0.7030256880791755,17.714285714285715,16.0,56.57142857142857,42.666666666666664,118.18953150329294,113.95906705164572,232.14859855493864,4.230464451647222,129.0,104.0,233.0,25.0,1
401810044,2025-11-09T02:00Z,2026,DEN,11,8,8,1,3,1,0,121.87227572604293,104.85941090190931,109.09979511489347,112.357758381665,12.772480611149458,-7.498347479755656,101.52216981132075,103.76637931034483,0.5786590471032512,0.4726754482120711,0.6232293714944473,0.5146625551552183,0.1338034623446559,0.13200416369716106,0.2668753194684046,0.2722621639825222,0.7703513894963593,0.7773200965335674,0.6712532464957671,0.61084198564978,17.375,16.375,56.0,47.75,116.60550386702229,109.80843743603248,226.41394130305477,6.7970664309898154,117.0,100.0,217.0,17.0,1
401810103,2025-11-18T02:00Z,2026,DEN,4,10,12,2,1,0,1,122.21654904076527,116.67023529261019,107.89831907790354,118.68790069899005,14.318229962861722,-2.0176654063798427,100.75999999999999,103.10310344827585,0.5712241921186917,0.5670464031102411,0.6150601447562686,0.6040400918023606,0.13585676998673293,0.14622543935189508,0.2921046919939644,0.25084689014614187,0.7726234166350445,0.7760888574590191,0.6521800159171242,0.6789812268899468,15.3,19.3,55.0,56.6,122.77882189611427,111.01951289484956,233.79833479096382,11.759309001264711,127.0,130.0,257.0,-3.0,0
401810129,2025-11-23T03:00Z,2026,DEN,23,10,16,1,2,1,0,122.6309224051046,104.13889189875337,112.18036728548184,122.11329051490505,10.450555119622758,-17.97439861615167,101.05999999999999,104.35999999999999,0.5751110450027224,0.5217491167238425,0.618124595303538,0.5541525174438029,0.131504319109019,0.15079152405768984,0.2830700191413115,0.19246042443163844,0.7436638234481899,0.7600900678028728,0.6584118999750952,0.6527263788383472,14.7,14.4,53.8,46.8,121.91773882871881,111.09075555406397,233.00849438278277,10.826983274654836,123.0,128.0,251.0,-5.0,0
401809818,2025-11-29T02:30Z,2026,DEN,24,10,17,4,2,0,0,124.06309920947736,116.2806124698548,114.58207810088996,111.17635144045987,9.48102110858742,5.104261029394948,99.52,101.6,0.5885183860274351,0.5606300141451588,0.6284134960701839,0.6013328396977994,0.13536522752923713,0.14964081069105512,0.28792312139668985,0.26623016829063834,0.7241935392104638,0.7511160003355605,0.6474551535421099,0.6458121311735427,14.2,14.5,52.2,50.2,118.27839578678844,116.07776081897046,234.35615660575888,2.200634967817976,136.0,139.0,275.0,-3.0,0
401810170,2025-12-02T02:00Z,2026,DEN,6,10,21,2,2,0,0,126.18159387718569,106.96975388166277,119.3167597362072,111.67145763403812,6.864834140978511,-4.7017037523753675,99.41,103.0145478204294,0.6038834380389321,0.5178402145375193,0.6438430303808221,0.5568676099924865,0.14307234987431153,0.1536965606534679,0.30369085837597976,0.2303932409863858,0.7293989029524128,0.7366578433629137,0.6404991807709198,0.5938440901563697,13.6,15.5,48.4,47.4,120.36824099967195,114.51486299239691,234.88310399206887,5.85337800727504,121.0,131.0,252.0,-10.0,0
401836806,2025-12-16T02:30Z,2026,DEN,10,10,22,4,4,0,0,127.45551119457886,117.12623279549685,120.34753277506888,108.47140447868621,7.107978419509986,8.65482831681064,99.43,98.72,0.6230922653155577,0.5423197119232919,0.652932380258579,0.5804014634454522,0.1302023807133974,0.16594907251964314,0.2616486094927493,0.3810650518375764,0.7460999155636507,0.7322059132045002,0.6598418220551466,0.5764123726638215,14.2,16.7,50.4,56.4,116.87229585164368,117.638566619519,234.51086247116268,-0.7662707678753122,128.0,125.0,253.0,3.0,1
401810232,2025-12-19T02:00Z,2026,DEN,19,10,26,3,6,0,0,127.86735491919055,116.18661796151136,120.78923919162628,112.28787922474116,7.078115727564265,3.8987387367701807,99.43132075471698,103.22,0.6226356089688085,0.5327017233836455,0.6535178029410738,0.5703936027234705,0.12489245222298159,0.12474474329214191,0.24636883904798604,0.26641744337593,0.7581929388194648,0.7729012953772164,0.6456557755435187,0.6081639839982504,13.8,16.6,50.6,58.8,121.66943846356514,120.05867609766122,241.72811456122636,1.6107623659039234,126.0,115.0,241.0,11.0,1
401810241,2025-12-20T22:00Z,2026,DEN,10,10,24,1,1,1,1,128.042236939737,117.42744334428566,119.38598429644321,110.23035564131445,8.656252643293785,7.197087702971236,99.53132075471699,99.00358490566038,0.630886597111101,0.5485423696126362,0.659890730699239,0.5845957161955886,0.12673208218785875,0.16910846173157387,0.23167722435637134,0.38058628434696157,0.7576610239258479,0.7414470363062681,0.6466988594437455,0.5907974271526644,15.8,15.8,50.6,58.4,114.7156597221165,114.01314892572458,228.72880864784108,0.7025107963919197,101.0,115.0,216.0,-14.0,0
401810260,2025-12-23T02:00Z,2026,DEN,26,10,27,3,2,0,0,125.44250245857067,116.42338912722407,119.22003502538311,122.39049083720779,6.222467433187577,-5.967101709983724,99.67132075471699,103.40830188679247,0.6128144518650427,0.549233655960751,0.6450154727466725,0.5904414490791552,0.1235058634399202,0.12944221991675503,0.21995241815482097,0.23545337914903136,0.7595582087483692,0.7236157501899054,0.6338903988091978,0.7177146516274422,16.1,11.2,51.0,49.6,125.82457689155606,119.63594413716153,245.4605210287176,6.188632754394533,135.0,112.0,247.0,23.0,1
401809242,2025-12-26T03:30Z,2026,DEN,16,10,30,2,2,0,0,124.43605865530671,113.57312926455361,117.78194642824576,108.7878700396172,6.654112227060926,4.785259224936418,100.321320754717,102.0411320754717,0.6109165647761985,0.5319031862084924,0.6401510307768198,0.573292453184247,0.1145985654786494,0.12929167928749424,0.19088045197106684,0.25983750655515364,0.765256820210296,0.7587754606608066,0.6542569995997117,0.6446232750439317,18.7,14.3,51.4,47.8,117.98941567349459,117.04395147977212,235.0333671532667,0.9454641937224721,142.0,138.0,280.0,4.0,1
401810392,2026-01-10T02:00Z,2026,DEN,1,10,39,2,2,0,0,120.18863693881747,112.73193498388164,121.13300673753038,114.09340758407991,-0.9443697987128783,-1.3614726001982747,99.70396226415093,107.23000000000002,0.5800674901199319,0.5625899596801286,0.6186243614549014,0.5884001377840649,0.12402292622541,0.13579002253994674,0.21680063747792647,0.18979075189069824,0.6992409283458488,0.7520485883403562,0.6628855862673293,0.7396382804431635,15.8,17.7,45.4,51.0,121.20227940117343,120.98649756271634,242.18877696388978,0.2157818384570902,87.0,110.0,197.0,-23.0,0
401810409,2026-01-12T01:00Z,2026,DEN,15,10,38,2,2,0,0,116.40239203107724,113.72639690068831,121.91936702544828,110.96976253481212,-5.516974994371034,2.756634365876219,98.80396226415094,98.38,0.5663295674146178,0.556782804490078,0.6069270145357435,0.5914791082014419,0.1333065928299489,0.14607520126170295,0.20765170130771365,0.22480836036741875,0.7109047362360719,0.761108274087747,0.655784136991967,0.6056406229504404,13.0,11.1,44.4,45.2,112.08535586459755,116.16391355429583,228.2492694188934,-4.078557689698286,108.0,104.0,212.0,4.0,1
401810455,2026-01-18T02:00Z,2026,DEN,27,10,40,3,1,0,1,114.53113379690353,107.2621295015634,118.23150883138938,116.9374353854469,-3.7003750344858397,-9.675305883883523,97.28037735849057,102.55,0.5481075652025361,0.5281646940728162,0.5887726568417886,0.5666656800153206,0.11362306024521303,0.16034826086024592,0.17808752359388627,0.2460796257464343,0.6969063682230161,0.7278327106063506,0.6247139248999594,0.6082076373347651,11.7,15.6,39.6,47.6,115.63612881584744,109.2716611870314,224.90779000287884,6.364467628816044,121.0,115.0,236.0,6.0,1
401810460,2026-01-19T01:00Z,2026,DEN,30,10,42,1,1,1,1,114.34754004690353,121.26238191097566,115.12051416675521,113.7961878655733,-0.7729741198516932,7.4661940454023865,97.27037735849056,98.86000000000001,0.5502952717458278,0.5772412070504898,0.5900538665389757,0.61188281977453,0.11656227518423742,0.15192729809330496,0.17329987880624148,0.31503758026104806,0.6969063682230161,0.7705072750520945,0.6319006861292737,0.6467429967679449,11.8,14.9,38.8,47.8,108.5088449600587,112.42752652638418,220.93637148644288,-3.918681566325489,87.0,110.0,197.0,-23.0,0
401810472,2026-01-21T03:00Z,2026,DEN,13,10,41,2,2,0,0,113.28408790340629,115.03050508818504,116.95776447751173,115.44024901827909,-3.673676574105444,-0.4097439300940714,96.39037735849058,99.66,0.5471148919989923,0.5630259717032778,0.584286911983353,0.5994028641840267,0.11429938962935637,0.1408483405367213,0.1700531255594882,0.24374517748677885,0.6845722158888636,0.7374643790639215,0.6475256861292737,0.6139256799748871,12.2,16.0,37.8,51.2,112.1037314114174,113.70346947774523,225.80720088916263,-1.5997380663278307,107.0,115.0,222.0,-8.0,0
401810523,2026-01-28T02:00Z,2026,DEN,8,10,44,4,3,0,0,111.42177160497893,111.64276545438388,113.00876034799178,100.44127833970447,-1.5869887430128629,11.20148711467943,96.17,100.63000000000001,0.5271904467446806,0.5412423098810601,0.5693432664006763,0.5724470381656689,0.1049161214724265,0.16488579332143,0.171301732025486,0.2861388415827617,0.7047590483927694,0.7540853190070255,0.6571619483662167,0.6408874473574313,11.2,18.1,38.2,51.0,104.23662057278423,110.52855069476884,214.76517126755306,-6.291930121984606,107.0,109.0,216.0,-2.0,0
401810539,2026-01-30T02:00Z,2026,DEN,17,10,45,2,2,0,0,110.50774927963089,105.73045890188834,112.73126128866656,120.6454831387588,-2.22351200903569,-14.915024236870448,96.31000000000002,95.45172413793102,0.5244400362356495,0.5119758449082309,0.5677600110866102,0.5456703276555431,0.1110775412642238,0.14556069200694371,0.1757363218259295,0.23271046352036984,0.7219784361478714,0.7531113306443463,0.6429311791354475,0.6844029009044029,11.2,10.7,40.4,41.8,110.81585597151575,104.73149030469766,215.5473462762134,6.084365666818087,107.0,103.0,210.0,4.0,1
401810550,2026-01-31T02:00Z,2026,DEN,12,10,46,1,3,1,0,113.55023080252423,116.22350648553768,112.93390586484755,107.95787167198554,0.6163249376766391,8.265634813552111,95.54,97.99584905660376,0.5307594806800939,0.5662271302735522,0.5727145862144526,0.6155715107148347,0.09924820808091075,0.15179468594596715,0.18240298849259615,0.23569707201880802,0.7019026785721137,0.7325777342820217,0.6327557405389562,0.5759753553787276,11.4,14.6,41.4,49.2,103.95916481190449,110.87543591711515,214.83460072901966,-6.916271105210669,122.0,109.0,231.0,13.0,1
401810566,2026-02-02T02:30Z,2026,DEN,25,10,49,2,3,0,0,115.57009080284024,116.31635920989235,113.9580570518652,106.90760140469305,1.6120337509750293,9.4087578051993,95.13000000000001,99.83,0.5482370432686626,0.5693077328094012,0.589108516690093,0.6090631575374921,0.10400779101638946,0.12405437137952469,0.18300904909865676,0.1821936988426914,0.700720645475187,0.7138773462773526,0.6420414548246705,0.5854766320737854,11.4,10.6,42.4,47.8,108.43562718195173,112.23575048598063,220.67137766793235,-3.800123304028901,111.0,121.0,232.0,-10.0,0
401810622,2026-02-10T02:00Z,2026,DEN,5,10,53,2,2,0,0,117.15645292398555,116.45694543638456,115.45756029911361,107.73432216194763,1.6988926248719576,8.722623274436895,96.0096551724138,101.65,0.5526794699266829,0.5574194126394272,0.5949364471507376,0.5905122816753149,0.12194224070969092,0.1458448015900145,0.23455692861932667,0.2932585511316067,0.7390100312064332,0.7504691533909923,0.6659576913254586,0.6329904334316991,11.4,14.9,46.2,55.4,111.12958263735605,114.60035308289838,225.72993572025445,-3.4707704455423283,117.0,119.0,236.0,-2.0,0
401810642,2026-02-12T02:00Z,2026,DEN,29,10,52,2,2,0,0,117.68694222247083,112.70364355757911,115.35896472238582,119.6093331388234,2.3279775000850087,-6.905689581244308,96.42965517241379,102.16,0.5515841352410845,0.5505954104336273,0.5971001915021908,0.583041433419577,0.13064673377776595,0.14858268161389115,0.2544565941711661,0.2630089645085163,0.7407008524624719,0.688211113803802,0.6625163957788998,0.6570350220350221,13.1,17.1,46.2,48.0,117.81146374424394,113.2271868400988,231.03865058434275,4.584276904145142,122.0,116.0,238.0,6.0,1
401810702,2026-02-26T03:00Z,2026,DEN,2,10,57,4,1,0,1,120.82734122574493,115.84730372613251,115.59230722998163,102.2048996436642,5.235033995763268,13.642404082468309,101.11965517241381,93.46000000000001,0.5762061231076093,0.5306016323772631,0.6213588956037124,0.554039323268141,0.14552081136913092,0.12826187714018364,0.26874911324629386,0.3232053528258011,0.7755058593948079,0.7737645189704458,0.6836262833330958,0.6237621369526698,14.8,8.6,50.6,46.4,108.49384130175092,109.20609125571487,217.6999325574658,-0.7122499539639477,103.0,84.0,187.0,19.0,1
401810726,2026-03-01T20:30Z,2026,DEN,16,10,60,1,2,1,0,117.44301485394342,115.75225508405563,111.11605745123775,115.23171114893717,6.326957402705666,0.5205439351184566,102.19248536109305,102.3,0.551444464457203,0.5648800848931718,0.5940611280627026,0.5947083098800614,0.1379129685304901,0.1454306059516683,0.2676177991920505,0.26712050513318447,0.7917830778527007,0.7363086216109472,0.6688528784434118,0.5752733364766263,16.5,17.2,51.8,53.2,115.38206502752294,115.9821627000484,231.36422772757135,-0.6000976725254645,108.0,117.0,225.0,-9.0,0
401810761,2026-03-06T03:00Z,2026,DEN,13,10,61,3,2,0,0,118.4381469889302,114.93235773618537,111.79273137023438,112.80966090873441,6.64541561869581,2.122696827450962,102.26283018867926,99.51,0.5674716255658666,0.5669960223642836,0.607699044450594,0.5991433940720707,0.14360590988291272,0.13293411951428394,0.2589859264288508,0.20897209532021993,0.8011374230179393,0.7443600274605923,0.6654748583236103,0.6316814045961441,16.4,14.4,51.4,51.0,116.64881168609952,114.36740725945702,231.01621894555655,2.2814044266424958,120.0,113.0,233.0,7.0,1
401810766,2026-03-07T02:00Z,2026,DEN,18,10,64,1,2,1,0,117.52956780544028,113.8644526226644,111.71956453694852,104.72822690311848,5.810003268491747,9.136225719545905,101.72283018867924,99.08830188679245,0.561746135369788,0.5564203785379362,0.6070606008599873,0.5835866716343998,0.14845060657809495,0.13837191394098342,0.2496424920854164,0.24360271961503818,0.8147088515893681,0.7917700930153933,0.6591954234727468,0.6748821388931832,15.7,17.1,49.6,46.2,108.2322104674569,113.24945465988624,221.48166512734315,-5.017244192429345,103.0,142.0,245.0,-39.0,0
401810805,2026-03-12T02:00Z,2026,DEN,10,10,64,3,1,0,1,116.15236212262798,115.82606646129503,114.90198351158713,111.45871056903759,1.25037861104085,4.367355892257429,102.04283018867925,98.5377358490566,0.5531029538669326,0.5671551366169171,0.595051212312055,0.6022039023342177,0.1420664087350049,0.17511813041063004,0.2390550794980038,0.3273960257587334,0.8137590038650007,0.7464801321156819,0.6714896148489456,0.586074823585288,14.3,14.6,49.8,53.4,114.13589449237632,112.2279399460335,226.3638344384098,1.9079545463428218,129.0,93.0,222.0,36.0,1
401810852,2026-03-18T02:00Z,2026,DEN,20,10,68,3,3,0,0,117.04692762606717,107.84674006939615,115.70760879702323,114.38566809689182,1.3393188290439633,-6.5389280274956905,100.49584905660376,101.72,0.5594938599341276,0.5138638871975874,0.6015091604974263,0.5522147083974411,0.12932484333224797,0.1393007215992778,0.21848867465270186,0.25052499479591694,0.7944486789830957,0.7158088384788522,0.6744250127843434,0.5512628462740444,14.5,18.5,48.6,56.2,116.99834710872969,113.01558116579801,230.0139282745277,3.982765942931678,124.0,96.0,220.0,28.0,1
401810876,2026-03-21T01:00Z,2026,DEN,28,10,68,2,2,0,0,118.52785493724885,116.03975927755542,116.60585362747209,112.88125765008508,1.9220013097767434,3.1585016274703515,101.79301886792453,99.43999999999998,0.5744218597334301,0.5513653805276482,0.6182001830123984,0.5924265931753688,0.13519851931359533,0.12779303027536584,0.21113715371248234,0.23296531908760337,0.7889721487483603,0.7594293602093082,0.6985075194249896,0.6019638860570903,15.9,16.0,50.8,52.8,116.4178857987416,117.03994752814316,233.45783332688475,-0.6220617294015653,121.0,115.0,236.0,6.0,1
401810887,2026-03-22T21:00Z,2026,DEN,22,10,71,1,1,1,1,120.63753582148709,110.74156840838809,117.16380813355298,108.74470975896364,3.4737276879341175,1.9968586494244485,101.18301886792452,102.00000000000001,0.5856201168140401,0.5310079098113679,0.6282219939483837,0.564425492956009,0.13182675464847632,0.1704618054673896,0.2103769197943537,0.322514788491384,0.7789721487483602,0.7213432272835603,0.7063789163207768,0.6686730989823486,16.5,14.9,50.0,49.8,113.02094954446858,112.29326837340494,225.31421791787352,0.7276811710636366,128.0,112.0,240.0,16.0,1
401810914,2026-03-26T02:00Z,2026,DEN,6,10,72,1,2,1,0,120.7146427523932,110.28598402155299,116.47447392673999,122.11901764577529,4.240168825653239,-11.833033624222285,101.51301886792452,102.3579245283019,0.5823890903330138,0.5363976783134279,0.6175646695524228,0.5709927004651477,0.11909663529034206,0.15280811041739145,0.2099223743398082,0.26239781635939685,0.7658346695003682,0.7383180690839433,0.727936128949418,0.6422720364392627,17.7,18.8,52.6,53.4,120.05381402680368,115.57467121719705,235.62848524400073,4.479142809606628,142.0,135.0,277.0,7.0,1
401810927,2026-03-28T01:00Z,2026,DEN,26,10,73,2,2,0,0,124.1123029523645,110.90384761133262,115.34916312481434,119.72426839072844,8.763139827550168,-8.82042077939585,101.85301886792453,104.12000000000003,0.5998454325558377,0.5272195958703086,0.6338023785967356,0.5701124606152714,0.1128787074039463,0.15235958802821312,0.20525406967150356,0.2611735838980421,0.783672507338206,0.7172892166887834,0.7188550478683369,0.6882977504181281,19.6,22.6,53.4,47.8,125.55938677485229,116.50503912320285,242.06442589805513,9.054347651649437,135.0,129.0,264.0,6.0,1
401810945,2026-03-30T02:00Z,2026,DEN,9,10,74,2,2,0,0,124.47050606462105,111.92336623461885,114.84415545835427,116.69308256159268,9.626350606266772,-4.769716326973823,102.27301886792455,101.42905660377359,0.6036424250370407,0.5522384509528372,0.638803826737216,0.5912024890041842,0.11918804091127022,0.17300989256573782,0.20386631456946272,0.28272323240872665,0.7701947060697071,0.7378253586148323,0.7299661589794479,0.6657866577554994,20.1,11.7,52.6,49.2,122.81380882840637,115.48253704607988,238.29634587448624,7.331271782326482,116.0,93.0,209.0,23.0,1
401810985,2026-04-04T19:00Z,2026,DEN,24,10,78,2,1,0,1,123.32116698267514,122.73437883485812,114.1050805810959,105.25190368761932,9.216086401579279,17.48247514723878,101.68301886792455,101.47,0.6000710832539906,0.5786825947506811,0.6328123166590977,0.6117129847358502,0.12570032004780257,0.12900648255955446,0.2087972023950874,0.2975584490291947,0.7816998871545283,0.8321554533350568,0.7338773640534437,0.6943418998310771,19.8,16.4,50.8,57.8,116.08827334645446,116.67802908094103,232.7663024273955,-0.5897557344865731,136.0,134.0,270.0,2.0,1
401811002,2026-04-07T01:00Z,2026,DEN,22,10,78,3,4,0,0,124.71181869039155,115.90261849255646,115.13591501256761,103.10295310950391,9.575903677823977,12.799665383052542,101.33886792452833,101.24000000000001,0.6016760858595144,0.5523160227521954,0.6345449276114498,0.5896594608059071,0.11704302577988268,0.17446793080883696,0.21097111543856567,0.3371117872065288,0.7737730578862357,0.7731886734714115,0.7282651191554846,0.6413614744377922,19.1,13.5,50.6,50.0,115.37614641926898,117.00881141102812,232.38495783029708,-1.6326649917591425,137.0,132.0,269.0,5.0,1
401811017,2026-04-09T01:00Z,2026,DEN,29,10,79,2,2,0,0,125.63018862680447,108.02051634136896,118.28445656896584,127.46152247442396,7.3457320578386245,-19.441006133055012,100.60509433962265,102.00999999999999,0.5997995028523764,0.5330290127376588,0.6337228573661681,0.5698139784507295,0.11482073910852734,0.15381944184715787,0.22732032178777203,0.2016187481476554,0.7625490617565791,0.6225607509397065,0.7180236164721215,0.6384851797669135,18.0,13.2,52.0,44.2,128.2005023033798,114.63200858938308,242.83251089276288,13.56849371399673,136.0,119.0,255.0,17.0,1
401811037,2026-04-11T01:00Z,2026,DEN,25,10,80,2,2,0,0,128.57924733833158,124.18930610010264,118.88400862461216,104.91457071874588,9.695238713719405,19.27473538135678,99.55509433962263,100.10528301886794,0.610355058407932,0.6008924780258823,0.6430542090256178,0.6357522805124542,0.1096011418182055,0.12751151960165594,0.2353655763446545,0.24830308301697532,0.7672105489929832,0.7702302341153648,0.69924145523713,0.6011261485704374,17.8,17.3,52.8,50.0,116.54865956037706,121.33027435928925,237.8789339196663,-4.781614798912187,127.0,107.0,234.0,20.0,1
401810002,2025-11-02T02:00Z,2026,DET,6,5,5,4,3,0,0,110.54991072425423,101.5443175452499,109.61253367692898,109.11341119784372,0.9373770473252556,-7.569093652593833,104.2,105.82000000000001,0.5019447598005675,0.49980473295202665,0.5476800865018452,0.550134540225024,0.16094056227188744,0.15925038582570852,0.3333974066669005,0.19241138078320227,0.7102914248871697,0.7373108304599545,0.6188128352941296,0.6159636775222513,16.2,14.6,55.2,47.2,115.33422717519754,110.86790473420503,226.20213190940257,4.4663224409925135,122.0,110.0,232.0,12.0,1
401810027,2025-11-06T00:00Z,2026,DET,26,7,7,2,2,0,0,112.96389061893139,112.11831815725769,109.41469737092186,114.90499737177376,3.549193248009543,-2.7866792145160497,102.75714285714285,101.43638814016172,0.5171349861714065,0.5152480107414809,0.5584753524242385,0.5707683178706172,0.14668646089542686,0.17308823287304936,0.3129842103369847,0.33496921889635234,0.7176451354236086,0.7567552942552942,0.6123039526477342,0.7024049869685299,17.428571428571427,14.428571428571429,58.0,50.0,116.32338210812846,113.08902168294922,229.41240379107768,3.234360425179233,114.0,103.0,217.0,11.0,1
401810054,2025-11-11T00:00Z,2026,DET,27,10,10,1,2,1,0,113.7230406698231,105.17800443391941,108.06377903326447,121.33003399849619,5.659261636558641,-16.152029564576786,102.24000000000001,104.89886792452828,0.5341532712807741,0.525765742821402,0.570035624942407,0.5554647231064695,0.1442323344767889,0.16892397149653207,0.30263436964663515,0.2348087896361252,0.7317469436337354,0.7275450578741701,0.6062265816100858,0.6230872320051509,18.5,17.2,59.2,46.0,118.06992238826506,110.42665405399967,228.4965764422647,7.643268334265386,137.0,135.0,272.0,2.0,1
401810069,2025-11-13T00:00Z,2026,DET,4,10,10,2,2,0,0,114.9924132058896,115.56678438327927,108.7798500832884,114.78089741974824,6.212563122601212,0.7858869635310273,102.21754716981134,103.26999999999998,0.5331449515122807,0.5623900471330041,0.5712573294808326,0.6006891406883008,0.14853451235163134,0.14879516892667105,0.3215886180126482,0.24735431688239234,0.7345005668221412,0.7673339028832711,0.5962315296556079,0.6912363353123026,18.7,18.5,57.8,55.8,118.03888501387367,115.25109908084309,233.28998409471677,2.7877859330305768,124.0,113.0,237.0,11.0,1
401809783,2025-11-15T00:30Z,2026,DET,20,10,11,2,3,0,0,115.34823206551513,116.63392005468135,108.48825402869996,112.82594248244106,6.8599780368152,3.80797757224029,102.67754716981133,102.4788679245283,0.5403671737345028,0.544737646463396,0.5777174256753745,0.5876401563639498,0.14870332119306515,0.14172821396008844,0.3122862924312529,0.2867299632232313,0.7418339001554743,0.7206998661553679,0.5943267677508459,0.626699784392293,18.1,16.8,59.2,51.0,117.02848916842203,115.46314548297592,232.49163465139793,1.5653436854461091,114.0,105.0,219.0,9.0,1
401810097,2025-11-18T00:00Z,2026,DET,11,10,13,3,2,0,0,115.40945615928213,102.11368860816623,108.21822763733148,116.98214603445072,7.191228521950649,-14.868457426284502,102.18754716981132,104.3,0.5473973280122028,0.45196035042988597,0.5800956604940268,0.5015805001114716,0.14744585010713798,0.131273361259757,0.298324939774248,0.28050657869195544,0.7385730305902569,0.7459926088034796,0.6159652918283943,0.623272506950264,17.2,12.5,58.8,46.2,119.96492979961612,108.57730369264755,228.54223349226368,11.387626106968568,127.0,112.0,239.0,15.0,1
401809814,2025-11-29T00:30Z,2026,DET,19,10,19,3,3,0,0,118.99968993855403,120.75260376117724,111.06204453702419,111.26575473805686,7.9376454015298465,9.486849023120396,101.68754716981132,99.99377358490567,0.5742092710613137,0.5493021870518426,0.6087358694648198,0.602844921023666,0.14973883338829158,0.1304974982648178,0.29284315594335886,0.27975220290545366,0.7505200272488928,0.7682146333807662,0.6168771766300307,0.6456957715361579,16.0,20.9,58.0,54.0,116.10059751637773,116.88171109767866,232.9823086140564,-0.7811135813009287,109.0,112.0,221.0,-3.0,0
401810164,2025-12-02T00:00Z,2026,DET,1,10,21,2,2,0,0,118.14317540465451,116.91252080568748,112.29622383434817,112.93427784694029,5.8469515703063575,3.978242958747155,103.39754716981133,103.91793103448276,0.573193997131128,0.5976479750306749,0.6089776322380513,0.6221928613747154,0.16214930666785693,0.15204078947571484,0.29832415333706486,0.22547178273922458,0.7449718544914179,0.7458332096401882,0.6047834273934244,0.7413089104870124,15.2,19.6,57.6,53.8,119.76483180771197,118.7963012591373,238.56113306684927,0.9685305485746767,99.0,98.0,197.0,1.0,1
401810197,2025-12-06T00:30Z,2026,DET,22,10,22,2,2,0,0,114.97268084183443,111.07287405650047,110.63430922262,115.3944431924702,4.338371619214418,-4.321569135969723,102.72999999999999,103.21075471698114,0.5579478391003923,0.5055579000704713,0.5955772407688092,0.5508889263257204,0.16769511979266755,0.15610373657137014,0.29718720243267205,0.3211307553350378,0.7607530298378103,0.7476915711247631,0.6004945136196282,0.6171300331461893,15.0,10.9,55.4,46.8,118.60494846401276,114.14636162669534,232.7513100907081,4.458586837317426,122.0,116.0,238.0,6.0,1
401810208,2025-12-07T00:30Z,2026,DET,15,10,24,1,1,1,1,115.47702307150777,110.32031120233,111.45627383324953,115.72904932045637,4.0207492382582535,-5.408738118126367,102.97999999999999,99.4288679245283,0.5565825156645492,0.5758623061183293,0.5976859875024257,0.599072420675929,0.16734750305303447,0.15254362749990505,0.29915889100698956,0.1844887842980501,0.7461567565458849,0.7767705755667258,0.5856036278686655,0.6788185335065491,14.9,12.3,56.2,40.6,113.48553647257495,108.85715270985737,222.3426891824323,4.628383762717576,124.0,112.0,236.0,12.0,1
401836751,2025-12-13T00:00Z,2026,DET,1,10,25,6,6,0,0,115.78708908300787,114.10758609658012,111.99940893414717,114.57076950704823,3.7876801488606704,-0.4631834104681195,102.48999999999998,102.27793103448275,0.5556443549880162,0.5674914467355814,0.5971629583524265,0.5917664470374542,0.16715253655362333,0.14022231988061432,0.30034544341305414,0.23013330888330885,0.7640564164098305,0.7535134548963134,0.5972799844578128,0.6962819552702605,14.9,18.0,54.6,53.0,117.92475525254932,115.74865391216524,233.67340916471454,2.176101340384079,142.0,115.0,257.0,27.0,1
401810245,2025-12-21T00:30Z,2026,DET,30,10,27,2,2,0,0,114.08599564968407,110.51936985832128,109.78306487061086,112.20941188402408,4.302930779073199,-1.690042025702764,102.71679245283019,101.428679245283,0.5261588831079245,0.5424992965764359,0.567376454259486,0.5777093943906773,0.15684320242299338,0.14665924314806458,0.3359111616922449,0.22604749485616238,0.7455178681109713,0.746997032023633,0.585339203497803,0.6231887324920552,15.7,12.5,55.0,50.4,115.49295678521403,112.43436113495163,227.92731792016565,3.0585956502624043,112.0,86.0,198.0,26.0,1
401810327,2026-01-02T00:00Z,2026,DET,14,10,33,2,3,0,0,117.4938276444482,113.01734499541115,108.59681243833435,113.39952799344073,8.897015206113831,-0.382182998029592,101.65679245283019,103.10999999999999,0.5513876165464964,0.5263133056105642,0.5829356630889924,0.5626754580230007,0.14398172777852375,0.12585496690309717,0.33876496829330405,0.2580080176882763,0.7367046429005744,0.7899328595465215,0.6316341994541295,0.6089772488922774,22.1,16.2,61.2,53.8,118.19822958160276,113.44805044961149,231.64628003121425,4.750179131991274,112.0,118.0,230.0,-6.0,0
401810357,2026-01-06T00:00Z,2026,DET,18,10,36,2,2,0,0,112.75821044809031,116.6194953507913,107.79923532282172,119.23843915017926,4.958975125268618,-2.6189437993879503,102.4867924528302,102.16,0.5299038898998262,0.541767374872475,0.5667695241106745,0.5797276171894382,0.15017886620297094,0.14025674463794027,0.3151160473860724,0.28177006511049063,0.7330511466183407,0.7514897523413239,0.6252822705888638,0.6547201968257645,21.4,17.2,58.4,45.4,118.69342550022263,114.81643349672622,233.50985899694885,3.8769920034964116,121.0,90.0,211.0,31.0,1
401810372,2026-01-08T00:00Z,2026,DET,4,10,36,2,2,0,0,114.04625369501494,114.1084868338919,106.55258738513817,116.77313654035216,7.493666309876801,-2.6646497064602634,102.1967924528302,103.19000000000001,0.5404865917550653,0.557709362824039,0.5757953194675102,0.5849522591631336,0.15575393111592373,0.126327933871537,0.32244205471207976,0.22543710215956847,0.7393536676267439,0.7823914795403646,0.6272542477554438,0.723702093913335,22.2,16.3,59.4,53.6,118.51813549090043,113.30217563260624,231.82031112350666,5.215959858294198,108.0,93.0,201.0,15.0,1
401810399,2026-01-11T00:30Z,2026,DET,12,10,37,3,1,0,1,115.37158117309536,123.017853827631,106.11146952310757,112.86080602273384,9.260111649987788,10.157047804897177,101.43,94.5,0.5549377678063839,0.5875968453835807,0.5887500011327169,0.637075724651088,0.1546400920651966,0.13421642060275304,0.30410074689708777,0.24021180826068514,0.7301492272937189,0.6831598432648078,0.6497128765970515,0.5928962932607433,22.1,11.6,58.6,42.0,111.79392905819704,108.86627268596725,220.66020174416428,2.927656372229791,92.0,98.0,190.0,-6.0,0
401810434,2026-01-16T00:00Z,2026,DET,21,10,40,5,2,0,0,114.17782543388508,114.60595588615172,107.89811063781193,107.50394364644497,6.279714796073147,7.102012239706776,100.66000000000001,100.1,0.5522042531024066,0.5311602758823311,0.5853888235681203,0.5626795494264599,0.16097817646652207,0.13870060636498543,0.3042396357859766,0.30424244787920063,0.7310649782094699,0.7362826649779091,0.6572516792578054,0.602031434646509,21.3,17.0,56.6,42.0,111.26207990141765,111.67479098837735,222.936870889795,-0.41271108695970327,108.0,105.0,213.0,3.0,1
401810450,2026-01-18T00:30Z,2026,DET,11,10,42,2,1,0,1,113.92378653442783,112.29040543507105,108.14606775827899,113.35649539289614,5.77771877614884,-1.0660899578251062,100.71000000000001,102.42999999999999,0.5576436859345787,0.5587016413681956,0.591597867320833,0.588911457501171,0.16790043737284674,0.12785751127789327,0.29153716349271147,0.18016621088280674,0.73841191698498,0.7688419610586306,0.6594047893056523,0.7113363278493738,18.8,12.6,54.4,46.0,115.42429117679147,108.5902030239055,224.01449420069696,6.834088152885968,121.0,78.0,199.0,43.0,1
401809250,2026-01-20T01:00Z,2026,DET,2,10,41,2,2,0,0,111.65034567704193,122.40219138274544,102.86204113160497,112.55285258236788,8.788304545436954,9.849338800377563,101.47999999999999,97.00999999999999,0.5546555704846636,0.5661244568226236,0.5879241989461003,0.5934009480551264,0.17050083554511325,0.1140762464947094,0.2667905922345123,0.296014783257253,0.7686341392072022,0.7906544305770355,0.6544602027753881,0.5440856037961119,18.1,11.0,52.8,48.0,111.25523205627563,111.78174377943353,223.03697583570914,-0.5265117231578955,104.0,103.0,207.0,1.0,1
401810490,2026-01-24T00:00Z,2026,DET,10,10,42,2,1,0,1,110.34924670278114,109.05597996858808,99.06821780553828,110.88451907075012,11.281028897242866,-1.8285391021620305,101.64999999999999,97.808679245283,0.5492400687011874,0.5004769244338729,0.582096808682954,0.5281911824319284,0.16791782597869517,0.14250104288916976,0.25682416976808986,0.3365766411328429,0.7596307760562419,0.745128122016238,0.6521769210416418,0.5617671123018098,20.6,15.0,52.2,48.2,110.3174868141221,100.66703069700242,210.98451751112452,9.650456117119688,104.0,111.0,215.0,-7.0,0
401810505,2026-01-25T20:00Z,2026,DET,23,10,46,1,1,1,1,108.4483780262354,114.39538878613727,100.01177348338113,116.7886071954468,8.43660454285428,-2.3932184093095055,101.22999999999999,99.0,0.5306310461447964,0.5626681099211838,0.5649837968462477,0.595941791390008,0.16570682798333336,0.1471167635059642,0.2578955983395184,0.25212881222673145,0.7542423048782969,0.6971519567634478,0.6446769210416419,0.6127992370194824,18.7,14.1,50.6,49.4,109.36556376102325,104.10705929547224,213.47262305649548,5.258504465551013,139.0,116.0,255.0,23.0,1
401810559,2026-02-01T23:00Z,2026,DET,17,10,47,1,1,1,1,109.66069643083715,107.78946390207936,104.7182314075765,120.71186595438375,4.9424650232606755,-12.922402052304403,101.61000000000001,94.55172413793102,0.5225678924997874,0.5181203527809928,0.5586498892169723,0.5519393810856781,0.15314533647873094,0.14044014453485287,0.2785408479608972,0.23362698545648702,0.7448087802652541,0.7800184814645406,0.6380226452789381,0.6900797315812338,17.8,10.7,53.6,41.8,109.58642665152817,101.08824906846151,210.6746757199897,8.498177583066663,130.0,77.0,207.0,53.0,1
401810571,2026-02-04T00:00Z,2026,DET,7,10,50,3,2,0,0,113.6746260496055,114.49511143539094,102.79653371536688,114.51823993295181,10.87809233423862,-0.02312849756086823,101.41000000000001,95.09,0.5415189910114814,0.5505878570118814,0.5762030807063341,0.5888840187458202,0.13650629529551023,0.11529596123519363,0.25614318714218365,0.19336619195579963,0.7444882674447414,0.7100229710565824,0.6431362816425745,0.6578638438177913,18.5,11.1,56.0,42.2,112.09974541393127,106.74452068030978,218.84426609424105,5.3552247336214975,124.0,121.0,245.0,3.0,1
401810588,2026-02-06T00:00Z,2026,DET,27,10,49,2,2,0,0,115.24369767562625,108.70364334668966,104.36619938667764,116.70334684067925,10.877498288948605,-7.999703493989583,101.43,101.21,0.5411775147834801,0.511223557957362,0.5785290331808037,0.5443926209227302,0.12852034644677,0.14361110943983776,0.253615381277674,0.28143527550816555,0.7349486376393308,0.719914390287841,0.6401375056327827,0.6208222404103411,20.2,14.7,57.4,47.6,117.50437275196035,107.94118232872385,225.4455550806842,9.563190423236492,117.0,126.0,243.0,-9.0,0
401810597,2026-02-07T00:30Z,2026,DET,18,10,52,1,2,1,0,115.65046434019212,116.68107769939748,109.52943125155443,100.64649346245474,6.121033088637687,16.034584236942745,100.68,97.0496551724138,0.5348175441089934,0.5626052079818903,0.5759028299197156,0.5880630300023435,0.1258917251993172,0.14316572583295903,0.27066964484356554,0.2992633471159932,0.7219486376393309,0.7910228921753755,0.6242308248268442,0.6397245312371653,20.7,16.0,58.0,46.2,103.71318298681179,111.82131482811988,215.53449781493168,-8.108131841308094,118.0,80.0,198.0,38.0,1
401810683,2026-02-24T00:00Z,2026,DET,24,10,57,2,2,0,0,118.34013531305968,119.44139404260685,105.31272013340258,106.45652282661194,13.027415179657115,12.98487121599489,100.66,103.69000000000001,0.5475724904316829,0.5812603283540605,0.5864191596989403,0.6130959578408253,0.12396873295978757,0.13627585366707942,0.2815240533423899,0.2611195352685636,0.7553120371992197,0.7775753948882629,0.6297990941698247,0.6580170678453037,20.2,20.6,58.0,61.2,114.84299272710476,114.82125807966882,229.66425080677357,0.021734647435934562,103.0,114.0,217.0,-11.0,0
401810697,2026-02-26T00:30Z,2026,DET,25,10,59,2,1,0,1,117.78101523973248,115.99697118182868,103.88684937263265,107.46241593481393,13.894165867099826,8.53455524701478,101.97,99.30999999999999,0.5426332147864866,0.5563556459775667,0.5815770763797811,0.5895691203673568,0.12925917750607535,0.1498098566247122,0.2985610903794269,0.2820653313095173,0.7521446163847401,0.7435569759697667,0.6120288238995544,0.6404890352067771,20.5,13.6,58.8,43.2,113.34249456703175,107.32617234791479,220.66866691494653,6.016322219116958,124.0,116.0,240.0,8.0,1
401810713,2026-02-28T00:00Z,2026,DET,5,10,60,2,2,0,0,117.93949329130858,121.27659834504827,103.90397269022299,109.17940400992411,14.035520601085594,12.097194335124165,101.24,99.86,0.5479377683051146,0.5788595764581259,0.5842112816183409,0.614074078028399,0.13124670544067127,0.13282111601635332,0.30497678497115543,0.29579310189575747,0.7495935959765767,0.7138802802125827,0.6050541862183951,0.6458689224828218,19.3,14.4,59.6,55.6,114.18402561819474,113.20953208798264,227.39355770617738,0.9744935302121007,122.0,119.0,241.0,3.0,1
401810771,2026-03-07T23:00Z,2026,DET,17,10,62,1,1,1,1,112.84903482563683,104.43387089795206,107.95564798560062,121.74890523634193,4.893386840036202,-17.315034338389882,100.5922641509434,98.66999999999999,0.5172549106953075,0.50937723931119,0.5550313945687261,0.5452937526629652,0.13960109520344155,0.15870917273030005,0.3318975130614046,0.22072223110929365,0.7580158581636968,0.7228452747380694,0.5945668342791884,0.7094946758126065,14.8,11.8,58.6,47.0,113.3603030021007,102.62894980556567,215.98925280766636,10.731353196535025,105.0,107.0,212.0,-2.0,0
401810808,2026-03-12T23:00Z,2026,DET,20,10,65,2,2,0,0,112.9489096009244,112.76862602006085,109.40218728608997,115.39094022268932,3.5467223148344074,-2.6223142026284614,100.94226415094339,102.39,0.5193933785023892,0.5346214790377893,0.558213953397578,0.5712534936019825,0.13290114218907573,0.1298405936640913,0.3090957736236526,0.2374045111186714,0.754961295256759,0.7342310894305151,0.62308309444179,0.5766074570863811,15.0,19.4,58.4,55.0,116.07214665130444,112.93623624449047,229.0083828957949,3.135910406813963,131.0,109.0,240.0,22.0,1
401810816,2026-03-13T23:30Z,2026,DET,29,10,65,1,0,1,1,114.03745772140158,114.67892456221958,109.84008306568214,118.51419032321391,4.197374655719431,-3.835265760994332,100.38226415094339,102.47999999999999,0.5264292265494733,0.5538548754893257,0.5681385058774084,0.5895922257662604,0.13644535303714922,0.14830011303953214,0.311976926084637,0.26600057128180693,0.7459098047418539,0.6560219408589507,0.6334997611084567,0.6725091052348449,15.6,16.0,58.2,49.6,114.40168809683269,110.45010301337372,224.85179111020642,3.9515850834589656,126.0,110.0,236.0,16.0,1
401810872,2026-03-20T23:30Z,2026,DET,9,10,69,1,2,1,0,119.41572217673054,110.37241586099371,112.72516459945044,118.63335576185227,6.69055757728014,-8.260939900858537,98.78999999999999,97.7445283018868,0.5523003331969206,0.5129296008081623,0.5928912993205919,0.5439162600466881,0.13227586035174194,0.13780038784416002,0.31804966950065283,0.2904533170964772,0.7416968215634286,0.6816882256828956,0.6751346362192067,0.7056810277484646,17.4,10.4,57.4,48.4,113.45329336999424,109.61594435271405,223.0692377227083,3.8373490172801894,115.0,101.0,216.0,14.0,1
401810893,2026-03-23T23:00Z,2026,DET,13,10,71,3,2,0,0,118.98502603956884,120.51003075595345,110.50971324642418,113.4318069665178,8.47531279314463,7.078223789435628,99.69,98.69301886792451,0.5510393848429489,0.582545931998055,0.5903957827222592,0.6128962715247256,0.13194535012658187,0.12193033931055444,0.31534696679795016,0.2435074812914705,0.7383634882300953,0.7363185809292458,0.6652201063046769,0.5825705960122037,18.3,14.6,60.0,53.4,115.26888241867435,114.57598558321693,229.84486800189129,0.6928968354574181,113.0,110.0,223.0,3.0,1
401810906,2026-03-25T23:00Z,2026,DET,1,10,72,2,2,0,0,119.65320393248764,121.17697475335353,109.30451031032744,108.20937319032217,10.348693622160173,12.967601563031366,99.74,101.95000000000002,0.5556174935158852,0.5816811561366635,0.5948270581583999,0.6115429573679104,0.13292764719048514,0.13617703535487874,0.31525315816755617,0.2911692241129531,0.733701834094757,0.7827521051416936,0.6855772491618197,0.6564615414045436,18.1,17.9,61.2,55.8,114.89400794974878,116.21452680623455,231.10853475598333,-1.3205188564857622,129.0,130.0,259.0,-1.0,0
401810919,2026-03-26T23:00Z,2026,DET,3,10,73,1,2,1,0,120.68095325386989,119.43745007314828,110.22138434487822,113.13965578355885,10.45956890899167,6.297794289589418,99.87622641509435,99.84,0.5627743562609833,0.5587377685901217,0.6000483026764514,0.6000317688047531,0.1314331631463001,0.1296456536959098,0.32068794077625185,0.2723760967861885,0.7269829091227524,0.7173293397158735,0.690705454290025,0.6126173032518017,18.3,15.6,64.2,56.4,113.24209151045835,114.66648943214311,227.90858094260147,-1.4243979216847578,129.0,108.0,237.0,21.0,1
401810956,2026-04-01T00:00Z,2026,DET,28,10,74,1,3,1,0,116.4816082597819,118.7078958325637,107.13382280843655,113.11153437649,9.347785451345336,5.596361456073708,99.80150943396227,100.72999999999999,0.5588848618857007,0.5820508200990935,0.5900116464538818,0.6064060617139101,0.14719015410009936,0.13575693563501606,0.3168464041616059,0.2539818368694055,0.7360231705698248,0.7483890054245723,0.6827424650671093,0.6912676742568047,17.2,19.0,61.6,57.4,111.64859916270609,113.22095183059996,224.86955099330606,-1.5723526678938669,127.0,116.0,243.0,11.0,1
401810970,2026-04-02T23:00Z,2026,DET,16,10,75,1,2,1,0,116.66864746185347,111.24741600101648,107.80878606329452,108.1462534796362,8.859861398558937,3.101162521380286,99.73150943396227,102.00226415094339,0.5671933788600902,0.5459972625745582,0.6006270993730618,0.58215142016676,0.14931771265988764,0.16334994514432216,0.2931284554436572,0.2659526343125852,0.7301376986716276,0.703459647859178,0.6857424650671093,0.625273666439431,16.0,17.1,59.6,51.6,109.98043893823042,110.47758567402765,220.45802461225807,-0.4971467357972301,113.0,108.0,221.0,5.0,1
401811015,2026-04-08T23:00Z,2026,DET,15,10,79,2,1,0,1,114.28062870312651,108.55901898478164,106.29089841189098,120.21337012044478,7.989730291235541,-11.65435113566312,100.34150943396227,98.4,0.5703831257559082,0.5681459350611069,0.6016843034130483,0.5861108835919845,0.16003661562475516,0.18689179532825498,0.27120278836952777,0.24018280006464088,0.7488359834197533,0.74976850826182,0.7131926965704618,0.6244589605404753,15.5,9.4,57.8,36.2,116.50922819850584,103.54652244655381,220.05575064505965,12.96270575195203,137.0,111.0,248.0,26.0,1
401810024,2025-11-05T03:00Z,2026,GSW,21,7,7,4,2,0,0,113.35569637001278,112.68819131242746,110.96662334463166,115.00738129832409,2.389073025381126,-2.319189985896632,102.25390835579515,103.33638814016172,0.560931048108829,0.558832279753604,0.6067086907322083,0.5927203682736585,0.16460229783809824,0.16535333024402873,0.2301506729396443,0.2636928289102202,0.7864131482552535,0.7005208818007688,0.6889075919902988,0.6618706933245159,13.857142857142858,13.428571428571429,43.142857142857146,43.42857142857143,117.37308211640652,114.95314914523267,232.32623126163918,2.41993297117385,118.0,107.0,225.0,11.0,1
401810051,2025-11-10T01:30Z,2026,GSW,11,10,9,2,1,0,1,113.22623235368891,103.90240866395789,113.54400873163763,112.38559380476948,-0.31777637794868774,-8.483185140811573,101.5177358490566,103.78122605363984,0.556410541824207,0.4643614497846844,0.5986622697764845,0.508937215055431,0.16203932913039445,0.1291004821570744,0.23589959923533788,0.2723138427319389,0.7779545870951246,0.7633026181073571,0.702723119271258,0.610310721250983,15.1,15.333333333333334,42.6,47.111111111111114,115.79468425825782,108.25569511988228,224.0503793781401,7.538989138375541,114.0,83.0,197.0,31.0,1
401809798,2025-11-22T03:00Z,2026,GSW,22,10,15,2,2,0,0,109.53506981260193,113.60568474775899,110.67868468306749,118.35100082779279,-1.1436148704655524,-4.745316080033802,102.41,104.12075471698112,0.5329852861245871,0.5194977067675197,0.5749405335616231,0.5609473354677402,0.16657034492652795,0.15202135234494452,0.24570436043291127,0.33724126313546854,0.7303463552294125,0.7079655970833499,0.6951059352057334,0.5760853396902759,14.2,13.8,38.0,55.6,117.66370539711998,115.80405022442699,233.46775562154698,1.859655172692996,123.0,127.0,250.0,-4.0,0
401810146,2025-11-25T03:00Z,2026,GSW,26,10,16,3,1,0,1,109.83064536247943,110.98123891956588,112.48715495597787,119.26953828137843,-2.6565095934984457,-8.288299361812552,102.58,104.47310344827585,0.5305756475703702,0.5311000362160214,0.5745996949854904,0.5738421168731633,0.16430382841910268,0.16587204995616717,0.24715172885396383,0.2829477758894432,0.7166616356936292,0.7714643205068556,0.6871181303276848,0.7277584694164748,12.6,15.3,38.0,47.2,118.58976006007676,112.20432435074257,230.79408441081932,6.385435709334189,134.0,117.0,251.0,17.0,1
401809808,2025-11-27T03:00Z,2026,GSW,10,10,15,2,2,0,0,111.53357819124005,119.59417300929485,112.10872543847552,109.69011235078976,-0.5751472472354372,9.904060658505056,102.58,99.01377358490565,0.5342543424709753,0.5413569878185648,0.5759489522954216,0.5762131715467851,0.15578916427529949,0.1503812624238408,0.2593966268131475,0.3872507160759041,0.7065425880745815,0.7314616127809406,0.6837847969943514,0.5554387782455378,12.0,14.3,39.6,55.0,111.49329645686798,116.77465412161551,228.2679505784835,-5.2813576647475315,100.0,104.0,204.0,-4.0,0
401810153,2025-11-30T01:30Z,2026,GSW,3,10,19,3,3,0,0,111.28139693596283,110.31529385116737,109.65277272246087,120.25067683552838,1.6286242135019673,-9.93538298436103,102.42999999999999,101.80358490566037,0.5358332898393964,0.5193821058168895,0.5795683760182673,0.5583207271438229,0.16026988479317172,0.16091110889329593,0.25777061055298495,0.2991558094181327,0.6836141511630938,0.7354488783482823,0.6852133684229228,0.584662833942159,11.9,14.3,39.6,56.4,118.21656361748367,112.31216700274763,230.5287306202313,5.904396614736044,104.0,96.0,200.0,8.0,1
401810178,2025-12-03T04:00Z,2026,GSW,25,10,21,3,3,0,0,111.07418994332227,119.3667681671786,111.59702530857881,102.06955818141498,-0.5228353652565376,17.29720998576365,101.7,102.16999999999999,0.5331451177963856,0.5855507551491016,0.5759883967724255,0.626366189966884,0.1609943153708902,0.1351449947457108,0.2649372772196516,0.2092153313906008,0.6773761842782265,0.739116106387638,0.7010028421071333,0.6334586581843931,11.0,13.5,40.6,51.4,108.63403982547545,117.71647143975666,226.35051126523211,-9.082431614281205,112.0,124.0,236.0,-12.0,0
401836796,2025-12-13T03:00Z,2026,GSW,16,10,24,5,4,0,0,110.20236879704036,116.36521243657066,108.20084299275936,113.40056232730993,2.0015258042809956,2.9646501092607367,100.02000000000001,99.5422641509434,0.5263652335055027,0.5569970427670843,0.5611524389211588,0.5965055631428335,0.1508738278013638,0.1477316099493829,0.2710399321954526,0.26426895025355074,0.6929487091229928,0.7564680405824039,0.7013959775369885,0.6496279437922193,10.1,11.0,44.2,46.6,111.55676801490698,112.03727618230839,223.59404419721537,-0.48050816740141045,120.0,127.0,247.0,-7.0,0
401810247,2025-12-21T01:30Z,2026,GSW,21,10,27,2,2,0,0,111.31173976436487,106.71374701040813,108.0453394298961,114.78717312084646,3.2664003344687655,-8.073426110438326,100.36,100.22000000000001,0.5310476514406662,0.5173176421345828,0.5631996619450964,0.548654610221504,0.1467145424999913,0.15262786165624814,0.2736975738249193,0.25549939866795224,0.7140015123191924,0.7435390845202408,0.7074202963554248,0.5640753623070697,9.9,15.0,43.4,46.4,113.37729986628925,107.69094389549058,221.06824376177983,5.686355970798672,119.0,116.0,235.0,3.0,1
401810262,2025-12-23T03:00Z,2026,GSW,19,10,28,2,2,0,0,110.06566697030269,112.48082600121037,108.11940764717863,109.85743113138392,1.9462593231240597,2.623394869826448,100.2,103.68603773584907,0.5277658788654155,0.5227447502097606,0.5613502938317014,0.5583737872878599,0.15742671522525636,0.12408130187841848,0.28152070307661997,0.2546686565151611,0.7212169594736639,0.7749276341682612,0.7098012487363772,0.6162292981991412,9.6,18.2,41.8,59.8,112.09812269636329,112.44326890543141,224.54139160179471,-0.345146209068119,120.0,97.0,217.0,23.0,1
401809240,2025-12-25T22:17Z,2026,GSW,6,10,31,2,1,0,1,111.55322092127855,116.52352979099746,106.84412873081283,116.21262953256137,4.709092190465736,0.31090025843610525,100.7,101.83905660377359,0.5356310474047413,0.5680976605259818,0.5668149344802791,0.5989307972718689,0.15351238530316294,0.13421331183983462,0.28024816861214485,0.243975059916073,0.7309367796051063,0.7252969667474385,0.7101118077425885,0.6038865677325973,9.9,19.0,43.8,60.8,115.32870119369228,109.70863646954317,225.03733766323546,5.620064724149117,126.0,116.0,242.0,10.0,1
401810339,2026-01-03T03:00Z,2026,GSW,25,10,34,3,2,0,0,118.25798153892458,116.2897767917782,111.8373273971545,106.30197945872483,6.420654141770084,9.987797333053374,101.86264150943396,103.12,0.5735974673704767,0.5587101964386699,0.6107350255978359,0.5950444966644871,0.16209142914188013,0.12507600978803382,0.2854834658882276,0.2282629150469579,0.7426091415722511,0.7491269541701473,0.6905707321770603,0.5460551075158084,11.3,15.5,44.6,54.4,115.0772349563841,116.90524104136321,231.98247599774731,-1.8280060849791084,94.0,131.0,225.0,-37.0,0
401810347,2026-01-04T03:00Z,2026,GSW,26,10,33,1,2,1,0,114.6815373857554,117.7512540598937,115.13479137674044,121.94700011388247,-0.4532539909850364,-4.195746053988779,102.49264150943395,103.93830188679246,0.5538752451482545,0.5572744598425763,0.5938555300584855,0.6001421985400653,0.16102471094870754,0.1354901637534476,0.27100978167770123,0.2304275100749778,0.7483366957518177,0.7343049188577977,0.701082095813424,0.7160528039899849,11.4,13.2,43.4,50.0,118.45507165900999,120.18721515825209,238.64228681726206,-1.732143499242099,123.0,114.0,237.0,9.0,1
401810381,2026-01-08T03:00Z,2026,GSW,15,10,36,2,3,0,0,113.7039448598917,109.952170294617,112.19696078544635,112.04311104687338,1.5069840744453504,-2.0909407522563646,101.13264150943395,98.94999999999999,0.5396846841787394,0.5372041249169828,0.5817712604823181,0.5750136238507503,0.15401791575332702,0.15215210658424333,0.27955314211130566,0.2204166993968104,0.7600251708851316,0.7676010288679953,0.7140071939710804,0.6123764316165657,11.6,11.2,43.8,42.2,112.92016814700854,111.1204623888114,224.04063053581996,1.7997057581971347,120.0,113.0,233.0,7.0,1
401810394,2026-01-10T03:00Z,2026,GSW,23,10,37,2,3,0,0,116.26039338648948,103.7090873747662,113.93595810653319,116.98521631707665,2.3244352799562575,-13.276128942310436,100.83264150943396,100.4688679245283,0.553167830246155,0.49056530141244564,0.5931208271352278,0.5302046760464185,0.14437382849729946,0.1430292724594602,0.27121980877797236,0.26490528891581977,0.7703966879129954,0.7408891111909663,0.7073188822827685,0.6050288110582228,11.7,13.2,44.2,44.0,117.38173325543173,109.53069044052233,226.91242369595406,7.851042814909391,137.0,103.0,240.0,34.0,1
401810411,2026-01-12T01:30Z,2026,GSW,1,10,40,2,2,0,0,119.11479162993672,110.72574535898704,113.53318103828151,109.51979725155259,5.581610591655222,1.2059481074344494,100.01264150943396,105.69000000000001,0.5630133680035921,0.5562612579866852,0.6028205182070937,0.5789189043650427,0.1356711993777495,0.13306800065779134,0.27074361830178184,0.1817388038387502,0.7653208803981635,0.7695485883403562,0.7132712632351496,0.7305589965556956,10.8,17.1,46.2,51.6,117.57684718336455,115.3266338549697,232.90348103833423,2.2502133283948496,111.0,124.0,235.0,-13.0,0
401810425,2026-01-14T04:00Z,2026,GSW,22,10,40,2,3,0,0,117.74022967579496,113.93751224973971,115.75946724966055,113.83954615124328,1.980762426134436,0.09796609849642976,100.43264150943396,100.19,0.5573704216864884,0.5415857225814509,0.5984803817032117,0.5759635310673861,0.13805258718611152,0.1507285578616211,0.26422187917134704,0.298399812676063,0.7750572749559865,0.7165230937701645,0.7081987994670336,0.623076216968497,11.6,12.3,45.4,42.4,116.15036586645743,115.20603693476994,231.35640280122738,0.9443289316874939,119.0,97.0,216.0,22.0,1
401810439,2026-01-16T03:00Z,2026,GSW,18,10,41,2,1,0,1,117.34043210494477,114.66705295555764,114.18413468748585,119.0293857183837,3.156297417458901,-4.362332762826076,100.19264150943397,100.4,0.5659676297218988,0.5299918948547866,0.6042525555997631,0.5687095814949032,0.14117577978298831,0.13528378977699765,0.2484877806538913,0.2849319421089011,0.761696951069347,0.7472360485792174,0.7141511804194145,0.6392354526192647,12.0,16.2,43.4,44.2,118.53511532571287,111.32172078658138,229.85683611229425,7.213394539131485,126.0,113.0,239.0,13.0,1
401810454,2026-01-18T01:30Z,2026,GSW,30,10,41,2,2,0,0,119.29013089355908,121.71615915032297,113.55936631867814,113.34958969922818,5.73076457488091,8.366569451094792,99.49,98.2,0.5780111690477415,0.5751364255359622,0.6121417802195084,0.6102296830545668,0.135235120969376,0.14891806999321672,0.24806382728876147,0.327299736709251,0.7674940525186222,0.7781727802785754,0.7101783122023603,0.6539522990935263,12.0,15.7,44.2,47.4,114.97636590997027,116.27904657491706,231.25541248488733,-1.3026806649467915,136.0,116.0,252.0,20.0,1
401810467,2026-01-20T03:00Z,2026,GSW,14,10,42,2,2,0,0,120.04632658312396,111.71199872707163,113.72478412577047,113.71465758340965,6.321542457353502,-2.0026588563380114,100.15,105.45,0.5854752103827506,0.5315682985057385,0.6157777067692096,0.5643406127975112,0.1323814394510021,0.1421776377058595,0.25066020809127915,0.25111795196446374,0.7611515578040347,0.759861935035848,0.7134303447226855,0.6656689846784476,12.4,16.7,44.2,50.0,120.15314586159828,115.87450638636085,236.0276522479591,4.278639475237426,135.0,112.0,247.0,23.0,1
401810473,2026-01-21T03:00Z,2026,GSW,28,10,44,1,2,1,0,119.55054335286113,110.88937254004122,111.78445593175415,110.61482618077204,7.766087421106972,0.2745463592691664,100.79,98.22037735849057,0.5798062186262508,0.506445392518033,0.6086999202256232,0.5430123095031195,0.12662434115320037,0.11226048369420209,0.24193004936112042,0.26838759984137706,0.7556161676043975,0.7649728162498111,0.7148944086091097,0.7041591870939371,13.0,18.8,46.0,54.6,111.07784533593107,110.78600658007952,221.8638519160106,0.2918387558515576,127.0,145.0,272.0,-18.0,0
401810551,2026-01-31T03:00Z,2026,GSW,8,10,46,2,1,0,1,115.08517289513472,109.26758939242214,109.66245320126518,103.3684809750439,5.422719693869571,5.899108417378232,104.67999999999999,99.97999999999999,0.5788221407121912,0.5243184645821672,0.6034785896199173,0.5560883627103868,0.14133275653959382,0.1482257569157037,0.20631720452876298,0.26698478388767055,0.7393807524491977,0.7346490642049169,0.6989387022427828,0.64840911870889,16.2,16.4,48.2,53.6,111.77181200267687,108.6550896042683,220.42690160694517,3.1167223984085695,124.0,131.0,255.0,-7.0,0
401810579,2026-02-04T03:00Z,2026,GSW,20,10,49,4,1,0,1,115.47843908031197,117.82124594925433,109.4222362583622,116.54324600205048,6.056202821949797,1.2779999472038512,105.47999999999999,98.66867924528302,0.5810443629344133,0.5512936281414516,0.606377088801936,0.5898963377310507,0.14201356178971059,0.11636312468286367,0.20485314064233884,0.2565675109502215,0.7296887234636904,0.700453964859016,0.7097720355761161,0.6323854818645768,15.5,17.8,46.8,49.2,118.41730141457319,112.4992826424759,230.91658405704908,5.918018772097284,94.0,113.0,207.0,-19.0,0
401810623,2026-02-10T03:00Z,2026,GSW,29,10,51,2,2,0,0,109.49794118449024,113.01882667036196,111.10571371000586,120.01236592467997,-1.6077725255156197,-6.9935392543180255,102.99000000000001,102.67000000000003,0.5547534949665457,0.5466570764525416,0.5784181628564002,0.5808140868871773,0.1565344926545621,0.14775976324775164,0.21276099139218324,0.2715017874750235,0.731088269307235,0.6870228711521447,0.7147588280629086,0.65559537640933,14.9,16.9,42.8,48.6,118.00272440017989,115.23363243656614,233.23635683674604,2.7690919636137465,114.0,113.0,227.0,1.0,1
401810643,2026-02-12T03:00Z,2026,GSW,24,10,54,2,1,0,1,108.02034823716647,114.50320863521151,111.66668929779641,106.8310806812223,-3.646341060629953,7.672127953989215,102.53000000000002,102.91999999999999,0.5501815228676238,0.5585395800156834,0.574942195224939,0.5877368056839013,0.16584385956898026,0.12969845141445327,0.21935439798558987,0.2332806962543596,0.7445183963489773,0.7818670308065853,0.7076623531092908,0.6491933866661082,14.7,20.1,43.8,55.4,110.35306517820743,112.68151841106595,223.03458358927338,-2.3284532328585215,113.0,126.0,239.0,-13.0,0
401810654,2026-02-20T03:00Z,2026,GSW,2,10,54,8,8,0,0,107.17885684137295,112.85898266273296,110.40435660181171,105.17438962960549,-3.225499760438749,7.684593033127511,102.07000000000002,95.17,0.5446870173731183,0.5214296538875286,0.5703267455836756,0.5443492607194248,0.15967942362251755,0.12691376726689632,0.2110210646522565,0.29823222256939524,0.7417324725953116,0.7610126575323308,0.7361831231194225,0.5898096796355509,15.6,8.6,42.6,45.0,104.71138583483948,110.09115259134698,214.80253842618646,-5.379766756507507,110.0,121.0,231.0,-11.0,0
401810675,2026-02-22T20:30Z,2026,GSW,7,10,57,2,1,0,1,107.92011985577987,121.93876732495346,111.54055251710938,115.22133822551564,-3.6204326613294873,6.717429099437839,100.91000000000001,99.3096551724138,0.5472911840397849,0.5812816725581589,0.5702609950310615,0.6237699964535179,0.15974429001185692,0.1374889674828736,0.22366427250823034,0.25684435134153194,0.7369705678334069,0.7694161158050644,0.7385087045147715,0.6872603685461285,15.2,13.9,42.0,48.6,111.69326447926655,113.36183610351877,225.05510058278531,-1.6685716242522233,128.0,117.0,245.0,11.0,1
401810721,2026-03-01T01:30Z,2026,GSW,13,10,58,3,2,0,0,112.15335480359127,112.9487445405089,114.61762618541641,114.36699677699869,-2.4642713818251645,-1.4182522364898096,100.26,99.57000000000001,0.5631589344932819,0.5682415589138143,0.5857058289049434,0.6044116707737283,0.16456449423296093,0.14817389639374268,0.2604277160862656,0.2072376637427109,0.7164170420191682,0.7546726822228307,0.740599936264388,0.6231339433463238,12.0,14.3,44.8,52.8,113.16390464087324,113.68646965540415,226.85037429627738,-0.5225650145309118,101.0,129.0,230.0,-28.0,0
401810737,2026-03-03T03:00Z,2026,GSW,12,10,59,2,1,0,1,111.33217667060406,110.32633528251206,116.04180623742589,110.8566066344637,-4.7096295668218815,-0.5302713519516622,98.91999999999999,98.83000000000001,0.5603628416971891,0.5384147891209283,0.5800625859295729,0.5888322478032665,0.15960957315240376,0.14751447059756878,0.2575439538857332,0.20906824765520415,0.724635493768903,0.7551119513937722,0.741148716752193,0.5994419583748852,11.7,17.1,46.4,51.4,109.84457974644288,108.55342746500175,218.39800721144462,1.2911522814411285,101.0,114.0,215.0,-13.0,0
401810798,2026-03-11T02:00Z,2026,GSW,4,10,64,1,2,1,0,112.50463617109531,102.91133419241751,117.25171375553853,111.7068991940271,-4.747077584443231,-8.795565001609585,98.78773584905659,103.87,0.5380773546770653,0.5321170146308485,0.5589841476074343,0.5628939552600338,0.14248391375771313,0.17566492930548142,0.2940354586693907,0.20135018015492073,0.7010420320014654,0.7330592824857115,0.7551102950160968,0.6744602718546786,10.5,15.5,49.0,45.2,110.18764011271573,111.54436203690014,221.73200214961588,-1.3567219241844128,124.0,130.0,254.0,-6.0,0
401810821,2026-03-14T02:00Z,2026,GSW,16,10,66,3,2,0,0,112.20729810543426,111.84391566242626,116.18676255766806,116.68725581232502,-3.9794644522338247,-4.843340149898778,98.99452830188679,100.42999999999999,0.5345608711605818,0.5580015443351847,0.5565182206001686,0.5954895529422115,0.141131651113525,0.15665471138549697,0.2904640300979621,0.22778013259595845,0.6977724945214016,0.7491509338880421,0.735196875102677,0.6055617193581769,10.3,16.0,49.2,49.0,114.11797111479983,113.68727610600409,227.80524722080392,0.4306950087957375,117.0,127.0,244.0,-10.0,0
401810915,2026-03-26T02:00Z,2026,GSW,17,10,72,2,2,0,0,110.47178056964097,102.5618006742714,117.07571833343218,115.50447862515266,-6.603937763791217,-12.94267795088127,100.30905660377357,100.32,0.5301172388316252,0.5081081996075074,0.5639422319940962,0.5587464229062687,0.15955408704296042,0.17865728449484003,0.29855656574205997,0.2203088151632438,0.7126971534866273,0.7105684057346462,0.6892480155191827,0.6597370863964178,11.4,13.5,48.4,42.6,113.34350924275314,110.1641705832724,223.50767982602554,3.1793386594807487,109.0,106.0,215.0,3.0,1
401810928,2026-03-28T02:00Z,2026,GSW,27,10,72,2,2,0,0,110.94441714926354,110.30133876784471,116.5055569213908,122.91281401579883,-5.561139772127269,-12.611475247954079,101.00905660377359,104.27943396226415,0.5408124259974006,0.5640087726047994,0.5783840338455117,0.5916500852643048,0.1714776588160653,0.16486837074102328,0.2952232324087266,0.2092667175046702,0.7181458714353451,0.6661879277295503,0.6698035710747382,0.5904663051620436,12.7,13.4,49.4,44.0,120.02049498457154,116.40211316502983,236.4226081496014,3.6183818195417103,131.0,126.0,257.0,5.0,1
401810968,2026-04-02T02:00Z,2026,GSW,24,10,76,3,2,0,0,110.69988411100545,122.62743445099856,117.35572040509928,107.55819914619003,-6.65583629409385,15.069235304808519,100.73226415094341,101.63,0.55141228916282,0.5710595271364715,0.5892335192417526,0.6061042420768952,0.17813502587238653,0.1210674157410135,0.2822248935382948,0.3003144146737773,0.7571236042288674,0.8317463624259661,0.680461982430824,0.6997510132312841,11.6,16.6,48.4,56.0,110.41799974292798,121.40883643691606,231.82683617984404,-10.990836693988086,113.0,127.0,240.0,-14.0,0
401810972,2026-04-03T02:00Z,2026,GSW,5,10,76,1,2,1,0,109.87818457060499,122.50556494237927,116.8808775835378,118.39432480899282,-7.002693012932829,4.111240133386405,101.12226415094341,100.35,0.5604508890189697,0.5880362914919045,0.5952244334950179,0.6209585472450841,0.18356221184626006,0.12447045966931984,0.2697248935382947,0.24297462308835804,0.75966328676855,0.7753262696656286,0.690535242504084,0.646464555880333,10.9,12.6,48.8,58.4,111.5271548222032,120.57432145684048,232.10147627904368,-9.047166634637279,111.0,118.0,229.0,-7.0,0
401810997,2026-04-06T02:00Z,2026,GSW,10,10,77,3,2,0,0,109.57996083958285,122.03750268790074,116.96424735095972,111.40107073150355,-7.38428651137688,10.636431956397214,101.7322641509434,98.52226415094339,0.553133815848238,0.5746179076649324,0.5888290131649373,0.6061821641787485,0.1763675509404658,0.13326991383473358,0.2665197653331665,0.30257440427130117,0.7769360140412773,0.7527825022242247,0.6840108522601817,0.6840619845401885,11.3,17.0,49.2,53.2,110.63113060233066,119.65295679339363,230.28408739572427,-9.02182619106297,116.0,117.0,233.0,-1.0,0
401811009,2026-04-08T02:00Z,2026,GSW,23,10,79,2,2,0,0,109.7272729044818,113.33906926301795,117.99073903864182,126.96744257606142,-8.263466134160058,-13.628373313043474,100.87226415094341,98.62,0.5559726436870658,0.5430641047672247,0.5908373368196024,0.5694916478519869,0.17047506834450893,0.14288023437956704,0.2490400905364185,0.30118811937443707,0.777693589798853,0.7601265488252075,0.6953980158212583,0.6419962025595949,11.0,11.3,47.6,52.2,118.0469117594423,115.37126805925453,233.41817981869684,2.675643700187763,110.0,105.0,215.0,5.0,1
401811025,2026-04-10T02:00Z,2026,GSW,13,10,79,2,2,0,0,111.3314158879351,115.58470200653642,116.97451388448565,117.89319430948589,-5.643097996550539,-2.3084923029494924,100.43226415094341,100.2,0.565904893009559,0.5633841371030136,0.6010339093066739,0.6052822281375871,0.1742528997085472,0.14089386992014147,0.2515807409429226,0.23822429968771433,0.7818602564655197,0.7705922479159181,0.696148766572009,0.6209835162220354,10.3,15.4,46.8,53.4,114.974631357565,116.64720508345953,231.62183644102453,-1.672573725894523,103.0,119.0,222.0,-16.0,0
401810015,2025-11-04T01:00Z,2026,HOU,6,5,6,2,2,0,0,125.76260952085529,103.04572525755749,111.79698999953708,111.36335355264197,13.965619521318208,-8.317628295084475,98.31586206896552,104.76666666666667,0.5869255648023458,0.5040039441266889,0.6355963070621877,0.5563380886611067,0.1658363552956768,0.15783428299546062,0.36821421321716985,0.1895094839860019,0.7458482899254795,0.7344256920499621,0.6022777645942099,0.6260481626410918,15.8,14.666666666666666,49.6,43.666666666666664,120.39035052459491,109.07700473710038,229.46735526169527,11.313345787494526,110.0,102.0,212.0,8.0,1
401810073,2025-11-13T01:00Z,2026,HOU,27,9,11,4,2,0,0,121.05159032249597,105.57899987472277,111.23478608010923,120.68422881585289,9.816804242386723,-15.105228941130132,99.65325670498085,104.72641509433963,0.5671147520524229,0.5306798137129165,0.609294991841055,0.5624685470936683,0.17140126351151896,0.1740000067128428,0.376143194795631,0.23419353122759365,0.7445950270188624,0.6953455113889093,0.5908396378243839,0.625087232005151,14.666666666666666,17.6,52.44444444444444,47.4,123.51471844408908,110.7808260375417,234.29554448163077,12.733892406547383,135.0,112.0,247.0,23.0,1
401809784,2025-11-15T01:00Z,2026,HOU,22,10,11,2,2,0,0,122.66594348536833,115.94199694176913,111.49342129323652,113.63685189013833,11.17252219213179,2.305145051630793,99.52793103448276,105.00999999999999,0.5723824435138474,0.5394998148069827,0.6119727297470361,0.5847077561798153,0.16645625911158657,0.1553833367443848,0.38297331976051235,0.309715902307957,0.7434688576503095,0.7136872446570142,0.5945007720811611,0.6137650727558175,14.2,19.2,52.8,54.6,120.83221215942719,116.29792472437583,237.130136883803,4.534287435051354,140.0,116.0,256.0,24.0,1
401810091,2025-11-17T00:00Z,2026,HOU,19,10,13,2,2,0,0,125.77936768857508,116.42514366053517,112.16590544819125,112.88680399805735,13.613462240383814,3.5383396624778456,100.06,100.86999999999999,0.5804013114383756,0.5520296812672413,0.6169107400815863,0.6033311940606327,0.15092193399656967,0.15675266078120653,0.38743068410159764,0.2895247442558877,0.7313175574139029,0.748297264335246,0.5900690037617228,0.644986811866199,16.3,18.0,54.0,50.0,119.88798469248763,114.82699874354101,234.71498343602866,5.060985948946623,117.0,113.0,230.0,4.0,1
401809796,2025-11-22T02:30Z,2026,HOU,7,10,14,2,2,0,0,123.08483072532974,121.48639618962932,110.63155037493986,111.551166491188,12.4532803503899,9.935229698441308,99.80377358490566,101.60999999999999,0.5653197302115073,0.5671413581273059,0.6004065147616583,0.612151768092936,0.15404909641522485,0.13462251020134092,0.39953731492597033,0.27774410499186797,0.7593123894552467,0.7528945926789592,0.5771827211999175,0.6384118999750952,15.1,15.5,54.6,54.2,118.14730404559063,116.8793788358734,235.026682881464,1.2679252097172338,109.0,112.0,221.0,-3.0,0
401810185,2025-12-04T01:00Z,2026,HOU,23,10,21,2,3,0,0,121.99460583970952,104.73907316103252,110.7858960401251,117.60539977776519,11.208709799584442,-12.86632661673264,98.07377358490567,102.7511320754717,0.5369126451011892,0.5118993094810843,0.5743958623611587,0.5440611772540728,0.13667536812476327,0.13190959245528544,0.39443259795512253,0.20612141747042517,0.7313512701618871,0.722432588523904,0.5674314978800921,0.6221461376251358,14.7,15.2,53.6,50.2,120.29412131088813,108.20695401819555,228.50107532908368,12.087167292692584,121.0,95.0,216.0,26.0,1
401810201,2025-12-06T01:00Z,2026,HOU,21,10,22,2,4,0,0,121.10578781031197,115.51072713508452,108.07603479900968,111.18668377044385,13.029753011302315,4.32404336464069,98.70377358490566,101.11999999999999,0.5335182617068058,0.5574000196056186,0.5724994091434072,0.5875812513981846,0.13550892946565343,0.15252715618420248,0.39037854390106846,0.300265610181258,0.7292175575018587,0.7387733629332541,0.567431497880092,0.5324270137393061,16.5,15.4,55.6,49.4,116.04389561657771,111.6948762332516,227.73877184982933,4.349019383326109,117.0,98.0,215.0,19.0,1
401836746,2025-12-12T01:00Z,2026,HOU,12,10,24,5,5,0,0,116.33787319328276,111.62354780657533,107.51065534649744,117.35680924657318,8.82721784678531,-5.733261439997841,98.59377358490565,99.97,0.5356315398802811,0.5305593064837255,0.5760413436791225,0.5772730187788615,0.1605457748369337,0.14657740254418625,0.36826743278995744,0.2195979058130392,0.7358275348261217,0.7774408574761846,0.561185351622847,0.5799001395917474,15.4,13.5,56.6,48.6,116.00824502995995,108.78028574898865,224.7885307789486,7.227959280971305,115.0,113.0,228.0,2.0,1
401810293,2025-12-28T01:00Z,2026,HOU,5,10,32,2,3,0,0,118.05472830662964,115.7676207014509,113.95575681980138,116.46347991006606,4.098971486828281,-0.695859208615165,97.08245283018869,103.88226415094341,0.5710654344006229,0.548196280192703,0.6008992976591812,0.5865738312135851,0.17875491117558875,0.12348644119458559,0.371073658664714,0.25066496749964495,0.7630942008540431,0.7447471069363202,0.5762896848052712,0.6439955041691243,14.0,14.0,59.0,55.8,117.82471335297615,115.41573386877056,233.2404472217467,2.408979484205588,117.0,100.0,217.0,17.0,1
401810308,2025-12-30T01:00Z,2026,HOU,11,10,32,2,2,0,0,118.1196476040162,107.41177581769425,114.83823784068991,116.42734822296987,3.281409763326291,-9.015572405275623,96.69245283018869,100.46999999999998,0.5735254743606628,0.5117943508866144,0.6014890283418154,0.5498322112493368,0.1784378401095276,0.1339319973045081,0.3651277127187681,0.22744403155569914,0.7528968324329905,0.7191095164008645,0.5890803824796899,0.6225310797743122,12.5,13.1,55.2,42.2,115.6096525030015,109.54839458607488,225.15804708907638,6.061257916926621,126.0,119.0,245.0,7.0,1
401810360,2026-01-06T01:00Z,2026,HOU,21,10,35,2,1,0,1,119.82610614180922,115.6920556121647,114.46125045995441,109.11935269827681,5.364855681854802,6.572702913887871,96.18245283018868,100.78,0.571816603273395,0.5459077954678724,0.5973676473828823,0.5823811452476485,0.15936177535532015,0.1488073517279001,0.3583883373987475,0.30505611524420956,0.78448654982005,0.7078447303635038,0.5840279069531673,0.5895846594365757,11.7,16.3,53.6,45.4,112.73414784369086,109.92903225053371,222.66318009422457,2.8051155931571543,100.0,97.0,197.0,3.0,1
401810420,2026-01-14T01:00Z,2026,HOU,4,10,38,2,3,0,0,115.01436788691504,109.60042380459811,112.06808317491421,113.35240767990567,2.9462847120008293,-3.751983875307576,95.74999999999999,101.22,0.5282190207428659,0.5377251387444474,0.5558875870560188,0.5649427232759325,0.15077411836376342,0.1376015288954595,0.3944863812386927,0.22728492824652496,0.7766869775673715,0.7875650384376078,0.554972950756554,0.7171656329240438,12.6,17.5,50.0,52.8,112.45350945849168,109.15511454938633,221.608624007878,3.2983949091053546,119.0,113.0,232.0,6.0,1
401810436,2026-01-16T00:30Z,2026,HOU,25,10,41,2,2,0,0,115.55548753863941,117.36082129402207,109.80100383790766,106.97136672283925,5.754483700731756,10.389454571182807,96.23999999999998,102.39113207547169,0.5281000989669673,0.5519849292687206,0.5574430567977364,0.5948218845540236,0.1459025676756016,0.11066737317347212,0.3911816076768812,0.20444175003854048,0.7679457188261127,0.7211317725753025,0.5501667492061662,0.5716548429182879,13.4,15.3,50.4,57.0,110.50190244787751,112.80352622571384,223.30542867359134,-2.301623777836326,91.0,111.0,202.0,-20.0,0
401810446,2026-01-17T02:30Z,2026,HOU,16,10,41,1,3,1,0,111.75853865827541,120.40617133928404,110.42665654345414,112.06570365404187,1.331882114821272,8.34046768524218,97.07999999999998,102.96000000000001,0.5073415519584203,0.5965180433367205,0.5377654827243028,0.6190162748285689,0.1444919365126181,0.12629407365150044,0.380943512438786,0.2669097580296281,0.7704576805486008,0.772362696267173,0.5487381777775948,0.6161638246548733,13.0,16.2,48.0,55.4,108.57646847297816,115.43949722415736,224.01596569713553,-6.8630287511792005,110.0,105.0,215.0,5.0,1
401810459,2026-01-19T00:00Z,2026,HOU,3,10,44,2,2,0,0,110.82961236851511,110.36803219627924,110.73319403109542,117.49008918852114,0.09641833741968711,-7.122056992241864,97.27,103.05,0.5029584350753035,0.5371971975072306,0.5331830662345203,0.5686015157694267,0.14115533481074655,0.14818113084555923,0.36419932639227437,0.256718458028186,0.7744349532758735,0.7452822753487648,0.5346654288211249,0.5954493543276247,13.1,15.2,49.0,58.0,114.34250653976376,110.72749409466924,225.070000634433,3.6150124450945214,119.0,110.0,229.0,9.0,1
401810470,2026-01-21T01:00Z,2026,HOU,24,10,44,2,2,0,0,110.16383592327001,110.5913739388717,109.85913936646114,107.04254859602558,0.3046965568088774,3.548825342846129,97.22999999999999,100.81,0.4951204163336703,0.5187488141492985,0.5255376088941608,0.558092450951467,0.1371283426253789,0.12271560851566674,0.3622669592425159,0.22687684845443878,0.7657140230433155,0.780619562984888,0.5406971748528708,0.6409309334035967,14.0,13.3,49.2,47.0,107.53888097550325,109.14504913747028,216.68393011297354,-1.6061681619670338,111.0,106.0,217.0,5.0,1
401810517,2026-01-27T01:00Z,2026,HOU,29,10,43,3,3,0,0,109.83054673632816,110.98928305360273,111.26439134557945,113.40586721248023,-1.4338446092512853,-2.4165841588774697,98.128679245283,103.13,0.5066896408604697,0.5302399082318139,0.5364329604885943,0.5646523556410097,0.1429711189483231,0.15677928616484677,0.3340646794103549,0.28103187356393117,0.746032377335387,0.7316829136926962,0.5629816872005952,0.6993775305865697,14.6,13.1,49.0,49.2,112.3206645769761,111.82620241747642,224.14686699445252,0.4944621594996761,108.0,99.0,207.0,9.0,1
401810534,2026-01-29T02:42Z,2026,HOU,24,10,47,2,3,0,0,110.3101252213041,110.88682442463042,110.76154463934708,107.38716273411839,-0.45141941804297403,3.4996616905120286,98.23867924528301,99.39999999999999,0.5158189777071979,0.5282608642624679,0.544370888702113,0.564227250234345,0.1447838983616914,0.12373655425340144,0.3252500897447014,0.22042897456804206,0.7275460249780669,0.7689382729135051,0.5796593404636142,0.6482055570469623,13.6,14.2,51.4,44.2,107.56351116697441,109.51572729668891,217.07923846366333,-1.9522161297145004,99.0,111.0,210.0,-12.0,0
401810556,2026-02-01T01:30Z,2026,HOU,6,10,48,2,2,0,0,109.74984200860251,114.28502633754564,107.37306638022619,111.93280458880122,2.3767756283763517,2.3522217487444204,98.79867924528301,103.6,0.5142675550959926,0.5476761038894572,0.5423457079227985,0.5782692120251082,0.14390434469888297,0.12951380664094878,0.3124583186664853,0.24593287332822217,0.7495005547472341,0.7636996760361121,0.5812191695234433,0.5980965432468126,13.2,23.7,51.0,53.6,112.17068720728335,112.15826302526375,224.3289502325471,0.012424182019600494,111.0,107.0,218.0,4.0,1
401810583,2026-02-05T01:00Z,2026,HOU,2,10,50,2,1,0,1,111.30372221185777,114.33694871019483,106.78957573903354,104.58109670170366,4.514146472824249,9.755852008491184,99.04867924528303,97.06172413793104,0.5184309842594219,0.5379272664236608,0.5480355793370661,0.5631118296579383,0.1409645988262268,0.12301101766950266,0.31749553291422583,0.2703238775670822,0.7525105881920502,0.742983860804858,0.6051477409520147,0.5773430487144076,12.7,10.3,52.2,44.0,105.84314730362665,105.16063887803085,211.00378618165752,0.6825084255957989,93.0,114.0,207.0,-21.0,0
401810592,2026-02-06T01:00Z,2026,HOU,30,10,51,1,4,1,0,110.51270122599165,115.80591249970121,108.80978778027774,105.95484912314757,1.7029134457139232,9.851063376553617,98.15867924528303,98.09,0.5130302873953103,0.5557836962450169,0.5431774633073202,0.5897311457940677,0.13793764282401338,0.16484012158023023,0.31872951487910484,0.31953770042005336,0.7363050545952121,0.7926765351562898,0.6034886157634779,0.643471211321037,11.6,14.3,51.4,48.4,103.01756682453991,110.20133629425055,213.21890311879048,-7.18376946971064,99.0,109.0,208.0,-10.0,0
401810627,2026-02-11T01:00Z,2026,HOU,12,10,52,4,3,0,0,108.76706357071392,114.39100591287077,108.87389015406629,113.0348680387307,-0.10682658335239648,1.3561378741400811,97.98867924528302,98.18,0.5033984266188712,0.5734572519378929,0.5362740261456123,0.6100234919877147,0.14218187337689217,0.16414723385612062,0.31976923113621236,0.2334109872726169,0.7228469440782781,0.7662249846999776,0.6161052348305254,0.5850516830227798,12.1,12.6,48.8,50.8,108.77647994469338,109.4939494582161,218.27042940290949,-0.7174695135227154,102.0,95.0,197.0,7.0,1
401810637,2026-02-12T01:00Z,2026,HOU,12,10,53,1,1,1,1,108.33067256437224,113.77863797776281,107.12672469381391,110.42308190586054,1.203947870558307,3.3555560719022517,97.6,97.32000000000001,0.5022732508101512,0.56673788434896,0.5392714150233843,0.6031461070831535,0.1456369691426983,0.1613056779988898,0.31723886676374274,0.24174432060595027,0.7120136107449448,0.7629861183032163,0.5971438821735205,0.5959043962010744,10.9,13.3,48.4,49.8,103.4007434167441,104.41776773296357,207.81851114970766,-1.0170243162194623,102.0,105.0,207.0,-3.0,0
401810685,2026-02-24T02:30Z,2026,HOU,26,10,57,2,3,0,0,109.65444020554014,111.79131343248176,108.95743226798194,113.74294668921831,0.6970079375581919,-1.951633256736573,95.92,103.85,0.5159604420029239,0.547544773140457,0.5519754434977246,0.5809660939748124,0.1536155073731595,0.16381662277299094,0.31220171477579706,0.26507003480192987,0.7236376849027774,0.7423089377331926,0.5877771256950824,0.6743732849019621,12.5,19.0,47.2,56.0,111.57023994991474,110.24744232145407,221.81768227136882,1.3227976284606626,125.0,105.0,230.0,20.0,1
401810700,2026-02-26T01:00Z,2026,HOU,23,10,59,2,2,0,0,109.89047189633962,107.47556435627692,109.30368583058214,120.89479705826969,0.5867860657574921,-13.419232701992758,97.55,101.53999999999999,0.5344892589897794,0.48762650015453446,0.5691904316506257,0.5342398407782712,0.16551162527033536,0.1432956509900346,0.3017640043380866,0.2936634460661974,0.7278743795806486,0.7598535061406493,0.5981905218227642,0.6206790757198377,13.7,14.9,48.2,50.2,114.8675979904329,107.8964522992544,222.7640502896873,6.971145691178492,128.0,97.0,225.0,31.0,1
401810757,2026-03-06T00:30Z,2026,HOU,9,10,61,3,3,0,0,114.74239214724903,111.42015761769986,108.44116706634023,115.37518581567231,6.301225080908812,-3.9550281979724553,97.65,99.51,0.5648001312001488,0.5485969194473959,0.5983611731976667,0.5707371653923705,0.17316613581832976,0.15199534821714664,0.3097942256653462,0.26587728721906656,0.7375668283651688,0.7371354937689031,0.5897378521841317,0.7403979660014423,13.7,10.9,48.2,47.0,113.42495417792395,108.36964693676337,221.79460111468734,5.055307241160577,113.0,115.0,228.0,-2.0,0
401810765,2026-03-07T01:00Z,2026,HOU,22,10,63,1,2,1,0,114.41552820411576,109.79650290810439,108.92137951791965,115.78468958179698,5.494148686196141,-5.988186673692605,97.06773584905662,103.07000000000001,0.5631058540917151,0.5322188690340716,0.5946799238674122,0.5614898040703326,0.17553824555835612,0.17779477455552892,0.32110972176345104,0.32164056257163365,0.7311122829106234,0.7186183250063174,0.5830392875908302,0.6401318948388548,13.5,12.0,49.4,47.8,111.72399467060835,109.43425444611155,221.1582491167199,2.2897402244967964,106.0,99.0,205.0,7.0,1
401810795,2026-03-11T00:00Z,2026,HOU,28,10,63,2,3,0,0,115.08125092366447,111.8253294054289,111.75747713416195,108.12791840554773,3.3237737895025186,3.697410999881167,98.4577358490566,100.25999999999999,0.5651273430831678,0.5339585556913591,0.5992601140573053,0.5739619553944375,0.16788559117125743,0.12803110791689504,0.3069699605958261,0.23719746928787214,0.7344822462805867,0.7485020844748661,0.5800934066282611,0.6531653402015103,14.8,17.0,53.2,50.6,110.88905187462434,111.07467272581285,221.9637246004372,-0.1856208511885029,113.0,99.0,212.0,14.0,1
401810819,2026-03-14T00:00Z,2026,HOU,3,10,67,2,2,0,0,114.04278542420427,116.86052099178032,113.05947563598097,112.09994002780797,0.9833097882233247,4.760580963972339,98.9777358490566,103.57000000000001,0.5575159613591852,0.5426756696150127,0.5884690381137144,0.5910362797275399,0.17020936756054733,0.15077218807612902,0.32116073164108633,0.30450850589626677,0.7447707304062803,0.7131595770734831,0.5824407383722553,0.619755660867316,14.4,18.7,55.4,57.0,114.51174254759978,116.42443685843945,230.93617940603923,-1.9126943108396688,107.0,105.0,212.0,2.0,1
401810844,2026-03-17T01:30Z,2026,HOU,13,10,67,3,2,0,0,113.92172913401676,121.47196480929031,114.57317296760807,111.2272504995182,-0.6514438335912949,10.244714309772089,97.5177358490566,99.26301886792454,0.5400741008940688,0.5872658037336965,0.5723864961070553,0.618755558718771,0.1580760911019474,0.12490188506357738,0.3261518189851148,0.2336980914506094,0.7373727712226068,0.7525029070834509,0.5755529832702144,0.6289485834558622,13.0,15.0,54.4,52.4,110.76246534011307,116.12285089752966,226.8853162376427,-5.360385557416592,92.0,100.0,192.0,-8.0,0
401810862,2026-03-19T01:30Z,2026,HOU,13,10,68,2,2,0,0,110.61664606679051,119.81905236312427,115.31064356011541,108.38072835241621,-4.693997493324873,11.438324010708017,97.1277358490566,99.70301886792451,0.5268050399579487,0.5780753275432203,0.5582994641396052,0.608500794007333,0.17041128260001842,0.12314310922930172,0.34400896184225765,0.23518860635575844,0.7394770275592878,0.743736673317217,0.5691140135053769,0.6222629504544398,12.6,15.8,55.2,52.6,107.7635462199244,115.70188876236388,223.4654349822883,-7.938342542439486,116.0,124.0,240.0,-8.0,0
401810873,2026-03-21T00:00Z,2026,HOU,1,10,69,2,2,0,0,110.47565362185738,121.60409207212271,116.53257808286928,103.68644464816532,-6.056924461011887,17.91764742395739,97.48773584905662,102.78999999999999,0.5231532039890396,0.5676937890725522,0.5549700016847408,0.5999494825358338,0.1688594789608172,0.12837106679053276,0.34470582595375593,0.3011302257549892,0.7559566909533972,0.8063532671375924,0.5710778377947825,0.6820951281725842,12.8,17.6,55.8,57.8,107.22975036550827,119.23368280318851,226.46343316869678,-12.003932437680248,117.0,95.0,212.0,22.0,1
401810882,2026-03-22T00:00Z,2026,HOU,14,10,70,1,2,1,0,111.36444934557608,117.86888208297816,114.2407148959217,112.39275519443625,-2.8762655503456402,5.476126888541935,97.7677358490566,103.9,0.5342946117252476,0.540128288124742,0.565977678214161,0.5873549328858803,0.17741902897304515,0.11906041613535581,0.3434558259537559,0.2800069123239798,0.7676414735620929,0.7488282439981047,0.5862346322198697,0.6476007967546015,13.7,18.6,55.6,59.0,109.42717638728395,117.02254222892941,226.44971861621337,-7.59536584164546,123.0,122.0,245.0,1.0,1
401810957,2026-04-01T00:00Z,2026,HOU,18,10,76,3,3,0,0,113.86544603855802,120.03918342346518,113.3114547399279,113.763445286936,0.5539912986301413,6.275738136529169,98.6522641509434,96.63,0.5367247958409168,0.5662669913693001,0.5643692755446905,0.6025983317989346,0.15733174084956048,0.14876254149067109,0.3406955895875329,0.31724373905017395,0.7633612747252903,0.7633691004902021,0.6460213575063198,0.6397885248323537,15.3,11.5,55.0,48.8,111.12971321052876,113.92310240403734,225.0528156145661,-2.793389193508574,111.0,94.0,205.0,17.0,1
401810965,2026-04-02T00:00Z,2026,HOU,15,10,75,1,1,1,1,117.00011629535986,108.81024669732457,110.95174462994653,122.4251547318557,6.048371665413354,-13.614908034531112,97.57226415094338,99.28000000000002,0.5548255095601873,0.5677695353667851,0.5845570702991241,0.5894289428690843,0.1525493593039269,0.17683242189544515,0.32583844673039003,0.21205080326397602,0.7583107696747853,0.735213998452551,0.6698308813158437,0.6222319886706463,15.6,10.8,52.2,34.4,114.29366123940207,104.90706550020126,219.20072673960334,9.386595739200814,119.0,113.0,232.0,6.0,1
401810979,2026-04-04T00:00Z,2026,HOU,26,10,77,2,2,0,0,118.28216757741117,111.2751707987449,111.80644548464738,121.42483340954728,6.475722092763782,-10.149662610802382,97.5722641509434,105.38,0.5622967739280034,0.5409305248330099,0.5933805579813851,0.5726669673535931,0.14827585503042262,0.1400902546593371,0.3191157576547598,0.23810414026390844,0.7555896812394111,0.713803356044868,0.6805016130231607,0.6863450981102337,15.5,24.4,52.4,55.8,121.62269645783911,113.18729778791608,234.8099942457552,8.435398669923032,140.0,106.0,246.0,34.0,1
401811024,2026-04-10T00:00Z,2026,HOU,20,10,79,2,3,0,0,122.7095061892607,118.483325396519,111.91559557866265,116.89317418356293,10.793910610598044,1.5901512129560784,98.2222641509434,102.06000000000002,0.5752122575921135,0.5561015423807301,0.6077078619493039,0.5932121648494114,0.134842191248588,0.1223482680602612,0.3175485358307986,0.26278591823576625,0.7466046239131835,0.7250874735493165,0.6736723741505781,0.5894024051501514,14.7,18.8,53.6,51.0,119.97041830425981,115.36204387710917,235.33246218136898,4.608374427150636,113.0,102.0,215.0,11.0,1
401811033,2026-04-11T01:30Z,2026,HOU,16,10,80,1,3,1,0,121.0267418885719,106.08266614514541,109.246383239639,106.96830842564495,11.780358648932875,-0.8856422804995308,98.76226415094341,101.68226415094338,0.5646596194325736,0.510868183355423,0.597232200148867,0.5437440671062788,0.13609630924798904,0.14622078588722348,0.3180852084604945,0.23375098154882856,0.749878433436993,0.7120762324936886,0.6503390408172448,0.5951446744278889,15.0,17.5,53.8,48.8,110.8233737648405,107.903824334067,218.72719809890748,2.9195494307735004,132.0,136.0,268.0,-4.0,0
401811049,2026-04-13T00:30Z,2026,HOU,29,10,81,2,2,0,0,122.98167101741406,107.97133958407657,110.87627508692215,126.89736414583642,12.105395930491895,-18.926024561759867,97.7322641509434,103.63000000000002,0.5686388798023886,0.5310654144273854,0.6032316547867385,0.5626166909180605,0.13368477151036434,0.14141910664979696,0.3386249385954271,0.2021575164520642,0.747378433436993,0.6374469529311718,0.6499539811329937,0.6471959811606417,14.8,13.0,56.2,46.2,125.79052071081331,110.16912798546382,235.95964869627713,15.621392725349494,132.0,101.0,233.0,31.0,1
401809999,2025-11-01T23:00Z,2026,IND,9,5,6,1,1,1,1,104.02918514505305,114.61077197860715,114.90198516479992,111.01445862698937,-10.87280001974688,3.596313351617786,103.50620689655173,102.12955974842767,0.46364197011854424,0.5710862227936339,0.5048291381510311,0.6167018727349278,0.13068609157158356,0.16614604650690748,0.26565214211059757,0.232277234371614,0.7721904153232729,0.7915560803718699,0.5928068393285785,0.696887917151075,18.8,14.0,44.0,43.0,107.23511153179494,114.45037704221966,221.68548857401458,-7.2152655104247145,114.0,109.0,223.0,5.0,1
401810012,2025-11-04T00:00Z,2026,IND,15,6,6,3,3,0,0,105.13758956262511,119.79820085789966,113.38919475707438,114.71221155559893,-8.251605194449262,5.085989302300753,103.42183908045978,103.41666666666667,0.4706379713534685,0.6151181989853675,0.5144532856088175,0.6347656608398027,0.1283225520378083,0.1369213051988566,0.2621175258329054,0.19742151382516834,0.7739267953780898,0.7355680855939682,0.5940056994404821,0.5934241715316594,17.5,15.333333333333334,46.0,52.0,113.68351088024096,120.58033117016313,234.2638420504041,-6.896820289922175,115.0,117.0,232.0,-2.0,0
401810028,2025-11-06T00:00Z,2026,IND,17,7,7,2,2,0,0,105.83905489510039,111.0962876497213,113.18527014721208,126.75806701132107,-7.34621525211167,-15.661779361599793,103.57586206896552,100.8,0.4716579436997984,0.5192575593895704,0.5179304024430259,0.5587544225427415,0.12639540687314532,0.1550207278863902,0.26633883166629985,0.28983048102041237,0.774080110324077,0.6908653170181788,0.597059830289644,0.6064029587534111,16.571428571428573,8.857142857142858,47.714285714285715,43.42857142857143,118.84309326096289,114.59434180229694,233.43743506325984,4.24875145866595,103.0,112.0,215.0,-9.0,0
401810085,2025-11-16T00:00Z,2026,IND,28,10,12,2,2,0,0,102.72321627208103,117.18669987826607,116.32449056934749,113.98092354429427,-13.601274297266446,3.205776333971792,103.6,101.07000000000001,0.45136037569198023,0.562605550109406,0.4989122014809624,0.599314251796202,0.1332814208434333,0.13072812934361716,0.2963235721560077,0.23504926223690048,0.7372439343602135,0.7077107440136906,0.6253515090292663,0.7040712511798729,13.0,20.4,47.2,49.2,110.88209074054383,119.48183837228267,230.3639291128265,-8.599747631738836,111.0,129.0,240.0,-18.0,0
401810111,2025-11-20T00:00Z,2026,IND,30,10,14,2,2,0,0,103.35444749299745,111.24895066554367,119.49572936036148,117.02211542557347,-16.141281867364043,-5.773164760029789,103.7,99.42622641509435,0.4579464241046388,0.5292304348297053,0.5111592070177939,0.5751329122492166,0.1388176740770724,0.17139602780651783,0.2891195153920592,0.29649305918992325,0.7256547709656418,0.7784046345972591,0.6235041671819244,0.6338237175403585,10.9,10.4,46.8,48.2,111.91064903994481,117.17574029755129,229.0863893374961,-5.265091257606471,127.0,118.0,245.0,9.0,1
401810138,2025-11-25T00:00Z,2026,IND,8,10,16,3,2,0,0,104.9167410572284,118.40604215255719,119.8274697547168,108.74861301583019,-14.910728697488386,9.657429136726988,103.49999999999997,101.51754716981131,0.4772903007427984,0.5852742149915899,0.5288977927603449,0.611674567922698,0.14390940578996234,0.14706746971699175,0.2837779853374144,0.26997419200414535,0.7055136441020572,0.7326467133843398,0.6349226664265105,0.6137755035283577,12.2,17.0,46.0,59.8,109.51286701806931,122.10512566219836,231.61799268026766,-12.592258644129046,117.0,122.0,239.0,-5.0,0
401809815,2025-11-29T00:30Z,2026,IND,27,10,17,2,3,0,0,104.81789662676324,111.35030518006215,119.36384380572386,125.0583976901859,-14.545947178960631,-13.708092510123743,103.00999999999999,102.19754716981132,0.4889436067863483,0.5527084629240825,0.5400776460069528,0.5856390170994595,0.14560489272654914,0.1585557733365553,0.24481996623233648,0.23523655050067932,0.6890392851276983,0.6456351544906296,0.6162056111240893,0.6186840583672688,11.8,17.4,43.8,49.4,117.93087627316692,118.36071152685888,236.2915878000258,-0.4298352536919623,119.0,86.0,205.0,33.0,1
401810150,2025-11-30T00:30Z,2026,IND,4,10,18,1,1,1,1,107.022283395659,112.8646343380708,116.65172384024247,119.68423258864081,-9.629440444583448,-6.819598250570013,102.67999999999999,106.43310344827584,0.5083977909845718,0.5416672235346586,0.5546524487302367,0.5823125758525693,0.15092236230752337,0.13409824475851462,0.24193748286204828,0.2164370349619568,0.7023543786069505,0.7191724162942716,0.6118495505180287,0.6804072713858311,12.5,19.1,45.4,52.6,114.96271008885097,116.38757903072188,231.35028911957284,-1.424868941870912,103.0,101.0,204.0,2.0,1
401810165,2025-12-02T00:00Z,2026,IND,5,10,21,2,2,0,0,109.46374077165567,112.5438150604908,115.91305088732813,111.0520439724477,-6.4493101156724375,1.491771088043129,102.16,102.23,0.5218749604801491,0.5493892880264653,0.5675460468641572,0.5807560497446493,0.14293342734668127,0.14358735702106545,0.2314314794315165,0.24484895506947962,0.7065766008291726,0.75265885811689,0.6047611358838824,0.6434212486388802,12.3,14.1,45.0,47.0,112.6780531096182,116.73574707768677,229.41380018730496,-4.057693968068563,119.0,135.0,254.0,-16.0,0
401810180,2025-12-04T00:00Z,2026,IND,7,10,20,2,2,0,0,109.30124951717389,125.21387526760975,115.08694307428598,120.80407960604862,-5.78569355711207,4.409795661561124,101.55,100.1,0.5244774560238211,0.5986978613417275,0.5690285030640257,0.6381061828762771,0.14941411705285085,0.1372389734991243,0.23207472534937895,0.29210549252232126,0.6996290768084779,0.7341608077143177,0.588059121037647,0.6646771304807846,12.4,13.6,45.0,49.2,116.00184904424452,121.14165004660818,237.14349909085269,-5.1398010023636544,120.0,135.0,255.0,-15.0,0
401810219,2025-12-09T00:00Z,2026,IND,23,10,23,3,2,0,0,113.41742211771532,106.9972244498113,113.89496288151433,116.50717507482207,-0.47754076379900656,-9.509950625010765,100.65,101.60113207547168,0.5571493791411466,0.5212293509784601,0.5941677241171509,0.5505332055605416,0.14877020035036664,0.12300711299002007,0.21801245003274827,0.20358754837967577,0.7059269862161434,0.7043275516688671,0.576575852054378,0.5844658378629545,13.1,15.6,45.0,50.6,116.25627518546875,111.68923738596942,227.94551257143817,4.567037799499332,116.0,105.0,221.0,11.0,1
401836797,2025-12-14T20:00Z,2026,IND,27,10,23,1,1,1,1,112.34993237814778,110.2718856376612,112.17537525629072,123.67080828913375,0.17455712185707775,-13.398922651472526,100.01,102.47999999999999,0.5446744624503324,0.5460684712574249,0.5821637719844821,0.5792283337489474,0.13380271314369557,0.15534286648888507,0.1946868879238467,0.2409564036308222,0.7267116839573627,0.6853492260522012,0.5869354466931489,0.6370622493068956,12.8,14.3,43.6,45.4,115.89521146096577,109.23011370665958,225.12532516762536,6.6650977543061884,89.0,108.0,197.0,-19.0,0
401810227,2025-12-19T00:00Z,2026,IND,18,10,26,5,2,0,0,111.25236026161288,124.55618615432252,112.06313839300654,109.85380376106414,-0.810778131393658,14.70238239325839,99.08999999999999,98.17,0.5392361507620207,0.5859267937944408,0.5750831509658081,0.6171318728928843,0.12963298316470737,0.13053455594014432,0.19585355459051337,0.3263740677529653,0.7203287052339585,0.7367182279270545,0.5838840081578394,0.5888657249685916,12.2,15.6,42.8,52.0,109.03850478778317,116.68881990051531,225.7273246882985,-7.6503151127321445,113.0,114.0,227.0,-1.0,0
401810268,2025-12-24T00:30Z,2026,IND,15,10,29,1,2,1,0,109.70924885867376,109.77687266487646,115.76928601268492,115.50393715121952,-6.060037154011164,-5.727064486343029,99.27,98.42999999999999,0.5180157750341129,0.5701509281526828,0.5579007059743436,0.5995367594111278,0.12353461590315355,0.1644774905560252,0.22273475398079418,0.20653665989731823,0.727708107022029,0.729302801072887,0.5928194428781579,0.675831492807576,13.1,13.0,41.4,40.0,107.97226866982804,111.47618892638471,219.44845759621273,-3.5039202565566683,94.0,111.0,205.0,-17.0,0
401810281,2025-12-27T00:00Z,2026,IND,2,10,29,3,4,0,0,108.7514291395501,121.39928874204811,116.72395233213857,111.55173126199634,-7.972523192588433,9.847557480051794,99.31999999999998,97.44,0.5103240008629379,0.581208862231347,0.5522244131718828,0.6126817659469481,0.12246246001534948,0.13643006497609717,0.22140899640503667,0.2919841437372397,0.7279858847998069,0.7442531800428176,0.5948889181183649,0.5228508890323113,13.4,15.5,41.8,45.0,108.3671246015207,117.13282228439243,225.49994688591312,-8.765697682871732,122.0,140.0,262.0,-18.0,0
401810319,2025-12-31T20:00Z,2026,IND,19,10,33,1,1,1,1,107.27177267155614,111.81378492807634,118.54155303656118,117.19089282988337,-11.269780365005056,-5.377107901806988,100.49999999999999,99.46603773584904,0.5077359093281728,0.5113151713136789,0.5453940567372887,0.5494545768702916,0.1287754769332638,0.12110175675143016,0.2290889549816776,0.2661408472584887,0.7077206275119756,0.7156922837341126,0.637379564622797,0.657341325558308,14.2,15.3,42.4,52.0,108.84590636187902,111.70336719492057,220.5492735567996,-2.857460833041557,110.0,112.0,222.0,-2.0,0
401810331,2026-01-03T00:00Z,2026,IND,24,10,34,3,2,0,0,105.91133841016418,117.35169542892284,118.44537976303309,110.52700954983952,-12.534041352868904,6.824685879083321,101.28,101.61,0.5066141810356926,0.5381517885469445,0.543651262182607,0.5784787918657394,0.12962137071163424,0.12634311413402527,0.2182193897642863,0.2872727724595913,0.7212817041165306,0.7484757462936484,0.6327012020496976,0.6221353864439055,14.5,15.6,42.8,51.6,109.78294104401286,119.60217146423982,229.3851125082527,-9.819230420226958,113.0,123.0,236.0,-10.0,0
401810365,2026-01-07T00:00Z,2026,IND,5,10,37,3,3,0,0,108.70504749579933,115.49089849475163,119.87342209873857,114.39579185408202,-11.168374602939222,1.0951066406696057,103.05999999999999,104.22999999999999,0.5393355098438799,0.5700285233121491,0.5726143334842505,0.6006086326535349,0.13776596676002045,0.14705112369981227,0.19327027489566684,0.25540911385650616,0.7473700455374587,0.7292533481059145,0.6380215961434365,0.6711288253247981,14.8,14.4,45.0,52.4,115.61643247209226,121.97167503956146,237.58810751165373,-6.355242567469205,116.0,120.0,236.0,-4.0,0
401810398,2026-01-11T00:00Z,2026,IND,14,10,37,2,4,0,0,109.54227708289102,113.34988997188509,119.06272551628385,112.68840813925401,-9.520448433392804,0.661481832631085,102.92999999999999,105.82000000000001,0.5525322444193244,0.5275673148495463,0.5854842261583226,0.5637330928830006,0.14373371138029273,0.14018520127294154,0.1821491537745457,0.2747248876487086,0.7425020126694258,0.7987004489983213,0.6522530198530223,0.6479384409287401,13.4,17.6,44.4,51.8,115.97663885030694,121.29033370788817,237.2669725581951,-5.3136948575812255,123.0,99.0,222.0,24.0,1
401810414,2026-01-13T00:30Z,2026,IND,2,10,38,2,2,0,0,110.75125049865271,122.47492412756007,117.3113062627508,113.31318103352677,-6.560055764098093,9.16174309403329,104.41000000000001,97.40999999999998,0.5596330847554588,0.5693711145577407,0.5914786539330337,0.5960188069341978,0.14642946954168684,0.11757183296693445,0.18607714068125603,0.2997711108350909,0.7506946641093465,0.7697745220525112,0.6787681713681738,0.5295505639730032,14.5,11.0,46.0,47.0,113.05170892956114,120.98414254343135,234.03585147299248,-7.932433613870202,98.0,96.0,194.0,2.0,1
401810426,2026-01-15T00:00Z,2026,IND,28,10,41,2,2,0,0,111.77579347845668,112.82259999545299,116.41168392982277,112.50087484104338,-4.635890451366089,0.3217251544096037,103.82000000000001,99.84716981132075,0.5699064533621608,0.501989091790907,0.5988301621667229,0.5432127927497936,0.14719125953297144,0.10198752569590201,0.1836889292991422,0.2858306106568047,0.7459724418871242,0.7576724916534713,0.6925210851210875,0.6784402569013226,14.0,19.0,45.8,57.4,114.19448572836221,116.71874457696414,230.91323030532635,-2.5242588486019315,101.0,115.0,216.0,-14.0,0
401810443,2026-01-17T00:00Z,2026,IND,3,10,43,2,2,0,0,109.80644110685031,110.3812928238686,114.05967337997792,117.17123137057752,-4.253232273127613,-6.789938546708887,103.67999999999999,103.53,0.5557047287737102,0.5323953682389378,0.5871404308723044,0.5640362580756929,0.14432852375330024,0.15068256741354807,0.18442153003174294,0.26899915978257194,0.7537243798716202,0.7502145770895771,0.7053998729998754,0.6031544541058952,13.1,14.6,45.0,58.0,117.58010878511955,116.26603151774759,233.84614030286713,1.3140772673719567,127.0,119.0,246.0,8.0,1
401810527,2026-01-29T00:00Z,2026,IND,4,10,46,3,2,0,0,105.77160492683974,118.57797090379779,111.23109389604738,114.46051398374448,-5.459488969207618,4.117456920053321,102.67,99.61999999999999,0.5195300003742229,0.5869744360716186,0.5486936180079528,0.6111141560834104,0.1536103674258128,0.12440210462568839,0.22920252906680433,0.22046752367146408,0.7802161161402348,0.7981004608811741,0.7250852950285734,0.7191903706906315,12.7,20.4,45.4,52.8,111.3768883360552,116.22018929590169,227.5970776319569,-4.843300959846488,113.0,110.0,223.0,3.0,1
401810553,2026-02-01T00:00Z,2026,IND,1,10,50,3,2,0,0,106.40823851481973,110.03597526617004,111.75067461734884,113.92937549562728,-5.342436102529108,-3.8934002294572294,102.03,102.19,0.5157423389681972,0.5307283376560051,0.545075184937662,0.5580142608580091,0.14034166866182204,0.12696810880856874,0.21581186567614088,0.229304363767389,0.7811637192617511,0.7328210128329772,0.7430570536935286,0.7009926722306241,12.7,18.9,44.2,46.2,112.4933688330337,113.23317409803055,225.72654293106424,-0.7398052649968463,129.0,124.0,253.0,5.0,1
401810568,2026-02-03T00:00Z,2026,IND,10,10,47,2,2,0,0,107.30228931695876,108.26650041982127,114.32420402911355,106.12074199796378,-7.021914712154777,2.145758421857525,101.69000000000001,99.37867924528301,0.5245304609585663,0.5054502150286526,0.5536170522632158,0.5317238164965905,0.14543859379551188,0.14043908660110058,0.22023494259921783,0.313606644025337,0.781918436242883,0.7525105881920501,0.7193828112692863,0.6012191695234433,11.5,13.5,45.4,50.8,107.28171756754038,111.89004738956116,219.17176495710154,-4.608329822020778,114.0,118.0,232.0,-4.0,0
401810572,2026-02-04T00:00Z,2026,IND,26,10,50,1,3,1,0,108.38287202025951,109.32247413031148,116.0243699889144,122.85899862459485,-7.641497968654869,-13.53652449428336,102.20000000000002,103.33999999999999,0.5248999190866452,0.5352151849270886,0.5562881215889781,0.5718735259819605,0.14274635702619598,0.15937470783145877,0.22394891155708924,0.2458037062748309,0.761918436242883,0.725586460400583,0.7217680229568234,0.7261970668545384,13.2,15.4,46.4,54.6,115.25892617393268,115.79447585066421,231.0534020245969,-0.5355496767315344,122.0,131.0,253.0,-9.0,0
401810676,2026-02-22T22:00Z,2026,IND,6,10,55,1,1,1,1,111.49261646859676,107.76949094253692,115.42693294140659,117.43323081932188,-3.9343164728098072,-9.663739876784978,102.60830188679245,103.59,0.5633674281844907,0.4994827596586332,0.5946309376629342,0.5389372081578665,0.1419027006444831,0.11338108142636223,0.17482492684620346,0.22635760527293708,0.7510419977037156,0.7171081311930889,0.692296200201827,0.5528714240789514,15.7,16.9,46.6,55.0,114.46999334925269,111.60510471077916,226.07509806003185,2.8648886384735306,130.0,134.0,264.0,-4.0,0
401810686,2026-02-25T00:00Z,2026,IND,20,10,57,3,2,0,0,111.72665158730383,114.87210540244787,116.34214656804859,116.11661789694783,-4.615494980744731,-1.2445124944999688,103.83830188679244,100.33000000000001,0.5704763142921253,0.5236898952035081,0.5990063429807032,0.5725666397330851,0.15041935188799865,0.13145306306678567,0.18164310866438527,0.26127651923505546,0.7456072150950199,0.7447972377209993,0.6920722360360936,0.5770501253132831,15.7,16.3,47.4,46.6,116.29593356733625,118.01655299210304,234.3124865594393,-1.7206194247667952,114.0,135.0,249.0,-21.0,0
401810703,2026-02-27T00:00Z,2026,IND,30,10,59,2,2,0,0,110.29050926017189,117.4260949622917,117.28512430759045,110.77372110902775,-6.9946150474185655,6.6523738532639545,103.89830188679245,96.83,0.5581167637303277,0.5388721878906935,0.5878024677300557,0.5827815987347977,0.14573302808974076,0.1679025634707856,0.17814310866438526,0.3445667153858208,0.7484643579521628,0.788677892970433,0.6975092279060122,0.6457714545864872,16.7,10.6,47.0,35.2,110.93461892480035,117.78296119455511,228.71758011935546,-6.848342269754767,109.0,133.0,242.0,-24.0,0
401810727,2026-03-01T22:00Z,2026,IND,29,10,58,2,1,0,1,109.93110973256128,113.05791206622408,118.98664341684666,117.84239606924514,-9.05553368428537,-4.784484003021072,103.76830188679246,104.48000000000002,0.5552432005119369,0.5685840929804458,0.5854648878800982,0.5982048745558254,0.1479240310103831,0.13665667079709465,0.18776593264891137,0.2091779100517463,0.7601310246188294,0.690259266291864,0.6890577247863299,0.6539204784145105,15.7,19.6,48.0,50.4,118.58361449506917,117.18299525545582,235.766609750525,1.4006192396133486,106.0,125.0,231.0,-19.0,0
401810809,2026-03-12T23:00Z,2026,IND,21,10,65,1,1,1,1,107.26212490113247,108.77726913482745,121.41788806680283,110.38696837564835,-14.155763165670388,-1.6096992408209119,105.03000000000002,95.00862068965519,0.5281950616400414,0.5094133783564218,0.5636719903601507,0.5354770506731922,0.14788123159919936,0.13828942427856944,0.20172634959160818,0.29797021432712334,0.765513764825099,0.7090369189223328,0.7124840077490865,0.6184849822961614,14.9,13.8,47.2,35.6,105.58019420259527,111.66621020992724,217.2464044125225,-6.086016007331978,108.0,123.0,231.0,-15.0,0
401810817,2026-03-13T23:30Z,2026,IND,18,10,68,1,1,1,1,108.57388427616831,115.99480631813749,123.61791942207722,106.57077533547411,-15.044035145908916,9.424030982663368,104.03,98.4,0.5306340860302853,0.5628445566741692,0.5664034542126231,0.5900437506833436,0.14289306630337,0.1514081442743302,0.21354453140979,0.2841788917188097,0.751411200722535,0.8020635176454907,0.7126429902610102,0.6953869613948241,12.9,16.4,48.8,47.6,105.6129536045731,117.62414987360981,223.23710347818292,-12.011196269036716,92.0,101.0,193.0,-9.0,0
401810856,2026-03-18T23:30Z,2026,IND,22,10,69,1,2,1,0,108.93328512145226,108.35168701446375,125.25675501134447,108.32198475484336,-16.323469889892202,0.02970225962039095,100.39,102.23,0.5337413513020539,0.5278167610573036,0.5673241895940568,0.5602666908373285,0.1421485161514296,0.16938164795659919,0.21230642267672045,0.29499270472725847,0.7252862117134027,0.7177971279927802,0.7050542492248694,0.6606022809115304,10.8,15.1,45.6,49.0,106.74913724716242,118.33435630817317,225.0834935553356,-11.585219061010747,119.0,127.0,246.0,-8.0,0
401810907,2026-03-25T23:00Z,2026,IND,13,10,72,2,2,0,0,113.19455029797973,120.34297606277724,125.01756638576694,112.85915408495694,-11.823016087787213,7.483821977820289,100.47,98.57301886792452,0.5563120257030171,0.57651508666123,0.5889543157237977,0.6119026264248628,0.12905414428937848,0.12516642736693934,0.2084985254534127,0.2542217670057562,0.7023971952175752,0.7307014338486841,0.7172203345828951,0.5869565609244844,13.1,14.0,45.8,53.8,112.48602936664273,122.09325770007443,234.57928706671714,-9.607228333431706,130.0,137.0,267.0,-7.0,0
401810921,2026-03-27T23:00Z,2026,IND,12,10,73,2,1,0,1,113.65026274405707,122.14806178034871,125.03658068794655,114.62777557985298,-11.386317943889496,7.520286200495718,101.17,98.43566037735849,0.5704078966095192,0.5965072820247943,0.6026908680130482,0.6288152507385726,0.13871359002697567,0.11938665847482643,0.19752224304855887,0.22368347374868264,0.70059980959666,0.6980570630239205,0.7183978708147792,0.5912520701395825,13.6,14.4,45.0,54.2,113.91397147323003,119.64817545293643,233.56214692616646,-5.734203979706393,113.0,114.0,227.0,-1.0,0
401810938,2026-03-29T21:00Z,2026,IND,14,10,74,2,2,0,0,114.03007901768069,116.27256659731646,123.60335901614232,119.2420830054305,-9.573279998461633,-2.969516408114054,100.99,104.46,0.5785022704752179,0.5374257861231294,0.6104773822650796,0.5874568585767638,0.14668861794235794,0.12021547010735226,0.19944531997163578,0.2380000692283301,0.7025605939103856,0.7681162766624844,0.7316139797200545,0.6857668901796535,13.7,18.2,44.6,52.8,119.8144142191205,123.20627229321276,243.02068651233327,-3.3918580740922692,135.0,118.0,253.0,17.0,1
401811007,2026-04-07T23:00Z,2026,IND,16,10,78,2,2,0,0,118.42867184900823,107.1433033996002,123.66556614024012,104.36056462757574,-5.236894291231904,2.7827387720244636,102.42,102.26226415094341,0.6050700089166471,0.5097215140135289,0.6310582650223949,0.5440414427845488,0.131662981565668,0.1444974802708534,0.19116466259541903,0.2531677222749403,0.7053632496541795,0.7043014946915909,0.754178576665302,0.6276764124348544,17.9,19.2,49.6,49.4,114.00251337621789,118.10620500883559,232.10871838505346,-4.103691632617696,104.0,124.0,228.0,-20.0,0
401811030,2026-04-10T23:30Z,2026,IND,20,10,80,1,0,1,1,116.89069893077222,114.9882691957821,117.80628261943946,116.54619487600576,-0.9155836886672397,-1.5579256802236552,103.64000000000001,101.92999999999999,0.5963944839121246,0.5489446796356321,0.626277828582994,0.5850838020975095,0.13455654620493782,0.12940639656794897,0.1863485256143108,0.24706622126606925,0.7516183441633416,0.7247530253887814,0.7670439678810769,0.5819204650056726,20.3,17.9,53.0,50.4,116.3699839801589,116.04977184038859,232.4197558205475,0.3202121397703195,94.0,105.0,199.0,-11.0,0
401811043,2026-04-12T22:00Z,2026,IND,8,10,81,2,2,0,0,114.19963347633193,117.53125005488562,114.69360534097123,106.69825015829478,-0.49397186463931797,10.832999896590824,103.86999999999998,99.93150943396226,0.5806725587784347,0.5845401901661083,0.6119988996189749,0.6153516524576577,0.1421017877664345,0.16167909158133373,0.19557929484508002,0.30137614513692546,0.7611749944096471,0.7429953583238091,0.7564379072750163,0.7148593632371285,20.3,17.8,51.0,58.4,112.54830528876165,118.31944014439807,230.8677454331597,-5.771134855636419,121.0,133.0,254.0,-12.0,0
401810019,2025-11-04T03:30Z,2026,LAC,14,5,6,3,1,0,1,114.13177251133541,115.79069561908678,115.3793885991378,108.837290499098,-1.2476160878024194,6.953405119988786,97.14,107.23333333333335,0.5697316627351532,0.5743207099027439,0.6072163606250757,0.6085746852647119,0.17643953211626345,0.14722332078032585,0.2767195559052365,0.2183755421266984,0.6976268760479287,0.7768187974081817,0.5923995810952334,0.6564733580033457,14.6,20.333333333333332,51.6,56.666666666666664,113.92232659413078,114.56912664566794,228.49145323979872,-0.6468000515371557,119.0,120.0,239.0,-1.0,0
401810025,2025-11-05T04:00Z,2026,LAC,25,6,7,1,3,1,0,114.16200382989126,116.4193198598839,115.36178636863788,104.06909274866793,-1.1997825387466527,12.350227111215982,98.3,99.2871921182266,0.5742082037944459,0.5413568039894487,0.6089263223833566,0.5852602745170646,0.18065446120159323,0.11741546918516366,0.27425042357182405,0.24046856289323035,0.7223813710655816,0.7568949212936297,0.5883632872763308,0.5706317000791785,14.5,13.857142857142858,51.0,52.57142857142857,104.56519879415966,114.49244491437504,219.0576437085347,-9.927246120215386,107.0,126.0,233.0,-19.0,0
401810045,2025-11-09T03:30Z,2026,LAC,21,8,9,2,2,0,0,112.19576208108191,112.75706360307896,117.16099933121708,114.32226136405153,-4.965237250135182,-1.5651977609725702,98.29999999999998,102.20607966457023,0.5595722920863407,0.551803723027555,0.5986230633651293,0.5852972930688405,0.17870108658076075,0.16592351134684583,0.2698247224407728,0.2799565186244187,0.7251193616325196,0.7131244285351008,0.6254715996563823,0.6574034931819406,12.875,13.11111111111111,47.25,41.77777777777778,113.54560213587727,115.24992360756907,228.79552574344635,-1.7043214716917987,103.0,114.0,217.0,-11.0,0
401810061,2025-11-11T03:30Z,2026,LAC,1,9,10,2,2,0,0,112.26455473289792,111.86961386320279,118.01678704091634,111.4378823454653,-5.752232308018422,0.43173151773749885,97.5222222222222,103.12,0.5637756593437026,0.5392013194365952,0.5994930710312114,0.5796259296278974,0.17223229115076993,0.14129202577813652,0.25618406700617713,0.23219870826892225,0.7143918135146206,0.6996490669771007,0.6264354598571636,0.6788678089753456,12.0,17.5,48.0,54.8,112.21038522982407,115.31229584017781,227.52268107000188,-3.101910610353741,102.0,105.0,207.0,-3.0,0
401810079,2025-11-13T03:30Z,2026,LAC,7,10,10,2,1,0,1,111.7749413648713,121.60075356295279,117.26773991577208,108.27289622058099,-5.4927985509007895,13.327857342371772,97.26999999999998,101.1077358490566,0.5586176056044543,0.5743363399581698,0.5943824736055096,0.6176347301138762,0.16764064098306136,0.13805133073890288,0.25501010475000385,0.28496934235861476,0.7245315795315795,0.7675798128957887,0.616569691649225,0.6626591628531793,11.2,16.6,47.4,57.2,109.1314794967074,114.91151293731261,224.04299243402,-5.780033440605209,116.0,130.0,246.0,-14.0,0
401809821,2025-11-29T03:00Z,2026,LAC,29,10,19,3,2,0,0,113.60456217827041,109.59429207970723,120.99407084717305,112.14194689024484,-7.389508668902633,-2.5476548105375976,98.06379310344828,101.17358490566036,0.5472934405397855,0.5104546147897757,0.5943804200780556,0.548233139717431,0.14596558031329795,0.1342443715704873,0.2216153576802001,0.2617698428772116,0.7238170258211996,0.7825269796768787,0.5854068371228053,0.7566757607895765,10.0,9.8,48.2,47.4,112.4428564038011,114.85455207241094,227.29740847621204,-2.4116956686098376,107.0,112.0,219.0,-5.0,0
401810155,2025-11-30T03:00Z,2026,LAC,6,10,20,1,1,1,1,113.066044471078,107.03120852382423,119.75274189500071,112.30109817828904,-6.6866974239227135,-5.269889654464825,98.89379310344829,102.95454782042941,0.5369913830467168,0.5139138724651098,0.5881935758974433,0.5544111470186807,0.14696959637755497,0.15944849952945894,0.22430077967508497,0.2522735828667277,0.7283511873118828,0.7316339199179377,0.5719922029764637,0.6064116577239373,11.4,17.2,46.6,47.6,110.31321081813432,111.00671303999167,221.319923858126,-0.6935022218573437,110.0,114.0,224.0,-4.0,0
401836807,2025-12-16T03:30Z,2026,LAC,29,10,25,4,3,0,0,113.67515917674811,115.38693043046888,116.95068956498827,108.0496920174331,-3.275530388240166,7.337238413035746,99.14999999999999,101.60358490566037,0.5412190587165113,0.554280196512233,0.588574508703204,0.5870590703461249,0.1420763082008953,0.14604992876890405,0.2208113641693547,0.2783149114576025,0.751726571761899,0.7959063691242659,0.588447148138756,0.696306169434582,12.9,12.3,49.2,53.8,111.28014684976492,116.60652530634265,227.88667215610758,-5.326378456577729,103.0,121.0,224.0,-18.0,0
401810250,2025-12-21T03:30Z,2026,LAC,13,10,26,2,2,0,0,109.80711957443384,122.79633158989002,116.97172855680954,122.28563213744273,-7.164608982375715,0.5106994524472734,99.76999999999998,99.64000000000001,0.5379405499445815,0.5829406804834115,0.5823912156585769,0.6270895835790735,0.1627652656836325,0.13244763252708258,0.22499265071906233,0.2619176924154622,0.756696429623743,0.7623504336918326,0.5989054325100837,0.5700566643014708,13.7,13.7,46.4,49.4,115.70403904716328,119.53037218463339,235.23441123179668,-3.8263331374701153,103.0,88.0,191.0,15.0,1
401810277,2025-12-24T03:30Z,2026,LAC,10,10,26,3,2,0,0,108.71210558584157,118.09187248871164,112.5479718065005,112.27083028154132,-3.835866220658913,5.821042207170311,99.38,99.27245283018867,0.530564006734705,0.5667128663735588,0.5759480916695814,0.6027317886703961,0.1666300209374875,0.17552867194553276,0.23473291045932204,0.3568492783938221,0.7634191186993732,0.747424344394713,0.6064684577201678,0.5992211997624834,14.4,15.0,45.0,57.2,109.74700560917972,114.54292697404172,224.28993258322146,-4.7959213648619965,128.0,108.0,236.0,20.0,1
401810300,2025-12-29T02:00Z,2026,LAC,8,10,31,2,2,0,0,114.69588714785652,116.81757442672934,113.69987673800074,108.42603125774784,0.9960104098558084,8.391543168981514,97.05,102.67679245283018,0.5632506633243294,0.5350686178301935,0.6067602721959158,0.5691339837791431,0.16184232720856698,0.13867649580787264,0.23413023543882497,0.3407435581788706,0.7383256652370327,0.7205777873000345,0.6084246996764097,0.6451403914045939,12.7,19.6,43.6,58.4,111.40856272268363,115.10127781383365,226.5098405365173,-3.6927150911500206,112.0,99.0,211.0,13.0,1
401810316,2025-12-31T04:00Z,2026,LAC,23,10,32,2,2,0,0,115.61767534150445,108.8497309046991,111.6159890165131,115.92379652544498,4.001686324991344,-7.0740656207458725,95.35,101.78132075471699,0.5697714966576626,0.5181355118296505,0.6153642009783468,0.5557416726533003,0.16299545456949588,0.14649620650531484,0.23018286701777235,0.2757449889365107,0.727611379522747,0.7253051991203453,0.6063648990119578,0.6017622705035597,12.2,14.1,39.6,48.2,114.11019039655723,108.6517463730202,222.76193676957743,5.458444023537027,131.0,90.0,221.0,41.0,1
401810330,2026-01-02T03:30Z,2026,LAC,26,10,32,2,2,0,0,117.4764477524241,117.51822467792815,111.56454540678729,122.96187667752667,5.911902345636813,-5.443651999598537,95.19000000000001,104.16830188679243,0.5736042057712707,0.5613921069013997,0.6195031046689166,0.6007064761481307,0.15488352007719325,0.13408476485489512,0.228842540677446,0.22629217172911315,0.7160042366656041,0.7501557347086135,0.6034992863637364,0.7229972484344294,12.1,12.4,40.2,49.0,119.83344016715166,114.17388008902842,234.0073202561801,5.659560078123249,118.0,101.0,219.0,17.0,1
401810348,2026-01-04T03:30Z,2026,LAC,2,10,33,2,2,0,0,119.43186821848285,118.0392537010778,110.87920744181403,112.0406860895744,8.5526607766688,5.998567611503423,95.26000000000002,98.94000000000001,0.5750367900409336,0.5637941346155069,0.6222318389786944,0.597230169638803,0.15070780723886645,0.1330545776201223,0.2535782700643382,0.2662124087109408,0.7086942951451363,0.7547967358981003,0.5906421435065936,0.5222974067464714,11.9,11.7,40.4,44.4,112.37992511656181,111.13991288487401,223.5198380014358,1.2400122316877997,115.0,146.0,261.0,-31.0,0
401810363,2026-01-06T03:00Z,2026,LAC,9,10,36,2,2,0,0,120.34851021937084,115.5565101973347,114.79875383814378,114.41365559282413,5.549756381227035,1.1428546045105838,95.3,102.01264150943396,0.5816124202930344,0.5605742394011282,0.6298787745565984,0.6001184901142784,0.14958397269690998,0.16367830080890963,0.24898987600225989,0.27684311501103465,0.685943870696919,0.7513564402349768,0.6125469054113555,0.7141370641009503,11.5,11.2,40.0,43.6,115.80385765719979,113.63001408110843,229.4338717383082,2.1738435760913575,103.0,102.0,205.0,1.0,1
401810418,2026-01-13T03:30Z,2026,LAC,30,10,39,2,2,0,0,121.7558459560958,122.38836234496834,112.59996165987036,111.65790864833593,9.155884296225466,10.730453696632416,95.21,97.88,0.5857912898280253,0.5693335351922777,0.6348634714142445,0.6054748284792549,0.13576426517143578,0.14611651785716212,0.22977224782112474,0.33235245860407814,0.676175716280681,0.7590068283060197,0.5830291205852216,0.6695692399140972,10.8,14.4,42.6,44.2,112.67465469142431,113.43473870523576,226.10939339666007,-0.7600840138114506,117.0,109.0,226.0,8.0,1
401810432,2026-01-15T03:30Z,2026,LAC,27,10,38,2,3,0,0,120.0052686416938,108.20139886473407,112.19835661151312,112.80809522740847,7.806912030180698,-4.6066963626743895,95.61999999999999,104.82000000000001,0.5726066483825143,0.5361006470087692,0.6206397554827936,0.5773487406600599,0.13006542894581447,0.16787825701486858,0.23034042963930657,0.25418446445611176,0.6847436477372293,0.7404460303625275,0.577163847646778,0.6050122103588506,11.7,17.1,42.2,48.4,116.66277663480714,110.44231746914747,227.10509410395463,6.220459165659676,119.0,105.0,224.0,14.0,1
401810488,2026-01-23T03:00Z,2026,LAC,13,10,42,2,2,0,0,115.08242703342121,115.04911552192327,116.96273714295678,115.28090917065443,-1.8803101095355665,-0.23179364873117353,96.94584905660376,98.55,0.5556489403475361,0.5540680621429588,0.6048388217899099,0.5880233629782988,0.14313299581871114,0.13573910496508362,0.22544467509958915,0.2527729552645566,0.6875197320462153,0.7447766320283484,0.5891394808599262,0.6132907593399665,13.0,17.7,49.0,49.8,112.58769000681909,113.39338531979095,225.98107532661004,-0.8056953129718636,112.0,104.0,216.0,8.0,1
401810511,2026-01-26T02:00Z,2026,LAC,17,10,43,3,2,0,0,114.02232390811055,107.00114373318536,111.77081428380104,119.63515341270121,2.251509624309504,-12.634009679515849,97.55584905660376,94.83417696811972,0.5514822736808693,0.5124749329155268,0.6020436129387325,0.5420372963132692,0.15254436899316406,0.13810161585202765,0.23609936059381248,0.24700664236926798,0.7153392809183957,0.7409256731645711,0.5847347189551643,0.6602972344393898,13.6,11.4,48.2,41.0,112.38342035655553,105.22385674091932,217.60727709747485,7.159563615636216,126.0,89.0,215.0,37.0,1
401810570,2026-02-03T03:00Z,2026,LAC,20,10,48,1,2,1,0,117.71683727744221,114.69154402630491,110.66692403022117,117.51109619744643,7.049913247221056,-2.8195521711415417,97.27584905660378,99.50867924528302,0.558991711650877,0.5415697457603853,0.6050139230315686,0.5814335738919427,0.1415541085934396,0.12165733053668444,0.25301158374821336,0.24702502729009077,0.7655585771938991,0.6881719881148299,0.589553958362807,0.624607704086799,14.7,18.3,50.6,47.8,112.25135348578763,110.86764958834826,223.1190030741359,1.383703897439375,113.0,128.0,241.0,-15.0,0
401810587,2026-02-05T03:30Z,2026,LAC,5,10,51,2,3,0,0,117.38561436497325,116.14131066732861,112.75313237108648,108.54849756810056,4.632481993886783,7.5928130992280485,97.20584905660377,101.41000000000001,0.5693874753075103,0.5646356125165074,0.6123226041415649,0.5939510006900688,0.1510763539871815,0.15909090919750743,0.24988658374821338,0.29603183803622063,0.7607632555564722,0.7503187623582483,0.5880693348209193,0.6761366784909877,13.3,14.8,53.0,52.8,112.18523868109303,113.65516037103312,225.84039905212614,-1.4699216899400938,91.0,124.0,215.0,-33.0,0
401810656,2026-02-20T03:30Z,2026,LAC,7,10,55,8,8,0,0,113.63436187323899,118.79700947986382,110.7663116615523,116.9131442889493,2.86805021168668,1.883865190914517,96.82000000000001,96.78965517241379,0.5658720834831591,0.5608433945003438,0.6024483265346268,0.6046069665989149,0.15282959034821952,0.1311228734169247,0.2279857214814974,0.2562514659660379,0.743061306273141,0.7514945032561227,0.5967377295344077,0.6704987967845566,14.3,13.3,50.2,47.6,111.59055792230305,111.11418861605915,222.7047465383622,0.47636930624389606,115.0,114.0,229.0,1.0,1
401810682,2026-02-23T02:00Z,2026,LAC,19,10,55,2,2,0,0,112.16916908092676,112.4912628321219,114.36751397842227,108.42484532484852,-2.198344897495506,4.0664175072734015,97.8,101.61862068965517,0.5564315730544233,0.5470579371031801,0.5956608261831329,0.5898923222036689,0.15171806430994797,0.12247331911356603,0.2210704759473261,0.17154756160052206,0.7599195882257626,0.754445412362365,0.6068387396354177,0.681381477999125,14.6,17.3,52.0,44.0,109.97638521298407,113.09966090725261,223.0760461202367,-3.1232756942685427,109.0,111.0,220.0,-2.0,0
401810712,2026-02-27T03:00Z,2026,LAC,16,10,59,4,2,0,0,111.77177266546974,118.95166581927182,112.7684719225338,117.3808417023965,-0.996699257064067,1.570824116875333,98.12,102.75,0.5529852295408341,0.5796086621234411,0.5956127994474862,0.6090529499390529,0.15243925677263223,0.14680241276273429,0.22016622062817715,0.27687660269416003,0.7571659650373569,0.723649047142862,0.5793387396354177,0.5709589156728437,15.0,18.3,53.6,52.8,115.07471412018324,116.36406017049124,231.43877429067447,-1.2893460503079979,88.0,94.0,182.0,-6.0,0
401810732,2026-03-02T02:00Z,2026,LAC,3,10,61,3,1,0,1,108.77584577955058,115.08032139527457,112.85136484339424,112.48786792448246,-4.075519063843614,2.5924534707921216,98.14,101.79132075471699,0.5396752327971023,0.5625335648204961,0.5866091621295569,0.597727971661165,0.15342597707424466,0.13710737034117843,0.19766622062817713,0.23277505512076396,0.7573341736159943,0.7016486942287841,0.5911992047516967,0.6546716459982063,15.5,22.3,51.8,55.4,110.59386628985223,110.50890644850101,221.10277273835322,0.08495984135122114,137.0,117.0,254.0,20.0,1
401810753,2026-03-05T03:30Z,2026,LAC,11,10,61,2,4,0,0,113.19143429241305,108.68284180705811,109.10021224502478,118.76881303097568,4.091222047388272,-10.085971223917584,98.33000000000001,103.46830188679243,0.5431206714738696,0.5514634386071748,0.5954028954062942,0.5818255869809245,0.13833542769327833,0.15238045319033094,0.23035203143898797,0.19040544999431105,0.7558112520930729,0.7412121056999105,0.5882450471779741,0.6900833658119707,17.9,14.6,52.2,46.4,117.02296003775061,109.87062621857466,226.89358625632525,7.152333819175951,130.0,107.0,237.0,23.0,1
401810790,2026-03-10T02:00Z,2026,LAC,18,10,66,2,2,0,0,115.8935400213386,112.75925907598621,111.1885910173419,105.5723721980871,4.7049490039967345,7.18688687789911,99.58,98.28,0.5487398366921029,0.5495608798851128,0.6007349674424891,0.5779012101109743,0.1306552912726775,0.14374665950080073,0.23453951062646716,0.2570838323066772,0.7636130437809212,0.7862642543162772,0.5441255323267519,0.6691797579408022,18.0,17.7,56.6,47.4,109.54811347933892,110.77580404866475,220.32391752800368,-1.22769056932583,126.0,118.0,244.0,8.0,1
401810807,2026-03-12T02:30Z,2026,LAC,16,10,65,2,1,0,1,117.06355095718166,111.63550306858954,111.89548556930372,111.75429859907793,5.168065387877966,-0.11879553048838325,100.39,101.0,0.5507577112906228,0.5508885423945965,0.6016944037486502,0.5891297114203755,0.12680289201498926,0.14992073901918818,0.23615601006905354,0.2292235969103129,0.7636772286332959,0.7381509338880422,0.5439317338771394,0.5937742797446502,17.7,17.5,56.6,48.0,115.2040668053378,109.16599656932941,224.3700633746672,6.038070236008394,153.0,128.0,281.0,25.0,1
401810823,2026-03-14T02:30Z,2026,LAC,4,10,66,2,1,0,1,121.53425708071882,106.82959615088839,113.98379467876619,113.48662406366884,7.550462401952632,-6.65702791278044,99.72,103.9567924528302,0.5740335733595883,0.5433890496471847,0.6224980540114934,0.5723468069405427,0.12370481061910595,0.16865524024481035,0.24593861876470574,0.22283954128959077,0.7531756612351768,0.7371961413163066,0.5473088445713233,0.6870402176541365,17.9,16.6,56.6,49.2,119.6707480773168,109.06331569893179,228.7340637762486,10.607432378385013,119.0,108.0,227.0,11.0,1
401810830,2026-03-15T02:30Z,2026,LAC,23,10,67,1,3,1,0,121.05217622754421,111.74166999810973,112.12987602797253,117.96701299673434,8.922300199571678,-6.225342998624599,99.87999999999998,102.91,0.5668816424652794,0.5173559695901556,0.6139619878693697,0.5551272049288297,0.11369116974609006,0.11137060723929518,0.24065072217246128,0.2645164903335456,0.7416891747486903,0.7435972596595846,0.552622854233159,0.6210941421856895,17.6,15.9,57.8,59.4,117.54145085326924,113.49727704657305,231.03872789984229,4.044173806696193,109.0,118.0,227.0,-9.0,0
401810845,2026-03-17T02:00Z,2026,LAC,24,10,68,2,3,0,0,120.51461064517275,120.28462573666407,112.28244685693372,110.96135239735801,8.232163788239045,9.32327333930605,100.35,100.49999999999999,0.5674625374738852,0.5846647287553809,0.6131110867381829,0.6139658887778039,0.11619799031272175,0.12526585306736784,0.23690072217246133,0.22253352964869916,0.7420618455561436,0.7710625327157006,0.5563408029511078,0.7078867215835685,17.3,15.3,57.0,47.8,116.22986794273075,116.77774132606028,233.00760926879104,-0.5478733833295308,115.0,119.0,234.0,-4.0,0
401810901,2026-03-24T02:30Z,2026,LAC,15,10,70,2,2,0,0,120.09391136741583,110.85817678214963,118.69980959236266,122.23933584845994,1.3941017750531424,-11.381159066310325,99.00566037735848,98.38000000000002,0.5752661316287943,0.5747966026030531,0.6114798148745779,0.5928256502395037,0.12166613376333005,0.15315827537843937,0.24332473597452386,0.19290100773574248,0.6938467359912938,0.7300284466415363,0.5592457439972937,0.6287640891269042,14.7,10.9,55.8,38.6,119.58277008273828,113.27863683857441,232.8614069213127,6.3041332441638644,129.0,96.0,225.0,33.0,1
401810917,2026-03-26T02:30Z,2026,LAC,28,10,71,2,2,0,0,121.81867955664943,117.46423472474353,116.64479330973214,114.71051694748424,5.1738862469173,2.7537177772592787,99.01566037735849,99.83000000000001,0.5879706966589408,0.5737925958112247,0.6249451969275682,0.604067329260382,0.12369859040390692,0.13603356566976327,0.24031887087188455,0.2327782601593102,0.69762971259657,0.739318350896847,0.5706945788503839,0.6670149907985976,14.4,17.1,56.6,52.8,117.58201069347615,116.37891069954213,233.96092139301828,1.2030999939340177,119.0,94.0,213.0,25.0,1
401810959,2026-04-01T03:00Z,2026,LAC,22,10,76,3,3,0,0,118.58891467241115,113.66260116477682,112.81522983696429,102.75399238093803,5.773684835446852,10.908608783838805,98.29566037735849,102.77000000000001,0.5819555870799542,0.5521031005986284,0.614233840503477,0.5884155584184921,0.12948028372592083,0.18135759889718117,0.23382413871031943,0.32552315844398694,0.7202302244107068,0.7707593929056559,0.5726622538299703,0.6695524892671953,13.8,14.4,53.4,50.4,111.26114444131483,113.84228662799217,225.103431069307,-2.58114218667734,104.0,114.0,218.0,-10.0,0
401810974,2026-04-03T02:30Z,2026,LAC,24,10,77,2,1,0,1,118.00816062517124,122.46875176200213,114.37026566498977,105.5829576331311,3.637894960181461,16.885794128871016,97.4756603773585,101.44,0.5859303677817086,0.5711727133277562,0.6187776173272119,0.6058494143342339,0.13848290447963635,0.12604267537887986,0.2331376398544842,0.3061263804857431,0.7002302244107068,0.8309887866683902,0.561792688612579,0.6979539730621509,13.3,17.3,51.6,57.0,111.18943735715568,114.24414966994092,225.43358702709662,-3.0547123127852416,99.0,118.0,217.0,-19.0,0
401811011,2026-04-08T02:30Z,2026,LAC,6,10,78,2,3,0,0,118.78572359870024,110.60828955639845,112.93602032679262,120.35825913177652,5.849703271907638,-9.749969575378095,97.8756603773585,104.81792452830189,0.5894796309873139,0.5232545475699968,0.6219022025320258,0.5638296905240564,0.13590065391188838,0.1255595851745897,0.23164954461638895,0.22063827187311355,0.7156680005203754,0.7579105480787123,0.5661596948068277,0.6153476971561289,13.4,19.2,50.4,53.8,121.18237792064416,113.2774938887146,234.45987180935876,7.904884031929555,116.0,103.0,219.0,13.0,1
401811018,2026-04-09T02:00Z,2026,LAC,25,10,79,1,1,1,1,118.44138417532388,122.95259656369585,109.80415257277966,102.69498050722832,8.637231602544219,20.25761605646752,98.81566037735851,100.55528301886793,0.5854035440307921,0.596406298011708,0.6193484200864694,0.6312464298831749,0.13347701523151886,0.1327332253783567,0.22103261491768017,0.2526300060938984,0.7273871288496732,0.7676593121295492,0.5689239224491043,0.5964039263482153,15.2,17.7,49.0,49.6,106.91380169148307,112.53196169365648,219.44576338513957,-5.618160002173411,110.0,128.0,238.0,-18.0,0
401811054,2026-04-13T00:30Z,2026,LAC,9,10,81,2,2,0,0,116.12229716488139,113.6575773354916,111.30691289968948,118.72657771368833,4.8153842651919,-5.069000378196731,99.29,99.1822641509434,0.5702946138178965,0.5657741460880548,0.6058298137546513,0.6047264725045309,0.13605564623199468,0.16507561311531596,0.22705758588167554,0.25668757854976026,0.727125657864518,0.7755955204812885,0.5617974051755281,0.709796582171044,15.3,10.4,48.8,47.6,116.52746982612837,111.62302932634798,228.15049915247636,4.904440499780392,115.0,110.0,225.0,5.0,1
401810010,2025-11-03T02:30Z,2026,LAL,14,6,5,2,3,0,0,116.00326723880187,116.37122420668588,114.50806056815314,106.1456705180145,1.4952066706487273,10.225553688671397,101.7,107.42,0.586481187989332,0.5760896137880546,0.6300645609477377,0.6100973146253467,0.1758944222659027,0.14844597176611823,0.23525991023088544,0.21919350769489526,0.7164950512865004,0.7712069471337205,0.6230006105006105,0.6528843086737823,12.166666666666666,20.4,55.0,54.8,116.13946465926361,120.70369008028585,236.84315473954945,-4.564225421022243,130.0,120.0,250.0,10.0,1
401810034,2025-11-06T03:00Z,2026,LAL,24,8,6,2,3,0,0,117.63368560691134,116.54739660347424,114.3383593964808,106.49742033191642,3.295326210430547,10.04997627155785,102.0875,99.7930817610063,0.5930342656050022,0.5726145515625342,0.6333645067285958,0.6064773126247666,0.16723940811490276,0.15604922748752195,0.23309324109173213,0.3004957880588133,0.7148538668620877,0.8284212741449584,0.625687957875458,0.5738071674913781,12.5,21.0,56.75,54.0,113.11929514417072,116.5283768540017,229.64767199817243,-3.4090817098309856,118.0,116.0,234.0,2.0,1
401810108,2025-11-19T03:30Z,2026,LAL,26,10,13,3,2,0,0,115.60038824587312,110.1848546131021,113.0459924208388,118.51429694418478,2.5543958250343306,-8.329442331082682,100.05000000000001,104.12310344827586,0.5682452399345669,0.5094084790670964,0.6098600677934595,0.5618651645281314,0.16311171859429816,0.1603957091707017,0.25402830388686554,0.2929104160133648,0.757426678810748,0.7501955517380868,0.6291768989803795,0.7373984993694058,12.6,15.5,49.4,46.6,119.49980459517559,113.94433706076767,233.44414165594327,5.555467534407924,140.0,126.0,266.0,14.0,1
401809801,2025-11-26T04:00Z,2026,LAL,12,10,17,2,3,0,0,115.3951295479836,111.99319370450053,111.95580659530148,118.9772518496354,3.439322952682134,-6.984058145134844,101.49000000000001,98.04379310344828,0.563604873959388,0.5380498087223141,0.6067197755476446,0.5852563342161241,0.15797620594060688,0.1449764730139365,0.2518224215339243,0.22790323646807886,0.7671415910914497,0.725777810134925,0.6146091976758361,0.5968354085513766,14.4,10.2,51.6,47.6,116.91302564738746,111.71348372886193,228.62650937624937,5.199541918525526,135.0,118.0,253.0,17.0,1
401809820,2025-11-29T03:00Z,2026,LAL,6,10,19,3,4,0,0,116.94110071161371,105.36276314154225,112.70781765372297,109.00576145374066,4.233283057890728,-3.6429983121983867,100.66,103.69454782042942,0.5701263500634413,0.5062570131953473,0.613455368298361,0.5470517955473765,0.15791189046841617,0.16056336401768037,0.26760434405903194,0.25227358286672763,0.7673580413079,0.7254568437339981,0.6038591976758361,0.6046800559923355,14.9,18.6,51.8,50.0,115.43317212311473,111.40928732838711,226.84245945150184,4.023884794727621,129.0,119.0,248.0,10.0,1
401810163,2025-12-01T02:30Z,2026,LAL,3,10,20,2,1,0,1,118.14527543426871,110.27329962957226,113.66546349057589,118.69773052094126,4.47981194369279,-8.424430891369026,100.21000000000001,101.64358490566039,0.5770613345835651,0.5136732237771025,0.6204014611900709,0.5539795141817361,0.15661980379536725,0.15401565770737913,0.2611527311558061,0.30055887064262243,0.7706100738282252,0.7348536402530441,0.6058591976758361,0.5817216574715709,14.7,14.3,50.6,56.4,119.51902452972952,109.6168921777179,229.13591670744742,9.90213235201162,133.0,121.0,254.0,12.0,1
401810172,2025-12-02T03:00Z,2026,LAL,21,10,21,1,2,1,0,119.88057314166778,115.03063113443166,114.39482004257971,111.50718054043735,5.485753099088061,3.523450593994336,100.01,101.36999999999998,0.5833554766691487,0.5453233605667169,0.6266058442025884,0.5799289585547869,0.15188538407183375,0.15322360605186774,0.2574658338217165,0.3157392943917844,0.7755348344301404,0.7339670501642441,0.6056017974184357,0.5355738668861593,16.0,14.7,50.8,49.0,112.99739965351814,115.50424339506637,228.50164304858453,-2.5068437415482236,108.0,125.0,233.0,-17.0,0
401809836,2025-12-11T03:00Z,2026,LAL,24,10,23,3,2,0,0,121.85614048193247,117.76846356386996,117.0309429116766,116.71883663270394,4.825197570255842,1.0496269311660469,99.58000000000001,102.31,0.5913471169279461,0.5494030707599518,0.6357537563052678,0.590072201976837,0.14042370412504881,0.11920010527821742,0.24386327727631524,0.2466245764990334,0.7613175649587351,0.7524029543602412,0.5723808968096515,0.5641734620918646,13.2,12.4,50.0,49.0,120.41475532418488,118.50913043337026,238.92388575755513,1.9056248908146216,119.0,132.0,251.0,-13.0,0
401809241,2025-12-26T01:00Z,2026,LAL,10,10,27,2,2,0,0,116.22558480316734,117.19830078353546,122.60692325586005,116.31895643790294,-6.381338452692761,0.8793443456325125,99.20999999999998,98.26245283018868,0.5445465302698421,0.562750022214243,0.5871919351050575,0.5966932507668032,0.1350772583938835,0.17398829072269378,0.27084016463015453,0.3532714608625162,0.7526101739515729,0.7496970716674403,0.555525744241139,0.5921433433418566,11.8,13.5,47.4,57.6,114.80285237786279,118.3873144813809,233.19016685924367,-3.5844621035181063,96.0,119.0,215.0,-23.0,0
401810301,2025-12-29T02:30Z,2026,LAL,23,10,31,3,2,0,0,113.16631117569848,108.2700763645378,123.20994748613882,115.54291924485669,-10.043636310440343,-7.272842880318893,98.57999999999998,101.77132075471698,0.545442186337912,0.5115152162141989,0.5819988754765142,0.547310022238961,0.14317152178697984,0.14062061292094247,0.2636798219128963,0.27354180656196975,0.7226433965429351,0.7009808747960208,0.5423389310543258,0.5942622705035597,11.2,13.7,48.0,47.8,114.5554909588828,115.9433212670411,230.4988122259239,-1.3878303081582999,125.0,101.0,226.0,24.0,1
401810315,2025-12-31T03:30Z,2026,LAL,8,10,32,2,2,0,0,114.90692374736315,117.07451719417682,120.93838973449223,109.72287313705772,-6.031465987129065,7.351644057119108,98.50999999999999,101.51679245283017,0.5473031413940916,0.5334319040946351,0.5841293914421589,0.5699854947319966,0.1374306949625313,0.13834377960942354,0.27059556118157674,0.34756895500426743,0.7099138983789205,0.7200379762339076,0.5516279813916377,0.6322920941909717,12.4,20.1,49.0,59.2,112.32994440030362,119.02239583828916,231.35234023859277,-6.6924514379855395,106.0,128.0,234.0,-22.0,0
401810340,2026-01-03T03:30Z,2026,LAL,29,10,33,3,3,0,0,112.5046874312731,113.96134118200283,120.98167327171905,109.78849432118588,-8.476985840445966,4.172846860816943,99.11999999999999,105.99415094339622,0.5417460460504111,0.5547788215500382,0.5776991958138087,0.5907934660190616,0.14646713529236785,0.15279328436382789,0.2626396959086382,0.2491458290272747,0.7253274322135069,0.7129168384525528,0.5682127479764044,0.6795023395269804,12.5,17.1,47.6,51.6,113.98869308915421,120.47534232439308,234.4640354135473,-6.486649235238872,128.0,121.0,249.0,7.0,1
401810356,2026-01-05T02:30Z,2026,LAL,29,10,34,2,2,0,0,113.29088268118838,114.25837459591935,118.90098883321293,112.84690776920972,-5.610106152024565,1.4114668267096364,100.42999999999999,105.88415094339624,0.5553824096867747,0.5594253571305625,0.589818893648812,0.5917569215318805,0.15023648406096238,0.14558764728806092,0.25638969590863825,0.23254503851344072,0.7313880382741129,0.716389060674775,0.5805359802996366,0.6790675569182847,12.5,17.3,51.0,52.4,116.63856558247383,120.26019025096042,236.89875583343425,-3.6216246684865894,120.0,114.0,234.0,6.0,1
401810396,2026-01-10T03:30Z,2026,LAL,15,10,37,2,2,0,0,111.16798121111817,113.30070785420988,116.2899870624663,111.58698425908831,-5.122005851348143,1.7137235951215506,100.12,98.75,0.5499215415712118,0.5552532686250989,0.5841508933097408,0.5899444439636818,0.1507972770463717,0.14435929637937284,0.24160764997515302,0.21766550322456163,0.7264573491449314,0.7637548750218415,0.5999117277326815,0.6109037808451772,13.3,10.3,51.6,43.0,110.74819995764992,114.14675374519848,224.8949537028484,-3.3985537875485647,101.0,105.0,206.0,-4.0,0
401810424,2026-01-14T03:30Z,2026,LAL,1,10,41,1,2,1,0,110.67359822261282,111.52568681144797,116.66069278778495,108.7789388339605,-5.987094565172164,2.7467479774874723,99.15,105.05,0.5528689973412482,0.5552814147616012,0.5845179088605794,0.5787179684993669,0.15680120890755314,0.13083230575829946,0.2462975042496319,0.19132213717208355,0.7311110287986111,0.7675867643742905,0.6105611657442841,0.7231314603238115,12.8,18.5,51.4,50.4,108.66960456235924,116.4891467854084,225.15875134776763,-7.8195422230491545,141.0,116.0,257.0,25.0,1
401810441,2026-01-16T03:30Z,2026,LAL,30,10,40,2,3,0,0,113.28755197166701,120.45670265180237,114.28348426412656,112.36201083779376,-0.9959322924595153,8.094691814008609,99.72999999999999,97.99,0.5665905502194276,0.5679650112431087,0.6002088754901126,0.6024861953511074,0.15478871880653428,0.15128576361218193,0.24463083758296528,0.3275571369666513,0.739954566213577,0.7729841010332924,0.6291509093340275,0.642049860069136,14.6,14.4,52.4,46.0,111.53857889671644,116.03207439254363,227.57065328926006,-4.49349549582719,117.0,135.0,252.0,-18.0,0
401810462,2026-01-19T02:30Z,2026,LAL,28,10,43,1,2,1,0,114.02813272718743,112.58061371823734,118.31917886417531,110.45564546536473,-4.291046136987873,2.124968252872603,100.22,98.00037735849057,0.5583846517606668,0.5042753403479808,0.5953466897177828,0.5432393035301329,0.14583627937366636,0.1082960642508601,0.2485070822486836,0.2841863331277951,0.7364439709006562,0.7575552338322287,0.6286257458944653,0.6816220750831408,15.7,20.4,51.2,55.6,107.9058536186544,114.42261004420759,222.328463662862,-6.516756425553183,110.0,93.0,203.0,17.0,1
401810595,2026-02-06T03:00Z,2026,LAL,20,10,50,2,2,0,0,115.87839327308093,118.6520720736556,113.83719641972195,115.06163810315562,2.041196853358966,3.590433970499985,99.61,97.85867924528301,0.5736680589103408,0.5495980119297064,0.6016093592112927,0.587288095686189,0.13330174221267357,0.11958990822954521,0.21873062767799606,0.2776786220613326,0.732221261024758,0.7093529090520778,0.5956980764579692,0.622031107556714,18.6,16.6,51.6,50.8,114.00855745182412,114.77337197022312,228.78192942204726,-0.7648145183990067,119.0,115.0,234.0,4.0,1
401810608,2026-02-08T01:30Z,2026,LAL,9,10,52,2,2,0,0,116.05924231172551,112.65819909317028,112.06106849282305,111.72876575925004,3.9981738189024645,0.9294333339202543,99.71000000000001,103.42,0.5780016404442201,0.5719577960418146,0.6055353184044823,0.5961846067960772,0.13995508316070324,0.1550238568434354,0.2292234734649595,0.21297308046959573,0.7586101499136471,0.7194405420345078,0.597537903297796,0.717322930627011,19.0,16.4,53.6,43.6,115.67644519864315,114.11806206185706,229.7945072605002,1.558383136786091,105.0,99.0,204.0,6.0,1
401810624,2026-02-10T03:00Z,2026,LAL,25,10,53,2,3,0,0,115.35028523416042,115.5086156097502,112.49265258237726,108.14311884654828,2.85763265178317,7.365496763201928,99.89000000000001,99.44,0.5802267043828391,0.5566669330758869,0.6099316132040682,0.5942734461447905,0.14774015635405294,0.1286698161627401,0.22341990203638812,0.21473082804311688,0.7572791827441705,0.7215363863073603,0.6194194363988413,0.6229860232760929,18.6,12.0,53.4,42.4,111.37235058851917,113.61873197184191,224.99108256036106,-2.246381383322742,110.0,119.0,229.0,-9.0,0
401810629,2026-02-11T03:30Z,2026,LAL,24,10,53,1,4,1,0,114.46884536616419,113.8633073692467,113.33941454599547,107.54428448846654,1.129430820168722,6.319022880780173,100.21000000000001,102.41000000000001,0.5795525793111237,0.5607754083040708,0.609138150860981,0.5900507215415065,0.14931153124497282,0.13130942435609172,0.21814212425861035,0.21959648572804383,0.7348154146282286,0.7640621527578049,0.6218003887797937,0.6565360440087653,17.3,19.4,53.0,53.0,109.08692840002732,115.08953878616593,224.17646718619324,-6.002610386138613,108.0,136.0,244.0,-28.0,0
401810646,2026-02-13T03:00Z,2026,LAL,6,10,53,2,2,0,0,114.18421141910078,109.19965102366606,114.89065055655999,113.427814145517,-0.7064391374592021,-4.2281631218509546,100.88000000000001,104.22999999999999,0.5825539162095195,0.5147785075300597,0.6124956040335786,0.5530230992919142,0.15622216986626525,0.12363286327652848,0.21605153192411555,0.22945468159522758,0.7428385211750833,0.7453659110450225,0.6178979497554036,0.565881190357294,17.5,19.5,52.8,53.6,116.71375640889688,114.9079043928004,231.6216608016973,1.8058520160964804,124.0,104.0,228.0,20.0,1
401810664,2026-02-21T03:15Z,2026,LAL,12,10,55,8,1,0,1,115.55062342381068,111.99545505866502,114.80987068854608,112.65136763053314,0.7407527352645854,-0.6559125718681604,100.39000000000001,97.36000000000001,0.5919596009640414,0.5534936573116295,0.6211521066528451,0.5904197173800844,0.1539493803594332,0.14725583681867485,0.2121299632966646,0.22261487749172765,0.7534660515394558,0.7464060747122491,0.6258146164220701,0.6171368426164475,17.7,14.2,54.6,50.2,112.81735932749123,108.76307642878918,221.5804357562804,4.054282898702056,125.0,122.0,247.0,3.0,1
401810678,2026-02-22T23:30Z,2026,LAL,2,10,55,1,2,1,0,114.90793881373475,113.93113897084433,114.98180161123534,104.81190567161589,-0.07386279750059313,9.119233299228451,100.58000000000001,95.13000000000001,0.5878706483098088,0.5299357676568004,0.6181895785115759,0.552129171129841,0.15776516349776434,0.13411839784231339,0.2177487399680728,0.311002785339958,0.7399525380259424,0.7609114429574321,0.6397474227461808,0.5996427037542892,16.7,8.8,54.4,45.6,104.27832410325284,112.00137900329705,216.2797031065499,-7.723054900044204,89.0,111.0,200.0,-22.0,0
401810695,2026-02-25T03:30Z,2026,LAL,19,10,56,3,2,0,0,114.06168332424735,111.59152219184,113.35762584400254,108.1642976996728,0.7040574802447981,3.427224492167183,100.39000000000001,100.54862068965517,0.5784198181693236,0.5423776776036434,0.6094031468094478,0.5876700024575439,0.14969880169466476,0.12846136084870236,0.21407527058031772,0.17410510635755533,0.7507858713592757,0.7550223354392881,0.6388424453706154,0.6746507087683558,16.3,17.2,53.8,43.2,111.63445527088001,113.00242882908815,224.63688409996814,-1.367973558208135,109.0,110.0,219.0,-1.0,0
401810733,2026-03-02T02:30Z,2026,LAL,23,10,61,1,3,1,0,114.08255828762677,108.6201111734986,114.17500404999421,121.8870876053013,-0.09244576236745879,-13.26697643180269,98.99000000000001,102.49000000000001,0.5738951536850561,0.4910663626294832,0.6085165281222077,0.532107269180252,0.14681220342859144,0.12888635875406043,0.2078183838356261,0.29275028080009097,0.7691500180230157,0.7793707923055327,0.6292027839260339,0.6218648038505373,12.5,14.5,51.8,54.6,115.29217331717983,112.22189953807334,227.51407285525318,3.0702737791064862,128.0,104.0,232.0,24.0,1
401810746,2026-03-04T03:30Z,2026,LAL,3,10,62,2,2,0,0,115.09049487118003,116.91897362266127,113.21603990277201,115.57977458028772,1.874454968408002,1.3391990423735745,98.88000000000001,102.13132075471698,0.5720772167068713,0.5683856247455896,0.6047739724797107,0.6049686761621433,0.1352665228165313,0.14567669964940272,0.19840661912974372,0.2563044668854699,0.7438974927704907,0.7055740481541382,0.6401795730943125,0.6399746763012365,12.7,22.0,50.2,56.2,115.91833880321492,115.64935755163,231.56769635484494,0.26898125158491837,110.0,101.0,211.0,9.0,1
401810769,2026-03-07T03:30Z,2026,LAL,11,10,62,1,2,1,0,115.48736514892053,108.40842482815908,113.18024643796886,120.06271208232079,2.3071187109516575,-11.654287254161707,99.28999999999999,104.49830188679243,0.5702390437107531,0.5483742282394835,0.6010706028362961,0.5805216963961242,0.12815451903355757,0.15527179633113292,0.2014720953202199,0.18877501521170237,0.7564812395818045,0.754716379204184,0.6388242617390012,0.6880198737484787,15.4,14.9,51.4,47.4,116.4056993520244,112.89294758668724,229.29864693871164,3.512751765337157,128.0,117.0,245.0,11.0,1
401810777,2026-03-08T19:30Z,2026,LAL,18,10,65,1,1,1,1,117.86002054544319,116.10029852813678,111.83190270474908,102.84623336083715,6.028117840694098,13.25406516729962,98.88,98.91999999999999,0.5784743378284002,0.5657361680116204,0.6107847379160337,0.5918131290464224,0.12393099245366979,0.13867809887668456,0.2069240321925298,0.2636627796750982,0.7556756541897529,0.7872246384699386,0.638282256318947,0.6888821388931831,15.0,17.3,51.6,47.8,105.86506527995593,109.33109930437219,215.19616458432813,-3.4660340244162597,110.0,97.0,207.0,13.0,1
401810801,2026-03-11T03:00Z,2026,LAL,16,10,64,3,4,0,0,116.61356977180567,113.02406559814025,111.27434582331514,109.6792557178392,5.339223948490514,3.3448098803010398,98.73,102.5,0.5693155666541252,0.5668668032641617,0.6040724517795909,0.5998755787829306,0.12516305869755634,0.1519775163478321,0.2020020634050148,0.22863032070728057,0.7412019699792265,0.7333890291261373,0.6225084467951374,0.5997693657397363,14.1,19.2,48.2,50.8,113.84226318320312,112.83892332584868,226.6811865090518,1.0033398573544332,120.0,106.0,226.0,14.0,1
401810815,2026-03-13T02:30Z,2026,LAL,4,10,65,2,2,0,0,116.804591441054,103.91478821019398,110.29394141951096,110.27224919255862,6.510650021543029,-6.3574609823646275,98.18000000000002,104.10679245283018,0.5618519360405895,0.5306473115810892,0.5964175382726331,0.5616702368576755,0.12060352239615224,0.17504817220187244,0.21705997846292985,0.21598335399862084,0.7487168018843022,0.7458412373729295,0.6209427902294807,0.681484662098581,13.6,16.1,48.8,47.2,114.83661433023997,108.32899208047132,223.1656064107113,6.5076222497686445,142.0,130.0,272.0,12.0,1
401810829,2026-03-15T00:30Z,2026,LAL,7,10,67,2,2,0,0,121.06719431240597,116.9600847379445,111.09861952816559,116.47485908435883,9.968574784240378,0.4852256535856971,99.09,100.92283018867924,0.5817404766187853,0.553727521009894,0.6151309279119888,0.59818349847322,0.12178752291076027,0.13111059165194577,0.2332915873855687,0.23184271191978262,0.7404475711150715,0.7884449266378799,0.6243652501225289,0.658948822308153,14.0,14.0,51.8,50.2,118.77864597179322,114.03666722356922,232.81531319536245,4.741978748224,127.0,125.0,252.0,2.0,1
401810930,2026-03-28T02:30Z,2026,LAL,17,10,73,3,2,0,0,120.36199036495684,102.3458087300261,113.31486653103427,115.78621156576132,7.047123833922572,-13.440402835735222,99.2730188679245,100.42999999999998,0.5748098652468214,0.5136637551630628,0.6105099221726289,0.5595280858240264,0.12526465290900468,0.1754655690520615,0.25601915262667124,0.20122986779482277,0.741677716253538,0.7089017390679795,0.5914010053689288,0.6641326907920224,15.1,13.2,55.6,42.2,117.89877206449162,107.67021975182217,225.5689918163138,10.22855231266945,116.0,99.0,215.0,17.0,1
401810953,2026-03-31T02:00Z,2026,LAL,27,10,74,3,2,0,0,120.65672954858489,108.98974457968305,113.24535257263142,121.82283356454045,7.411376975953493,-12.833088984857387,99.54301886792453,102.48943396226414,0.5844835865872093,0.5529095958786728,0.6176750473535566,0.5798085299675975,0.12587637574294971,0.15467631735986856,0.24971117489012204,0.20153646679569612,0.7444554940313157,0.6805387836604698,0.5816265692787033,0.5782648205385017,14.8,13.8,56.8,44.4,122.47185224234312,112.24675445659342,234.71860669893653,10.225097785749696,120.0,101.0,221.0,19.0,1
401810958,2026-04-01T02:30Z,2026,LAL,5,10,75,1,1,1,1,119.99334365200215,123.41582135263563,112.16234380467253,118.48343788171246,7.830999847329643,4.932383470923185,100.07301886792453,100.35999999999999,0.5903090935968731,0.5901285038127103,0.6246864731796664,0.622442161957798,0.13344168691891595,0.12035738694968978,0.24546407064301784,0.24156157961009717,0.7526040527896306,0.7792736380866814,0.5786467712989053,0.6405448941467178,16.0,12.9,56.8,57.8,115.91165653781916,114.502783842976,230.41444038079516,1.4088726948431542,127.0,113.0,240.0,14.0,1
401811010,2026-04-08T02:30Z,2026,LAL,25,10,78,3,3,0,0,119.28467171792924,121.1081716618634,116.9970842320336,104.13190786324927,2.2875874858956466,16.976263798614116,100.33,101.24528301886794,0.5837788739451188,0.5834911918943547,0.625625222929024,0.6220758357910723,0.137555632717078,0.1318865303521787,0.23617151376396067,0.2538204822843746,0.7663239552329912,0.7666103610805981,0.6049509075263831,0.5794594819037708,16.0,17.2,56.2,51.0,112.58815065045873,119.99033586273066,232.57848651318938,-7.402185212271931,87.0,123.0,210.0,-36.0,0
401811040,2026-04-11T02:30Z,2026,LAL,21,10,80,1,2,1,0,115.17287106941532,116.17012340503933,116.53904568658618,111.75081842825914,-1.366174617170867,4.419304976780191,99.36000000000001,100.67,0.5729057420412852,0.5466862668908592,0.6100543956252718,0.5785899051786562,0.14859783666187018,0.13111585130207726,0.23307837034823659,0.2881567042529462,0.7591792044376572,0.7247775035422095,0.6430053482106447,0.5722260137205789,16.3,12.1,53.2,45.8,110.07449810478306,116.37203773349464,226.4465358382777,-6.297539628711576,101.0,73.0,174.0,28.0,1
401811053,2026-04-13T00:30Z,2026,LAL,26,10,81,2,2,0,0,115.71545355023962,110.76800915968056,114.04528411901315,123.77733836385418,1.670169431226477,-13.009329204173628,98.54,108.7,0.5800021938153982,0.5432688005064698,0.6188636156121211,0.5685428646104815,0.14860934668479817,0.13332434084439285,0.21338140065126687,0.23643149733155405,0.751712803243033,0.7368233923675882,0.6714302566355531,0.6821518569125754,16.3,25.7,52.6,63.6,124.081215490692,116.47576724769122,240.55698273838323,7.6054482430007795,131.0,107.0,238.0,24.0,1
401809506,2025-11-01T01:30Z,2026,MEM,13,5,5,2,2,0,0,112.56398686030634,115.54365779475233,114.5126001855383,114.76053213577771,-1.9486133252319537,0.7831256589746303,107.17999999999999,102.26,0.5314179202541226,0.5840405834819352,0.5839558580575088,0.6268242694253984,0.13506454815315758,0.180739636344968,0.2057986823159824,0.2529001275711802,0.7381895206243032,0.7139607282104671,0.6920107363753064,0.6245238095238095,19.6,12.6,51.6,56.8,119.02711814634961,120.45745667848017,239.4845748248298,-1.4303385321305626,112.0,117.0,229.0,-5.0,0
401810016,2025-11-04T01:00Z,2026,MEM,8,7,6,2,2,0,0,111.81890052831838,112.56043649131739,115.837759340963,109.7692387006234,-4.018858812644616,2.791197790693994,104.61428571428571,103.41666666666667,0.5247455190755254,0.508946640493147,0.5735804247019487,0.552348228621929,0.13141136173393483,0.14751747023494807,0.2206101699082414,0.32449783888908373,0.744365063751253,0.7294095207393081,0.6820799226447495,0.6230847701525154,18.285714285714285,17.333333333333332,51.142857142857146,58.0,115.24297910029959,118.78473550270141,234.02771460300102,-3.541756402401816,106.0,114.0,220.0,-8.0,0
401810031,2025-11-06T01:00Z,2026,MEM,10,8,6,2,2,0,0,111.25246913636765,122.68835346250137,115.78111634641955,109.7495241866061,-4.5286472100518935,12.938829275895253,103.88749999999999,99.0132183908046,0.5194971567772916,0.5733743002566365,0.5694849124305317,0.6193570008297096,0.14028858524188934,0.16583923916916157,0.23715154572853475,0.36240073323653044,0.7458316259042975,0.754193302829056,0.6861056465998701,0.5953940721211911,17.625,15.166666666666666,48.5,51.666666666666664,112.10365802757792,120.96406684626083,233.06772487383876,-8.860408818682913,109.0,124.0,233.0,-15.0,0
401809776,2025-11-08T01:00Z,2026,MEM,6,9,8,2,2,0,0,110.35993889562647,102.01229549329285,115.96368591062209,109.47438863554986,-5.603747014995623,-7.462093142256995,104.07777777777777,103.97500000000001,0.5123370482215126,0.49949172213996046,0.5642122167539166,0.5457044867412288,0.14048379294228547,0.15528805753688052,0.23857915175869757,0.19168077860959562,0.7400589509171988,0.7226942690374716,0.69157103227178,0.6240969327916297,18.88888888888889,16.25,47.55555555555556,46.0,114.3428562344276,113.37627104980434,227.71912728423194,0.9665851846232556,118.0,104.0,222.0,14.0,1
401810049,2025-11-09T23:00Z,2026,MEM,25,10,10,1,1,1,1,110.74698469628648,117.94539989166378,114.43508111433239,104.62081164088741,-3.688096418045915,13.324588250776396,104.0,100.57103448275862,0.5169856963405378,0.5527294714560437,0.5684157381940202,0.5973745096076968,0.14095622681359418,0.11784207000725751,0.23100030635026964,0.23487082168263998,0.7474484046626881,0.7677156390447348,0.6882675875811872,0.5799243478308159,18.2,15.5,47.6,51.8,106.84068126059677,115.28041482801936,222.12109608861613,-8.439733567422593,100.0,114.0,214.0,-14.0,0
401810120,2025-11-21T01:00Z,2026,MEM,23,10,15,2,1,0,1,104.46239918117453,108.40014845558976,115.14669177226074,122.18072384719137,-10.684292591086201,-13.78057539160162,101.94999999999999,104.00999999999999,0.48498302788182446,0.5260953810916585,0.5301006940916964,0.5632568144688714,0.14557471911644587,0.14431910203300155,0.24957972004030554,0.21114174311295714,0.7648495371740692,0.763295196008001,0.7289929422528203,0.654528180640149,12.4,14.3,42.4,48.8,116.69854404730557,111.6511399923206,228.34968403962617,5.04740405498498,137.0,96.0,233.0,41.0,1
401810142,2025-11-25T01:00Z,2026,MEM,7,10,16,2,2,0,0,106.66205080352188,122.67313627133686,110.87694069470813,113.28090323421524,-4.214889891186276,9.392233037121615,101.97999999999999,100.45,0.48702625113823145,0.5739008253702705,0.5323239436663464,0.6179164749157807,0.14273850588906747,0.13692331497689517,0.26965329688275036,0.2942538707506951,0.7809159637446974,0.7386638234481899,0.7518126348594192,0.6546341221973174,11.9,14.6,43.2,53.8,111.30763046464783,118.19385520059122,229.50148566523904,-6.886224735943387,115.0,125.0,240.0,-10.0,0
401810202,2025-12-06T01:00Z,2026,MEM,12,10,22,3,2,0,0,111.50289317448558,113.47346287813605,112.25668660397498,118.48057452055875,-0.7537934294894116,-5.007111642422717,100.12358490566037,100.32,0.5137816667847483,0.5283883576444196,0.5502055909841668,0.5832962293952401,0.13811239555740523,0.1421143416661045,0.30334358462174976,0.2261518170181132,0.7813364803379971,0.751304552868632,0.7073697922890533,0.5889978839526495,9.4,13.5,50.6,48.4,115.24677683457455,113.11540095871231,228.36217779328686,2.1313758758622328,107.0,98.0,205.0,9.0,1
401810215,2025-12-07T23:00Z,2026,MEM,22,10,23,1,1,1,1,112.78637208329046,110.86432276527201,108.97068254717983,115.33938014528117,3.8156895361106224,-4.475057380009148,100.06358490566038,103.00999999999999,0.535090708620106,0.5080670099090969,0.567846735889157,0.5563286092057833,0.1442969383400355,0.1652992654519384,0.28718196846013355,0.3247021839064664,0.8106176642703439,0.7470044675306828,0.69591145895572,0.6217194051268656,10.5,11.5,52.8,45.8,112.34131221231445,108.25850534514463,220.59981755745906,4.082806867169822,119.0,96.0,215.0,23.0,1
401836754,2025-12-13T01:00Z,2026,MEM,26,10,23,6,5,0,0,114.21715230194945,111.55900431104233,107.52969928801477,123.8026466727122,6.6874530139347055,-12.24364236166987,100.42358490566038,103.86000000000001,0.5443734366054731,0.5449264554188925,0.5756316631352749,0.5846177581811247,0.15117221794258787,0.1530883588214696,0.29951559756394897,0.24476839649036447,0.8123084855263825,0.740702584631156,0.698169523471849,0.7168813759029324,11.0,12.2,54.4,50.0,121.55884453267127,111.89056445887262,233.4494089915439,9.668280073798655,126.0,130.0,256.0,-4.0,0
401810246,2025-12-21T01:00Z,2026,MEM,27,10,25,3,2,0,0,114.51480499411653,109.79138715297552,109.36338973310808,119.60866127889399,5.151415261008468,-9.817274125918493,102.40358490566037,101.41,0.5617311436734306,0.5338228672597678,0.5942327861301306,0.5645310476895034,0.1524123643191991,0.1467196378032031,0.26183960725754807,0.257552972985927,0.7626771380378919,0.7087048491525052,0.6701311372595499,0.6349133006448264,12.3,12.1,53.2,45.0,119.29385742910436,111.66680181588214,230.96065924498652,7.627055613222225,122.0,130.0,252.0,-8.0,0
401810283,2025-12-27T01:00Z,2026,MEM,15,10,30,3,3,0,0,113.9104695250226,109.29857553164975,110.15758236198346,112.35383998703783,3.7528871630391265,-3.0552644553880683,104.16,99.00999999999999,0.5618285288910553,0.5626792689290483,0.5936134829357439,0.5930344510864025,0.1611594414433813,0.16354239278994154,0.25616812253453064,0.20975094561160393,0.7459769220566562,0.7465376495577356,0.6878045131095916,0.6585856755617588,13.7,12.8,51.0,41.6,114.92529940891329,111.46726899812363,226.39256840703692,3.458030410789661,125.0,104.0,229.0,21.0,1
401810313,2025-12-31T01:00Z,2026,MEM,20,10,30,3,3,0,0,113.06389619184343,110.62246960348197,107.712039064887,111.01521929143951,5.351857126956412,-0.3927496879575365,105.37,99.82000000000001,0.5536221883281875,0.4917552670789922,0.5873220989242192,0.5450925154788722,0.15174362036269312,0.13516552191984066,0.23525694013838586,0.28753901191417514,0.7262889314758085,0.7323267074653675,0.6912670454093333,0.5922321976269345,16.8,12.1,50.6,40.8,114.94698426503705,112.00014458415657,226.94712884919363,2.9468396808804727,136.0,139.0,275.0,-3.0,0
401810367,2026-01-07T01:00Z,2026,MEM,24,10,36,2,3,0,0,114.20826872706743,118.09807800158019,113.03188642482795,109.93153535468791,1.1763823022394748,8.166542646892259,104.87415094339622,101.7,0.5503647510699564,0.5412513157478541,0.585522295827756,0.5822497771691839,0.14550054568808532,0.11843669951978726,0.24575258568325203,0.27409328528010424,0.7218021660878804,0.7928195532453205,0.6785499585745994,0.6144196496428028,16.9,15.0,53.8,54.6,115.75372430201946,119.36369039740659,235.11741469942604,-3.609966095387122,106.0,105.0,211.0,1.0,1
401810379,2026-01-08T01:00Z,2026,MEM,21,10,36,1,2,1,0,111.07216690938728,114.7273880156979,111.70369226301878,108.27356085931164,-0.6315253536314828,6.453827156386259,106.40415094339623,100.08000000000001,0.5377164359299469,0.5392004783947016,0.5714717857443116,0.5730848192364715,0.15478727006983267,0.14291250069981853,0.25151978145044784,0.3034603705633585,0.7351062596551319,0.7208126448020066,0.6770114970361378,0.5792468215987381,16.8,16.8,52.0,45.0,109.83168467634924,116.88607339636702,226.71775807271626,-7.0543887200177835,98.0,117.0,215.0,-19.0,0
401810391,2026-01-10T01:00Z,2026,MEM,25,10,38,2,2,0,0,110.13438869902386,115.11978528975276,113.17643802797059,110.34678043012454,-3.0420493289467165,4.773004859628234,105.60415094339623,101.7911320754717,0.5371503127415411,0.5480593795781724,0.567184678675174,0.5852337031993935,0.15607312097720585,0.11655117242305017,0.2515197814504478,0.21480829376308605,0.7322822751290196,0.723117505361243,0.681223951248592,0.5606403803441153,16.7,14.1,51.4,53.6,114.31688617967654,118.36889961779477,232.6857857974713,-4.052013438118223,116.0,117.0,233.0,-1.0,0
401810404,2026-01-11T20:30Z,2026,MEM,17,10,35,1,1,1,1,110.03023623236591,108.78282849830967,112.39745211209087,112.31144867890762,-2.3672158797249674,-3.5286201805979616,105.18415094339623,97.1024528301887,0.5386957672869956,0.523838549992778,0.570415742833481,0.5624100430509691,0.15968315138933384,0.15977604676662494,0.2522560907003327,0.2617191655262438,0.7518220059149511,0.723022478363262,0.6977009160182398,0.6566480967561439,16.0,14.7,51.4,43.8,109.0686049711453,108.49888388193858,217.5674888530839,0.5697210892067233,103.0,98.0,201.0,5.0,1
401810457,2026-01-18T17:00Z,2026,MEM,19,10,41,3,3,0,0,109.3508502402766,113.67876053001665,111.19020701496288,113.53573019818798,-1.8393567746862913,0.14303033182867403,103.50415094339621,100.11245283018869,0.524730816575057,0.528323235701022,0.5609871328025112,0.5685309065520381,0.15553836562857543,0.13363797847101783,0.26020654809574856,0.2579787890807732,0.7342229662991048,0.7512021851760214,0.6815824629471108,0.6640818321583988,16.3,12.4,51.4,55.2,113.45852133897024,114.46763866395303,227.92616000292327,-1.0091173249827818,126.0,109.0,235.0,17.0,1
401810478,2026-01-22T01:00Z,2026,MEM,1,10,45,4,3,0,0,109.15666362119705,107.41319351407454,111.4248414665199,111.02862979784459,-2.268177845322832,-3.61543628377006,103.75415094339624,103.65,0.5263856323475198,0.521093246571274,0.5596714995649611,0.5488590022110873,0.1533132720524687,0.12230120842543979,0.26578347117267165,0.1955915610500877,0.7375562996324381,0.7851411491996252,0.6810495172106767,0.7306243794344481,14.7,19.5,51.8,48.6,114.16835957949726,113.46979209817859,227.63815167767586,0.6985674813186762,122.0,124.0,246.0,-2.0,0
401810494,2026-01-24T01:00Z,2026,MEM,3,10,46,2,2,0,0,110.70985729546283,109.45385768031522,112.81565580211243,115.43915361310201,-2.105798506649593,-5.985295932786815,103.05415094339624,102.73999999999998,0.5329572995361616,0.540850064573719,0.5679401219405722,0.5740115380649363,0.15606024268298832,0.1561183553904743,0.27492076245282,0.2469392674348035,0.7419770313397551,0.7437225790064597,0.6787239358153279,0.6000669589452292,13.4,14.7,51.4,57.4,116.35035921654237,114.3544145192949,230.70477373583728,1.9959446972474666,127.0,133.0,260.0,-6.0,0
401810531,2026-01-29T01:00Z,2026,MEM,30,10,47,2,3,0,0,109.48020051970596,120.65376612108821,112.13065287123474,107.60663674587722,-2.6504523515287826,13.047129375210966,102.54,98.91,0.515507765374671,0.5792156799700324,0.5516492482326114,0.6084124410836451,0.15562223488863103,0.1570924221359046,0.2967210231240485,0.3366400257735302,0.716390360501207,0.7727095496489305,0.6964789798619321,0.6617655136770023,13.1,17.4,49.4,52.8,109.33035841787934,117.23605301500865,226.566411432888,-7.905694597129312,97.0,112.0,209.0,-15.0,0
401810555,2026-02-01T01:00Z,2026,MEM,16,10,49,1,2,1,0,109.10046156048195,110.84519249035343,113.60262692575415,106.99422454090067,-4.502165365272206,3.8509679494527456,101.19,103.12,0.5233115267836551,0.5501821773370096,0.5584358500928653,0.5763186223196473,0.15906406173938684,0.15197694434701275,0.2924671303398677,0.2607438275648154,0.6896567226220581,0.7764812602516262,0.6936094619924142,0.6164176252548346,13.6,18.9,48.8,44.0,107.0644903946307,114.64233496226234,221.70682535689303,-7.577844567631644,114.0,131.0,245.0,-17.0,0
401810569,2026-02-03T00:30Z,2026,MEM,16,10,50,2,2,0,0,110.64871372143175,113.22348946002057,114.95134025592844,107.80798974301308,-4.302626534496706,5.415499717007463,101.21000000000001,103.38000000000002,0.5288429277498385,0.5631035256516163,0.5651999272509999,0.5906229474890063,0.1560911638415611,0.15762319715857298,0.29071494010207044,0.2640436840927925,0.6947423479463966,0.7696550191168745,0.7005441939271462,0.6170177343655819,14.6,19.1,50.8,43.0,111.73514240447695,116.70572102896506,228.44086343344202,-4.9705786244881125,137.0,128.0,265.0,9.0,1
401810659,2026-02-21T00:00Z,2026,MEM,26,10,56,9,8,0,0,112.37311134469397,112.23337313430815,119.31589162428656,114.62119433212578,-6.942780279592614,-2.387821197817648,101.52000000000001,102.36,0.5462953626553186,0.5435321846274752,0.5784517405785403,0.5804334267260608,0.13657263621642185,0.15988813522671586,0.24967563117518296,0.2660101053072178,0.6935052314508607,0.7366541758284306,0.6481461331461331,0.6891793953602464,18.1,17.5,48.2,54.4,115.69899760347504,118.02066024745574,233.7196578509308,-2.3216626439807015,123.0,114.0,237.0,9.0,1
401810684,2026-02-24T01:00Z,2026,MEM,23,10,58,2,2,0,0,114.61175679195192,107.78728080883846,119.76666664222327,122.28034109170105,-5.15490985027136,-14.493060282862592,103.76000000000002,100.27000000000001,0.5621961250282397,0.48840491219397403,0.5932847606901136,0.5359159154634645,0.1374580662380469,0.1474281382211134,0.23603604545974233,0.30249666953356724,0.7001612385173279,0.7757441195922384,0.641839826839827,0.6080688006809172,17.7,13.6,50.2,49.0,120.8327368280043,116.06957974610033,236.90231657410465,4.7631570819039695,114.0,123.0,237.0,-9.0,0
401810699,2026-02-26T00:30Z,2026,MEM,9,10,58,2,1,0,1,115.04608745637111,111.82060340236,120.27151282848538,114.90640452179068,-5.225425372114316,-3.085801119430667,104.09,101.05,0.5679061732299453,0.5664324430878217,0.599570865443155,0.5900088862854702,0.1349352399984065,0.16710724374025634,0.2216236286083011,0.2543548415923385,0.7002721032623389,0.7141443147464409,0.6554112554112554,0.7498723408784078,18.1,12.9,50.8,43.4,117.93113551100025,115.45758855471936,233.3887240657196,2.4735469562808845,112.0,133.0,245.0,-21.0,0
401810751,2026-03-05T01:00Z,2026,MEM,22,10,62,1,4,1,0,113.11753168246574,109.64509623895563,115.11729324429591,115.7402985974627,-1.9997615618302031,-6.095202358507069,103.69000000000001,103.2,0.5664399373111756,0.5332715006130189,0.598374431783585,0.5625209827013607,0.13862050000178602,0.17758379804933805,0.20736801347440786,0.30830722923830034,0.6985201787363595,0.7340586817510218,0.6664204784145105,0.6449326194765359,19.8,11.8,51.8,46.4,114.81986152853992,116.25272690047478,231.0725884290147,-1.4328653719348665,114.0,122.0,236.0,-8.0,0
401810773,2026-03-08T01:00Z,2026,MEM,12,10,62,3,1,0,1,113.1619226668,113.82346269965558,115.26869991344465,110.16868934895646,-2.106777246644667,3.6547733506991174,103.56000000000002,98.86999999999999,0.5597896910057568,0.5417553577564045,0.5928521922187923,0.5887325038379218,0.14077322408079246,0.12757868418407206,0.22280837021911243,0.22684720293415944,0.6851868454030261,0.7655023825123651,0.6852849472789794,0.5742068331397601,19.6,18.4,52.0,55.0,113.02203947587397,112.45968170859197,225.48172118446593,0.5623577672819948,120.0,123.0,243.0,-3.0,0
401810966,2026-03-13T00:00Z,2026,MEM,6,10,65,3,3,0,0,114.77992828673192,106.35478744115942,119.30706956063577,118.0205414619372,-4.5271412739038706,-11.665754020777772,103.10999999999999,101.31999999999998,0.560138441547328,0.5161126783899606,0.5949038213968414,0.5535104610374225,0.15049694404767558,0.15205020752104664,0.2579528238809598,0.2349625183400647,0.6631537238046871,0.7636608893890597,0.6779833599773922,0.618939604572203,17.1,11.9,50.8,49.4,118.97850007680103,115.33013356719243,234.30863364399346,3.648366509608593,112.0,120.0,232.0,-8.0,0
401858693,2026-03-19T00:30Z,2026,MEM,7,10,69,2,1,0,1,113.79422337500887,118.18516980818592,118.66085760372437,116.14155286645428,-4.866634228715479,2.0436169417316616,102.47999999999998,101.34584905660377,0.5443658578662922,0.568796185515523,0.5811115510584166,0.6127026476974025,0.149300345485182,0.1333715439797201,0.2723102213348292,0.21350215174165066,0.6433534144773306,0.7958348938463995,0.6503216008265443,0.6840254898266809,15.8,15.5,47.6,49.6,117.1671370522637,117.06770588482193,234.23484293708563,0.0994311674417645,125.0,118.0,243.0,7.0,1
401810874,2026-03-21T00:00Z,2026,MEM,2,10,69,2,3,0,0,113.45833168673566,115.76854818231077,119.4832843566107,108.09134709717512,-6.024952669875037,7.6772010851356445,102.88,95.72,0.5383970187177296,0.5301807417555799,0.5762336637009623,0.5703040199624898,0.14801083818371277,0.13606360077558405,0.2725838191460467,0.2919425421281981,0.6553352142751061,0.7831363185358644,0.6410004255479224,0.6540269095575271,15.5,10.2,46.4,40.8,109.99941551621171,116.8025348555745,226.80195037178623,-6.8031193393627944,112.0,117.0,229.0,-5.0,0
401810911,2026-03-26T00:00Z,2026,MEM,24,10,73,3,3,0,0,110.84281439920024,123.96926023820757,123.84220106633339,112.27316511431968,-12.999386667133177,11.696095123887872,102.66,101.07000000000002,0.5264644652516075,0.5799148846388618,0.5653638069088316,0.6133500645178788,0.14585812553497723,0.11689929609820611,0.24883104307061626,0.2791002173992931,0.6487342499884409,0.8230989195483038,0.6024930995405963,0.685713184661121,14.1,14.8,44.4,52.4,113.63854626572353,126.21657252893533,239.85511879465886,-12.578026263211797,98.0,123.0,221.0,-25.0,0
401810924,2026-03-28T00:00Z,2026,MEM,10,10,72,2,2,0,0,108.54340100231002,111.57954644292866,123.70916821223298,116.25363348605269,-15.165767209922956,-4.674087043124048,102.77000000000001,98.87226415094338,0.5178304101861169,0.5366943839366071,0.5555509556157616,0.5682924430142555,0.1427373104653931,0.16528030289765488,0.22674836384507985,0.31404651164972164,0.659527332874547,0.77608710445112,0.6099160687282713,0.621235922267923,14.1,14.7,43.0,54.4,113.32145752162792,118.61037288058013,231.93183040220805,-5.2889153589522095,109.0,119.0,228.0,-10.0,0
401810934,2026-03-29T00:00Z,2026,MEM,4,10,73,1,1,1,1,108.78864813907244,112.98176595194131,123.9333970529729,119.75667732183756,-15.144748913900466,-6.77491136989623,102.02000000000001,106.06679245283021,0.5178423547632789,0.548211105918243,0.5548207391811808,0.5803950059658589,0.13969875199714182,0.1431726664845086,0.22648749427986248,0.24267628124539464,0.6441781892645339,0.7620778224220783,0.6174160687282713,0.6434994192799071,15.0,16.1,43.0,55.0,115.32636448522861,119.54987215634516,234.87623664157377,-4.2235076711165505,125.0,124.0,249.0,1.0,1
401810948,2026-03-31T00:00Z,2026,MEM,21,10,74,2,2,0,0,107.36078723634935,118.63591102069502,121.46529078199019,114.24678191497637,-14.104503545640839,4.389129105718652,103.03000000000002,98.17999999999999,0.5119313806809974,0.5575944211931,0.54870383182429,0.5871751748544272,0.13280688811021016,0.1199543831165221,0.20492988689327074,0.27128237611048533,0.6495835946699392,0.7515528530487475,0.6252494020616047,0.6129058276283676,15.9,12.1,44.2,40.0,111.47414747234563,120.77690703679575,232.2510545091414,-9.302759564450113,105.0,131.0,236.0,-26.0,0
401810858,2026-04-02T00:00Z,2026,MEM,18,10,77,2,1,0,1,106.73652879605163,119.0302873104898,122.61730859483205,113.87486516948634,-15.880779798780429,5.155422141003442,102.97,95.32999999999998,0.5209517888442627,0.5556133965980584,0.5593470529656901,0.5928634160144429,0.14565994757366765,0.14153554204995525,0.19669661073546627,0.31037012485948656,0.6536970698472442,0.7657914607386493,0.6302558205468423,0.6313344185521605,15.5,12.1,45.4,46.8,109.36809855841544,116.2028917999614,225.57099035837683,-6.834793241545967,119.0,130.0,249.0,-11.0,0
401810980,2026-04-04T00:00Z,2026,MEM,28,10,76,2,2,0,0,108.25635764331562,118.81659838557887,123.69963446782069,114.78010348529385,-15.443276824505066,4.036494900285018,102.46000000000001,100.44000000000001,0.5316702986018026,0.5858089375688567,0.5708080193343039,0.6088424243707805,0.14342536156176228,0.13804827781999646,0.18557859831310602,0.25419674412391646,0.6435914891534282,0.7220113975252251,0.6468550108302431,0.7409534115057371,16.4,19.0,46.2,59.4,113.13524490748716,123.01635911488695,236.1516040223741,-9.88111420739979,96.0,128.0,224.0,-32.0,0
401811000,2026-04-07T00:00Z,2026,MEM,5,10,78,2,2,0,0,107.33380299355201,121.03793131275427,125.74076736776297,117.55037798826955,-18.40696437421095,3.4875533244847268,101.41,99.68,0.5241755848416777,0.5727908397008535,0.5632372697825347,0.6093478727214879,0.15048715440459912,0.12036648912229467,0.19823148828921253,0.2416553492690842,0.6195414272682089,0.7751607980715856,0.6245169257986596,0.6453423705721013,13.7,11.1,45.6,56.0,113.05489988408623,124.06182129416302,237.11672117824924,-11.0069214100768,126.0,142.0,268.0,-16.0,0
401809775,2025-11-08T01:00Z,2026,MIA,30,8,8,2,3,0,0,114.32413904116898,116.9178862876542,110.15614187206862,117.17338660449077,4.16799716910037,-0.2555003168365695,106.82500000000002,102.81250000000001,0.5729547380869066,0.5658317204136801,0.6087584249929929,0.6060799106576251,0.1471367892557212,0.16380045709828675,0.19690131471468192,0.2895086096466071,0.75126489170693,0.7788556891422119,0.6695480009586496,0.6443902744984493,18.875,12.375,55.0,51.0,121.32640633135502,119.00807894583475,240.33448527718977,2.318327385520263,126.0,108.0,234.0,18.0,1
401810042,2025-11-09T01:00Z,2026,MIA,22,9,8,1,3,1,0,114.74235664432139,113.29492335022894,109.16305602623947,111.02003789950949,5.579300618081929,2.274885450719444,106.81111111111113,106.125,0.5732661644947588,0.5225207162139223,0.6076838339230222,0.5743997477321379,0.13911898709641116,0.16118941985177856,0.1901749060090102,0.29343949373491596,0.7366799037394933,0.7221129218693666,0.6626919049915665,0.6435739713302592,19.0,18.75,56.666666666666664,51.0,116.57694334854202,118.42334253515236,235.00028588369437,-1.8463991866103413,136.0,131.0,267.0,5.0,1
401810056,2025-11-11T00:30Z,2026,MIA,5,10,10,2,2,0,0,115.11481087535962,115.89497699040328,109.65790024939949,111.21918368949378,5.4569106259601465,4.6757933009094845,107.61000000000001,104.04,0.5721895480452829,0.5529793725429685,0.6077165950228516,0.5886308966903783,0.13827329047736237,0.1429746345333111,0.19668933030172617,0.25881405706102123,0.7244154221374738,0.7152387464679825,0.6719329185740425,0.6636962054508638,19.7,18.1,58.4,44.2,119.75897487412807,119.34566616951065,239.1046410436387,0.4133087046174211,140.0,138.0,278.0,2.0,1
401810072,2025-11-13T00:30Z,2026,MIA,5,10,11,2,2,0,0,116.26539259142206,117.24109019994394,110.27315274425935,111.97494850103132,5.992239847162693,5.266141698912601,107.03943396226416,104.02943396226415,0.5703057175900239,0.5450045663414181,0.6092342448599057,0.5818583428897263,0.13317387219342475,0.13731217646521637,0.20149969107878446,0.28665458862248305,0.706837782385921,0.7134761142705675,0.6824072268744377,0.6642574299406597,19.8,17.0,59.6,46.2,120.43607602273084,120.05293423734774,240.4890102600786,0.38314178538310273,116.0,130.0,246.0,-14.0,0
401810099,2025-11-18T00:30Z,2026,MIA,18,10,12,3,3,0,0,115.4068525941019,122.28650455578595,114.99754040225041,115.88108263997408,0.40931219185152623,6.405421915811867,106.88943396226414,101.61,0.5656228189445229,0.5585227557077573,0.6025544252769608,0.5931583219516667,0.12948812605095944,0.1270563644392611,0.19808209754996753,0.3098032250479295,0.6887691946269308,0.7742510788220172,0.687425833998308,0.6420670278812743,17.1,14.1,58.0,48.0,120.55850894651411,123.68397265506754,244.24248160158163,-3.1254637085534256,115.0,113.0,228.0,2.0,1
401810112,2025-11-20T00:30Z,2026,MIA,9,10,16,2,1,0,1,112.39667904532874,111.07804606184773,114.3078336398327,111.38883040555481,-1.9111545945039499,-0.3107843437071008,107.22943396226415,102.09,0.5525246341260411,0.5403537071772186,0.5883035312311753,0.5833727188667382,0.13187026582089095,0.1604470750382424,0.19399118845905844,0.2329607322470042,0.6874534051532465,0.730901910784968,0.6864856630581372,0.6886202640141799,17.6,14.7,57.8,38.4,117.10664041803965,114.40578854843857,231.5124289664782,2.700851869601081,110.0,96.0,206.0,14.0,1
401810141,2025-11-25T00:30Z,2026,MIA,6,10,18,2,2,0,0,114.70856700035645,105.62283462862244,109.69175070477593,110.2364934516556,5.016816295580467,-4.6136588230331474,108.49943396226415,103.62454782042941,0.5388522353472525,0.5155473512437769,0.5790283266305789,0.5539221275150733,0.12289620062061815,0.1626037244317097,0.23942306093440915,0.24310045625174062,0.674009286224431,0.7377492025379847,0.6894093235968398,0.6063091286740397,19.2,18.5,58.8,50.2,119.29060476357377,114.18346794202505,233.47407270559881,5.107136821548721,106.0,102.0,208.0,4.0,1
401809804,2025-11-27T00:30Z,2026,MIA,15,10,18,2,2,0,0,114.44335835279485,111.51234728657064,108.10821985653922,117.54531261303529,6.3351384962556105,-6.032965326464643,108.18943396226413,99.76509433962265,0.5338670794838186,0.5715949830164092,0.5719849677146702,0.5926357689234116,0.12235213684126026,0.1409998971597234,0.25688337839472664,0.18227937161760693,0.6851203973355421,0.7459297771411897,0.6733692233462132,0.6325474250973178,19.1,13.0,61.0,46.2,120.60773660520205,114.17772861409567,234.78546521929772,6.430007991106379,106.0,103.0,209.0,3.0,1
401810151,2025-11-30T01:00Z,2026,MIA,8,10,19,3,1,0,1,113.15042162171378,116.66983794046848,108.20463689883255,110.79720093989144,4.945784722881217,5.8726370005770345,107.59943396226416,102.4275471698113,0.528056027790414,0.5636280385683164,0.5685794554725876,0.6009075362802798,0.12874336874795606,0.15903086594117993,0.263247014758363,0.2913280044282074,0.7006714177437054,0.740553249840255,0.6946361916720051,0.6110305136405106,18.7,14.9,58.2,54.6,117.58760774579854,114.53203967908618,232.1196474248847,3.055568066712354,135.0,138.0,273.0,-3.0,0
401810168,2025-12-02T00:30Z,2026,MIA,12,10,20,2,2,0,0,113.42222364724876,112.72617779114566,109.18127881452074,119.47515757503254,4.24094483272802,-6.748979783886897,107.25943396226414,99.97379310344829,0.5297605732449593,0.5363968708515948,0.5719662151265192,0.5920904493041761,0.13183515588537092,0.15135124994436427,0.26329649521358317,0.2130142299674827,0.7103205405507229,0.7378833510545729,0.6804896239540087,0.5867819927662535,18.7,12.5,56.2,47.2,120.66018971461702,114.96649585584197,235.626685570459,5.693693858775049,140.0,123.0,263.0,17.0,1
401810209,2025-12-07T01:00Z,2026,MIA,23,10,22,1,3,1,0,111.98252611486609,104.89678481006554,105.39720518659347,117.28961599592995,6.585320928272625,-12.392831185864418,106.50999999999999,102.03113207547169,0.5289570004021871,0.5115519316236213,0.5666642876977802,0.5408653266880183,0.12687654932021636,0.1263311061266324,0.24485294666386678,0.20802511287915976,0.7497584399197863,0.6976987637900793,0.6724490873326682,0.6135350265140247,18.1,15.1,54.6,50.4,115.94572976769805,109.63736685642799,225.58309662412603,6.308362911270066,111.0,127.0,238.0,-16.0,0
401839023,2025-12-16T00:30Z,2026,MIA,28,10,26,7,6,0,0,112.70983067083641,107.46894657394685,110.06745024382788,113.01714131647152,2.6423804270085185,-5.548194742524684,105.21,98.96641509433962,0.533067795910106,0.5113327637460515,0.5708844096983687,0.5423309992114753,0.1216640432975085,0.15170961428939317,0.24175413944271912,0.2691537069733537,0.7702398490128106,0.7413631858608811,0.6467029364645661,0.6784600913037986,17.6,18.6,56.0,50.4,115.22030982617238,111.03950413698239,226.25981396315478,4.180805689189995,96.0,106.0,202.0,-10.0,0
401810269,2025-12-24T00:30Z,2026,MIA,28,10,30,3,3,0,0,110.61266901423915,104.63232003680324,114.65584961201337,113.44563387741218,-4.043180597774237,-8.813313840609,103.78,98.42999999999999,0.5295107482013892,0.5190288563018073,0.5652322424251409,0.5396065150689082,0.12902116135093616,0.1650117274364518,0.22704598089793668,0.25802667176102534,0.7868929266073722,0.7109366147960123,0.6152910025240903,0.716788637757345,15.2,17.9,50.4,46.8,113.26707356930204,110.85565196171802,224.12272553102008,2.4114216075840176,91.0,112.0,203.0,-21.0,0
401810291,2025-12-28T01:00Z,2026,MIA,11,10,31,1,1,1,1,106.41489995397328,109.101623731382,112.57210645701386,117.28202130239272,-6.157206503040582,-8.180397571010708,102.49000000000001,99.27999999999999,0.5040820001202021,0.5157569156018672,0.5409553160264625,0.5558485760344808,0.1313042655324635,0.12251902447206302,0.22468680777132172,0.21504133306062911,0.7961433253314552,0.7409940148811077,0.60350555077907,0.6144565456128216,13.6,13.4,51.2,40.2,109.45316991960013,108.46323820977311,217.91640812937322,0.9899317098270188,142.0,116.0,258.0,26.0,1
401810305,2025-12-30T00:30Z,2026,MIA,7,10,31,2,2,0,0,108.85030018542815,123.29157173018874,111.6708458228981,116.95180920402542,-2.820545637469941,6.339762526163318,103.18000000000002,101.13490566037736,0.5160418409640997,0.6016028364013997,0.5524581673965685,0.6372969927689041,0.13063375306305178,0.12577711349401716,0.2349310946113532,0.21158435885816002,0.7912554587414611,0.7560610049963298,0.59100555077907,0.6559159030063354,15.2,18.1,53.4,51.4,115.33684169455104,120.01581044023283,235.35265213478385,-4.678968745681786,147.0,123.0,270.0,24.0,1
401810341,2026-01-03T22:00Z,2026,MIA,16,10,34,1,3,1,0,112.90225951162802,111.76000869976602,111.17040520553284,109.3910872221747,1.7318543060951825,2.3689214775912943,103.86999999999998,103.24358490566037,0.5232889443509088,0.5261517515155862,0.5613911001869385,0.5606338540038582,0.1313538923850232,0.11567826190168873,0.2657035959195688,0.254652403957858,0.7959854911254688,0.7457400194615891,0.6110192228003887,0.6390735915530718,17.7,16.2,53.2,49.4,111.64693196108347,115.42979302107278,227.07672498215624,-3.7828610599893153,115.0,125.0,240.0,-10.0,0
401810352,2026-01-04T23:00Z,2026,MIA,3,10,36,1,1,1,1,113.70689702545879,113.11887469534592,112.08318723276139,116.42868561486834,1.623709792697386,-3.309810919522401,103.75999999999999,103.7922641509434,0.5289989925526144,0.5131326255950877,0.5675902015927594,0.5604456168849804,0.14228668692006913,0.129912374908206,0.27763924719097516,0.2818601199085071,0.7861564312964089,0.6746688837532344,0.6173490718131645,0.5529992510452381,16.8,16.5,52.2,62.0,115.83051600383885,113.34740477325111,229.17792077708998,2.4831112305877383,125.0,106.0,231.0,19.0,1
401810419,2026-01-14T00:30Z,2026,MIA,21,10,39,2,2,0,0,109.48033503138815,114.08425250941532,110.17499267718024,105.73380289070796,-0.6946576457921058,8.350449618707362,106.88000000000002,100.05000000000001,0.527470089430692,0.5339075286295838,0.5622602111074819,0.5644492103594253,0.15589432078247129,0.1435728494221543,0.25189582946711814,0.3063376859744387,0.77266622079018,0.7343595880548321,0.6437914835500755,0.611122343737418,18.7,17.3,54.6,42.6,111.33565390054838,116.01491401615556,227.35056791670394,-4.679260115607178,127.0,121.0,248.0,6.0,1
401810435,2026-01-16T00:30Z,2026,MIA,2,10,39,2,3,0,0,112.22479613417008,122.16735514140672,110.17082809280578,114.04087102682857,2.053968041364317,8.126484114578151,107.66000000000004,97.01999999999998,0.5415872686459624,0.5710628918815406,0.5746009050700561,0.5953189474332822,0.1487550332833637,0.11705903497859596,0.25275053032181904,0.29304596463626054,0.7699995541235134,0.7767283362715044,0.6475793623379542,0.534550563973003,19.0,10.7,56.2,47.2,115.78014188628302,118.88744836094655,234.66759024722955,-3.107306474663531,114.0,119.0,233.0,-5.0,0
401810452,2026-01-18T01:00Z,2026,MIA,25,10,42,2,2,0,0,112.63676898840693,115.56948789700202,112.47029759940702,105.67553521084929,0.16647138899988798,9.893952686152755,106.27000000000001,102.41113207547171,0.5426316983541851,0.5438227182394038,0.5759563288470952,0.5870599513288507,0.14825360021043368,0.10867764603241667,0.2534171969884857,0.19388025271233728,0.742232755704541,0.7161317725753026,0.6524982529711305,0.5786304526743853,18.8,15.5,53.8,54.0,113.89414696576388,118.96900148909594,232.8631484548598,-5.074854523332064,122.0,120.0,242.0,2.0,1
401810529,2026-01-29T00:30Z,2026,MIA,19,10,45,3,2,0,0,113.28555167581196,109.49052711159523,115.15356951773333,116.35116773759837,-1.8680178419213724,-6.860640626003152,104.65,99.28245283018869,0.518216078916957,0.5117455455270872,0.5559610694339177,0.5541460305891923,0.13098856426806493,0.14817143004752545,0.286025923959351,0.26863722776930765,0.7345503838533292,0.7634140738488565,0.6606150854183704,0.6628021577772397,17.1,12.1,51.6,50.6,117.07594862463647,114.53055409860225,231.60650272323872,2.5453945260342152,124.0,133.0,257.0,-9.0,0
401810547,2026-02-01T01:00Z,2026,MIA,4,10,48,2,2,0,0,116.34465700905682,119.07489555485992,115.48831042302872,115.65511184580637,0.8563465860280915,3.4197837090535814,104.22,99.76,0.5230229713455012,0.5795819656335242,0.5640648341786678,0.6091479107144251,0.12215781230069911,0.11788255915489727,0.29657374697641115,0.21151495450150354,0.7354417686833329,0.801777598388975,0.6642586640619491,0.7160706795709403,18.1,16.4,52.0,50.2,118.30828212753748,119.6155068884243,237.9237890159618,-1.3072247608868253,118.0,125.0,243.0,-7.0,0
401810560,2026-02-01T23:00Z,2026,MIA,4,10,49,0,0,1,1,114.19688397989512,117.9641092865523,114.50947754178966,113.3276914342501,-0.3125935618945511,4.6364178523022135,105.56000000000002,101.9,0.5137838409107186,0.5932183292698878,0.5559218136539689,0.620042065691184,0.1267925916852004,0.1309946627977549,0.29114388272301744,0.18715598014252918,0.7688776661192304,0.8157094869338668,0.6693399648749572,0.7314471376833476,19.1,19.1,51.6,49.8,114.46545240739003,116.95525303426399,231.42070544165404,-2.489800626873958,134.0,91.0,225.0,43.0,1
401810575,2026-02-04T00:30Z,2026,MIA,1,10,51,3,3,0,0,114.92720373780362,109.35903214227979,110.66945664745727,114.97781398007655,4.2577470903463865,-5.618781837796769,106.59,102.8,0.5173449108430422,0.5269062275441384,0.5568016892247218,0.5556808752534929,0.12483963928068298,0.12739589676893304,0.29639210967337204,0.22638769710072237,0.7802303231240613,0.729234056311238,0.6867188822538746,0.6836013678827981,18.1,18.6,54.6,48.0,120.34952914986731,115.17941316920758,235.52894231907487,5.17011598065973,115.0,127.0,242.0,-12.0,0
401810618,2026-02-10T00:30Z,2026,MIA,26,10,53,2,2,0,0,113.3177120846949,110.56485835645022,106.78929012160572,118.62955777364633,6.528421963089189,-8.064699417196145,106.07000000000001,103.63,0.5212988665827123,0.5441560103115324,0.5617606800754251,0.5774398778058194,0.1334779998980328,0.15731424932117105,0.2898255228956054,0.24360625915337158,0.7669876927385737,0.7282036339247333,0.6610381580061698,0.6943078672100196,20.3,16.8,56.0,57.0,121.59835622323538,113.94791233962083,235.5462685628562,7.650443883614557,111.0,115.0,226.0,-4.0,0
401810668,2026-02-22T01:00Z,2026,MIA,29,10,54,1,1,1,1,113.6588130660623,113.70891702067777,105.43112052105073,118.95985312134117,8.227692545011568,-5.250936100663426,105.35,102.46,0.529482981796978,0.5612539547878239,0.5669318668691506,0.5921795534656412,0.12480487260503585,0.1390890648627966,0.2542618810866806,0.23872133009991417,0.7824339286373913,0.701460828120611,0.6617996882456814,0.645923910923911,17.2,17.4,55.0,48.6,117.22567617448045,110.4332661637505,227.65894233823096,6.792410010729952,136.0,120.0,256.0,16.0,1
401810719,2026-02-28T20:30Z,2026,MIA,10,10,58,1,1,1,1,115.94347425342983,112.34152315884737,106.7973107395571,108.82930274158147,9.146163513872718,3.512220417265907,104.10999999999999,96.52000000000001,0.5345793601540387,0.561874187877828,0.5701973542554024,0.5936848728927065,0.1237740614732092,0.17072284108919442,0.28016698580570903,0.2803859379600202,0.7740613658953917,0.7037152692962186,0.6839431864431863,0.5898732696373774,17.8,13.7,53.0,46.0,109.3581934526346,106.61712379421445,215.97531724684904,2.7410696584201446,115.0,105.0,220.0,10.0,1
401810741,2026-03-04T00:30Z,2026,MIA,17,10,60,4,3,0,0,114.9772409034965,107.93957609365543,108.86687038214237,119.03283598937523,6.110370521354155,-11.093259895719815,103.35999999999999,99.23999999999998,0.5336811254707573,0.5359802843689475,0.5698702281834899,0.5668757185195913,0.12948388236514333,0.15172601799900148,0.2786868747973834,0.21926137175369748,0.7705891436731693,0.7481752986395218,0.6513505938505938,0.697818893600239,18.4,13.2,52.4,50.0,118.52610394623952,109.81246513999157,228.33856908623108,8.713638806247943,124.0,98.0,222.0,26.0,1
401810756,2026-03-06T00:30Z,2026,MIA,17,10,61,2,2,0,0,116.32188354694499,104.8106360654909,106.56397040716404,119.82889140290118,9.75791313978098,-15.01825533741031,102.91,99.48999999999998,0.5423578653974973,0.5157528373973144,0.5773996420010558,0.5523618620965484,0.1290414702764143,0.15724739162132517,0.2884907963660109,0.2088603692474318,0.7631061504758905,0.7283554788197019,0.6540490065490066,0.6985461663275117,18.7,13.4,52.0,48.8,119.49229212462213,106.95555087516337,226.4478429997855,12.536741249458757,126.0,110.0,236.0,16.0,1
401810778,2026-03-08T22:00Z,2026,MIA,8,10,62,1,1,1,1,118.54568746562748,111.97111317923523,109.13880947450093,107.8998887988333,9.406877991126525,4.071224380401906,103.30999999999999,100.92226415094339,0.5491039758162881,0.5154902048129546,0.5867973735786107,0.5528786782388019,0.1209106230168028,0.14326645701514787,0.280995814431045,0.3235641797280713,0.7468476470745299,0.7553842792163283,0.6482525212882356,0.6041196798076436,17.2,15.0,55.2,57.2,112.15016991258065,109.50761681479531,221.65778672737596,2.6425530977853384,121.0,110.0,231.0,11.0,1
401810793,2026-03-10T23:30Z,2026,MIA,27,10,63,2,2,0,0,119.61939703000364,110.66502636239538,108.71976956452788,121.49634041724273,10.899627465475755,-10.83131405484735,103.24000000000001,102.57000000000001,0.5505263250744887,0.5461748416449925,0.5885450743325131,0.5748342619603497,0.11901334455515804,0.14632110406532667,0.2954612232360764,0.22455527169006534,0.7515670348296319,0.7143682470088746,0.6476182718167769,0.5779868144732797,18.1,14.2,58.0,49.4,124.06007481004444,112.87896212430019,236.93903693434464,11.181112685744253,150.0,129.0,279.0,21.0,1
401810812,2026-03-12T23:30Z,2026,MIA,15,10,64,2,1,0,1,120.5950449798676,106.02253917286555,109.06121002352718,121.70390149611099,11.533834956340405,-15.681362323245446,104.55999999999999,98.71000000000001,0.5597093316104365,0.5379325010480602,0.6004419108068968,0.5606712178335166,0.12578161464666893,0.15648409161328744,0.2959270617453932,0.20705001611527302,0.7581475283666472,0.7334882163684783,0.6569833511818562,0.6418192673432321,19.4,11.9,58.8,35.4,123.13026712543041,106.02117872044055,229.15144584587097,17.109088404989862,112.0,105.0,217.0,7.0,1
401810827,2026-03-15T00:00Z,2026,MIA,19,10,65,3,3,0,0,119.26582809726759,117.17350686141279,110.0524232816928,109.31583363926202,9.213404815574792,7.857673222150764,104.35,99.24943396226415,0.5501223750886972,0.5439396416261977,0.5940639063910427,0.5876594271136989,0.12894333474605107,0.1236172597242734,0.30273261730094875,0.24886128348786732,0.771169438246763,0.7637660123337872,0.6657890191980506,0.6687510412451121,20.6,14.9,56.0,53.2,116.34774235927789,115.65767689671317,232.00541925599106,0.6900654625647178,117.0,121.0,238.0,-4.0,0
401810865,2026-03-20T00:00Z,2026,MIA,13,10,69,3,1,0,1,116.70040424336386,119.37100466196996,111.10839845795802,109.98393221199679,5.592005785405841,9.387072449973136,104.14000000000001,99.65301886792452,0.5384286060508854,0.5845811754964366,0.5860181061668409,0.6137681442217403,0.1217229178793526,0.12732842685477633,0.27475328913557406,0.2269273947113839,0.7558675814722248,0.7340335980255946,0.6455174634212681,0.6270636750921209,19.4,16.6,55.6,53.2,115.49171314077567,113.90247637056711,229.3941895113428,1.589236770208558,126.0,134.0,260.0,-8.0,0
401810896,2026-03-23T23:00Z,2026,MIA,24,10,72,1,1,1,1,119.00567294277184,124.10779904052958,114.6475390831021,113.14067962699919,4.358133859669739,10.967119413530401,103.57000000000001,99.76000000000002,0.5437997857092831,0.582702484827452,0.5907478285710979,0.6155858032177113,0.11430998123638621,0.11252544183606128,0.2757626059057604,0.2647361823115738,0.7498456858585698,0.8096373810867655,0.6646693546742233,0.674106041803978,17.9,14.5,58.2,51.6,114.46562082992801,117.72434803414426,232.18996886407228,-3.2587272042162425,111.0,136.0,247.0,-25.0,0
401810946,2026-03-30T23:00Z,2026,MIA,20,10,74,1,2,1,0,115.47905410708896,115.569571540579,121.16896710956512,114.95126885677851,-5.689913002476144,0.6183026838005234,104.9,103.64000000000001,0.5377679171104217,0.539930561594365,0.5844652257240199,0.5783453502569588,0.11493713129380242,0.12389229812391216,0.22507489916030288,0.26304958108349913,0.7860754603359539,0.7188528123146788,0.6767173451847092,0.584552809515817,17.0,19.7,53.2,55.2,116.53080341089594,123.42363712525265,239.95444053614858,-6.892833714356712,119.0,109.0,228.0,10.0,1
401810961,2026-04-01T23:30Z,2026,MIA,2,10,75,2,2,0,0,114.4331933058456,114.79241453203795,120.92182848553011,108.99646099057398,-6.488635179684491,5.795953541463945,103.29999999999998,96.47,0.5326962325226081,0.5267266339354527,0.5760472061032941,0.5726698912581061,0.11131630165441748,0.1376904581944357,0.22511926473261873,0.2868368731932132,0.7788862711467647,0.7924974597524469,0.6636424097841924,0.5952627464533754,17.8,10.6,52.8,43.8,111.58635509698934,117.72158581904893,229.30794091603826,-6.135230722059589,129.0,147.0,276.0,-18.0,0
401810984,2026-04-04T19:00Z,2026,MIA,27,10,76,3,3,0,0,116.00789871444215,109.58762373676223,124.96332149900275,124.79347097771056,-8.955422784560593,-15.205847240948348,103.39000000000001,103.11999999999998,0.5427305574654,0.555818582053788,0.5834972977967303,0.5822483256896994,0.1082579854583412,0.14633945022258826,0.21835906065098606,0.18586661033636595,0.7556477887619408,0.6911394075763111,0.6565849935162498,0.5733980879522569,16.6,11.8,52.0,48.2,124.31972713781613,121.09278925159454,245.41251638941065,3.2269378862215916,152.0,136.0,288.0,16.0,1
401811044,2026-04-12T22:00Z,2026,MIA,1,10,81,2,2,0,0,118.09984610016113,119.64968461969272,123.28080332161846,107.45182366314152,-5.180957221457343,12.197860956551196,103.82000000000001,101.52622641509433,0.5743568366641786,0.5716901586573275,0.6096195461663573,0.5990289721729227,0.1255596994870435,0.12542778915978253,0.21982760921416383,0.27731382872920224,0.7682771338668487,0.76114145848233,0.7010091985651145,0.6433266273374807,19.6,18.3,50.8,46.8,115.79046061879433,124.71214744981458,240.5026080686089,-8.921686831020253,143.0,117.0,260.0,26.0,1
401809997,2025-11-01T21:00Z,2026,MIL,23,5,5,1,2,1,0,116.94332490044735,107.84210228792476,110.43691193123485,113.48144069912867,6.5064129692125166,-5.639338411203893,104.25999999999999,102.88000000000002,0.6003369607336605,0.5396433955842417,0.6226556395155006,0.5668764094370312,0.14212814688378922,0.13393933148579726,0.18690581659020197,0.1850859063417203,0.7390919591230183,0.7055637337442684,0.5896600262461545,0.5840268843806697,14.0,15.0,52.4,46.0,115.74570091976823,113.0357875133918,228.78148843316,2.7099134063764296,133.0,135.0,268.0,-2.0,0
401809777,2025-11-08T01:00Z,2026,MIL,4,8,7,3,3,0,0,116.15913689039013,117.01440330177276,115.55368632597276,112.32559140213937,0.6054505644173647,4.6888118996333885,103.3125,103.07142857142857,0.5969755414166156,0.5746874859562263,0.616559726767895,0.6088338604382063,0.14269498578155224,0.1561008023577374,0.19915031904234565,0.260347192933979,0.7354558261002381,0.7658903987126766,0.6043345379151538,0.674541813062221,15.75,17.428571428571427,49.5,57.714285714285715,117.88893960896918,119.99578999431557,237.88472960328477,-2.106850385346391,126.0,110.0,236.0,16.0,1
401810046,2025-11-09T20:30Z,2026,MIL,10,9,8,1,1,1,1,116.61134475074543,120.2144527253734,114.3768136298723,110.08677831918047,2.2345311208731107,10.127674406192916,103.47777777777777,100.17241379310346,0.5910548501912527,0.5643929849478647,0.6111616371606757,0.608622927892932,0.13850241314594297,0.16926621202637507,0.20752359514003707,0.3606610941450849,0.7459370936493842,0.7363180540448688,0.5996862559245811,0.6021945925524319,15.777777777777779,15.0,50.666666666666664,51.75,111.95525676547783,115.85329911019593,227.80855587567376,-3.8980423447181067,115.0,122.0,237.0,-7.0,0
401809785,2025-11-15T01:00Z,2026,MIL,30,10,11,2,2,0,0,114.38265525428949,114.19362172096791,115.86656704589855,117.7610323736529,-1.4839117916090703,-3.5674106526849796,101.6,101.32,0.5806893141923657,0.5484338653652592,0.6015418484180171,0.5948928618964698,0.13439191178757556,0.17288377021775156,0.20273818587869794,0.3003411534515514,0.6979175126851498,0.7822259654551836,0.6123809081544562,0.652949986312842,14.9,11.5,49.6,48.6,117.76649273365516,116.70953376143136,234.4760264950865,1.0569589722237964,147.0,134.0,281.0,13.0,1
401810086,2025-11-16T01:00Z,2026,MIL,13,10,13,1,1,1,1,116.63557001839494,113.01670358671677,116.47302463534629,114.26008231417397,0.16254538304864158,-1.2433787274572032,101.35622641509435,101.42999999999999,0.5982991429339889,0.5610344274911963,0.6173014136622008,0.6002656751171702,0.1367130076628344,0.16818578498911924,0.19651383567349953,0.25365236403724145,0.7015060294315613,0.7436511686066664,0.6171536354271836,0.6261505831909058,16.3,13.3,50.6,51.0,113.54446072802008,112.85308826890603,226.3975489969261,0.6913724591140493,95.0,119.0,214.0,-24.0,0
401810121,2025-11-21T01:00Z,2026,MIL,20,10,14,3,1,0,1,113.364431073213,111.9280689251998,118.8108475669633,111.74579128312382,-5.446416493750301,0.1822776420759494,100.64622641509435,101.39000000000001,0.5776457725106868,0.5363250665481499,0.5964277494546095,0.574750519985847,0.140942475716492,0.15343903334265374,0.20693050234016624,0.2854548413111023,0.7179887685373905,0.7411776614340785,0.6291817783324752,0.6200281667145779,15.3,17.1,47.0,51.0,113.70104963084273,113.04772843982171,226.74877807066446,0.6533211910210213,114.0,123.0,237.0,-9.0,0
401810127,2025-11-23T01:00Z,2026,MIL,8,10,15,2,4,0,0,110.3871821578277,117.7930971882145,116.45540752328357,108.22704309035453,-6.068225365455876,9.566054097859997,100.62509433962265,101.44754716981132,0.5652650726167314,0.5665928963102712,0.5852260949352487,0.5964114835251496,0.14266254920467192,0.14113561483379333,0.18874868415834803,0.2946408586708121,0.7241938967425188,0.731362929600556,0.6346239552032236,0.6149546418503531,14.1,17.8,46.8,61.4,110.43988491859642,118.33803529171875,228.7779202103152,-7.898150373122334,116.0,129.0,245.0,-13.0,0
401810143,2025-11-25T01:00Z,2026,MIL,22,10,17,2,1,0,1,110.76785621640909,113.53685214021891,118.32487433129431,120.01735536165617,-7.557018114885247,-6.480503221437237,100.19509433962264,103.98075471698114,0.5692694016210604,0.5172860693001278,0.5903008177519069,0.5594343576449167,0.14240373668616826,0.15923188571149044,0.18246490037456425,0.347802618485135,0.750027230075852,0.7090307830403534,0.6449229585254828,0.5796530825769042,12.7,12.6,47.2,52.8,117.80191630914855,114.80086980017425,232.6027861093228,3.001046508974298,103.0,115.0,218.0,-12.0,0
401810152,2025-11-30T01:00Z,2026,MIL,17,10,18,1,1,1,1,109.31111482001106,109.03446872346584,117.3969709196914,118.26227757507561,-8.085856099680344,-9.227808851609772,99.17509433962265,97.61,0.5675644169495554,0.5197293717753741,0.5890081728095632,0.567993319782856,0.14680567842312026,0.1522634731097441,0.17264416618408213,0.2295792134855056,0.7611328719187527,0.7477920058492813,0.6618441081440007,0.6847290920373936,11.5,10.6,42.8,38.6,108.59889986726358,108.0539556132155,216.6528554804791,0.544944254048076,116.0,99.0,215.0,17.0,1
401810186,2025-12-04T01:00Z,2026,MIL,8,10,21,2,2,0,0,112.13957352924426,116.11441294291612,117.76450613126956,110.34116304329498,-5.624932602025295,5.773249899621154,99.00509433962264,103.00999999999999,0.5917111035962421,0.5733571958255383,0.6097644262829973,0.6078390145864293,0.15613789918769466,0.1711046581615555,0.1852607935065918,0.2938797088926204,0.7808140915999723,0.7545991836839643,0.6643055464935621,0.5947050399354177,12.9,15.2,41.0,58.0,112.3611674686256,118.11767975205144,230.47884722067704,-5.756512283425849,113.0,109.0,222.0,4.0,1
401810203,2025-12-06T01:00Z,2026,MIL,20,10,21,2,1,0,1,110.00371310170536,108.93093797355459,116.40223349332385,111.98425078900266,-6.398520391618499,-3.0533128154480544,99.1388679245283,101.43679895901107,0.5719478324341186,0.5233687507585629,0.5940591094790029,0.5618247132691007,0.15205204203547942,0.14828515216157462,0.19106773166647115,0.2547058506037273,0.7746524754383561,0.7411232767301221,0.6670328192208348,0.6055797115798595,12.6,18.4,39.8,51.2,111.31345974374456,109.60115150953378,220.91461125327834,1.7123082342107807,101.0,116.0,217.0,-15.0,0
401836747,2025-12-12T01:00Z,2026,MIL,2,10,24,5,5,0,0,111.56448798930558,126.00925631363639,117.04483621971897,116.19312815889256,-5.480348230413369,9.816128154743817,98.81886792452829,96.88,0.5783584658725536,0.6081160555785119,0.6029558172311548,0.6346546736628806,0.15038064992795744,0.13248533900190748,0.19282211763138343,0.2942932746524193,0.750649411129275,0.722799220070245,0.6770167317047473,0.5669049014983221,13.7,15.9,41.0,45.4,111.42976910347909,118.91352688300296,230.34329598648205,-7.48375777952387,116.0,101.0,217.0,15.0,1
401810229,2025-12-19T01:00Z,2026,MIL,28,10,27,5,3,0,0,109.72072962152197,105.76926931034491,116.06124010892772,111.35202480100811,-6.340510487405746,-5.5827554906632315,98.58,99.30641509433963,0.5695009823177666,0.5127938027070905,0.5954210845952217,0.5384724008058204,0.15715028907765877,0.16329153088617593,0.20182584276414084,0.27693148475113144,0.7322327444626082,0.7446965191942145,0.6682938988226137,0.6801084429521501,14.2,18.2,41.4,50.4,109.36823711926448,109.7431106688275,219.11134778809196,-0.37487354956302,105.0,111.0,216.0,-6.0,0
401810324,2026-01-01T01:00Z,2026,MIL,27,10,31,2,2,0,0,108.20005503713158,113.38136143015876,113.2284282094553,116.85835209098002,-5.02837317232372,-3.476990660821201,98.61999999999999,101.57000000000001,0.5439702907263093,0.5378992962717639,0.5787760392697587,0.5729025318892895,0.1597865516312226,0.13117908207370668,0.20390742697709657,0.2625765538947843,0.7371719735060132,0.7013904005232215,0.6259967427554347,0.6015269766412803,12.1,12.9,41.0,46.6,112.63610630744165,113.41253446988586,226.0486407773275,-0.7764281624442049,113.0,114.0,227.0,-1.0,0
401810336,2026-01-03T01:00Z,2026,MIL,30,10,33,2,3,0,0,109.18036573736217,116.80567283004336,112.7823995063633,118.06336960621631,-3.6020337690010997,-1.2576967761729574,98.83,100.8422641509434,0.5457369968173797,0.5585458810062708,0.578567090891724,0.5863852780704453,0.15641549871166988,0.14479014235754506,0.21167685053599383,0.29198434625383307,0.7380012417986961,0.753494558812955,0.610247613835574,0.6870805791895475,11.8,16.0,41.4,46.2,113.43567787542517,114.60592556365222,228.0416034390774,-1.1702476882270503,122.0,121.0,243.0,1.0,1
401810421,2026-01-14T01:00Z,2026,MIL,16,10,40,2,2,0,0,114.44639035529329,118.55991013935962,111.80283188453129,113.73670733848785,2.64355847076198,4.823202800871758,98.09,103.40358490566037,0.5620228315353788,0.5795866052096302,0.594724141608816,0.6064467383861404,0.13934624145504387,0.12259024431516916,0.22311753911138008,0.26322920247407255,0.7599496288114546,0.7694129864025695,0.6048135552812675,0.6096754111076361,11.6,17.9,45.2,56.6,114.94357592299622,116.04153679772902,230.98511272072523,-1.0979608747328058,106.0,139.0,245.0,-33.0,0
401810480,2026-01-22T02:30Z,2026,MIL,25,10,44,3,3,0,0,113.33253716760422,116.11135546569099,116.08124459268603,107.06101670987607,-2.748707425081826,9.05033875581494,98.35999999999999,101.27113207547171,0.5636721132722065,0.5571612051493192,0.5930023577877597,0.597197315264841,0.135996739456344,0.10920922155863493,0.20165469603852143,0.18485641688908655,0.7472586465481039,0.6904140661378889,0.6550529118118723,0.5805398703007841,12.7,13.3,44.2,51.0,109.99353665674464,115.8821790230026,225.87571567974726,-5.888642366257969,102.0,122.0,224.0,-20.0,0
401810495,2026-01-24T02:30Z,2026,MIL,7,10,45,2,1,0,1,111.23093902711832,112.82241826895934,117.0884813946047,114.52026369433047,-5.857542367486398,-1.6978454253711228,98.29999999999998,95.97037735849058,0.5610266106267039,0.5442615408272691,0.58738158844194,0.583804763959871,0.14332355934645777,0.11478118687590355,0.19986898175280718,0.17825825376461646,0.7697203595373269,0.6948017834355044,0.6641438209027812,0.6404842075024293,12.5,11.0,43.2,37.8,109.64192835457241,108.31232729844132,217.95425565301372,1.3296010561310965,100.0,102.0,202.0,-2.0,0
401810577,2026-02-04T01:00Z,2026,MIL,4,10,50,3,3,0,0,105.33455860486902,113.8721155677417,118.24400137851508,113.48248587059156,-12.909442773646063,0.3896296971501279,97.69,102.41000000000001,0.5274679714053839,0.5685244262214122,0.5529551561309429,0.6014512888524272,0.13617654032306079,0.13602687904055305,0.19393364460022475,0.18322644084713624,0.7352531938527699,0.8048472248957929,0.6707941350272888,0.7191371072882109,11.7,19.2,41.0,48.2,109.46322649884918,116.11608750236498,225.57931400121416,-6.652861003515795,131.0,115.0,246.0,16.0,1
401810584,2026-02-05T01:00Z,2026,MIL,3,10,52,1,3,1,0,106.95914036025769,110.45197947330817,118.72838639038427,113.01744400137343,-11.76924603012657,-2.5654645280652733,98.53,99.89000000000001,0.5351738307294085,0.49744382459478065,0.5569774705389137,0.5399253522704955,0.13174557773067067,0.1137651249868424,0.1936230855940136,0.2779699484311727,0.746334754136458,0.7116447165304045,0.6762678192378151,0.5992952784016792,11.8,15.0,40.6,55.4,105.84580313240951,113.68492048668465,219.53072361909415,-7.839117354275132,141.0,137.0,278.0,4.0,1
401810598,2026-02-07T01:00Z,2026,MIL,11,10,51,2,3,0,0,109.60252802272935,109.9570605843949,120.57429424774253,117.04572089199209,-10.971766225013177,-7.0886603075972205,98.40132075471698,102.67,0.5545152629544724,0.5414558437821047,0.5746731504086815,0.5692268579024515,0.13462404339539585,0.14613028501095188,0.1885437205146485,0.21497455258273024,0.7494968094724263,0.771283615375504,0.6642377440498451,0.716313477502278,11.4,14.6,43.0,48.6,113.9311568900672,115.88310997868044,229.81426686874764,-1.9519530886132372,105.0,99.0,204.0,6.0,1
401810674,2026-02-22T20:30Z,2026,MIL,28,10,56,1,2,1,0,115.50821604501671,109.79293821231136,116.02750152390622,109.27919800632165,-0.5192854788895186,0.513740205989712,97.40132075471698,100.91,0.5716619948684245,0.5302036105953495,0.5919544335503326,0.5735279567322182,0.13722353044203717,0.14770707536726407,0.2290006402231418,0.2510471075378721,0.7483982601431114,0.7412950694283318,0.5862417650567355,0.6735284858927078,8.9,19.7,46.2,49.8,108.10138075117898,111.9568741437507,220.0582548949297,-3.8554933925717165,94.0,122.0,216.0,-28.0,0
401810692,2026-02-25T01:00Z,2026,MIL,14,10,58,3,3,0,0,112.89763815353994,114.49526207049671,114.57528321775533,103.94385854383134,-1.677645064215395,10.551403526665336,97.20132075471699,105.6,0.558248862173486,0.5293813071558297,0.5799759831175237,0.5658330498692308,0.1446190771634266,0.12441360228071625,0.2380332742557758,0.2707198417306877,0.7519443594338915,0.7875959934633217,0.5717612455762161,0.6739054396371469,8.0,18.0,45.2,56.6,109.93935481164122,116.13952282615182,226.07887763779303,-6.200168014510595,128.0,117.0,245.0,11.0,1
401810701,2026-02-26T01:00Z,2026,MIL,5,10,59,1,1,1,1,115.32937759669412,119.5533223473846,114.99942381830549,108.46608937104466,0.329953778388637,11.087232976339925,97.53132075471699,101.1,0.5690420454261685,0.5778108740052286,0.5921716481586479,0.6108963031318038,0.14623053692085658,0.14180266901853636,0.24530987000045665,0.29142946553212107,0.7572776927672249,0.7111025024348049,0.5628689691534519,0.6547578113717106,9.1,15.7,44.4,55.8,107.79801376809742,112.97959026202697,220.7776040301244,-5.181576493929555,118.0,116.0,234.0,2.0,1
401810715,2026-02-28T01:00Z,2026,MIL,18,10,60,2,3,0,0,118.97945921178344,112.7905345096198,115.27624200777268,108.5114008783299,3.703217204010726,4.279133631289901,98.06132075471697,98.30795705920625,0.5929195398829313,0.5459698890177879,0.6129994549386651,0.5777954472674953,0.14765970247568294,0.1239030441946882,0.24200017732906187,0.2243368056184341,0.7586918341813662,0.7431852641830368,0.5625816128316128,0.6703274257279475,9.9,16.1,46.0,46.4,111.6805397629095,111.96327049517447,223.643810258084,-0.2827307322649659,98.0,127.0,225.0,-29.0,0
401810735,2026-03-03T00:30Z,2026,MIL,2,10,60,2,1,0,1,111.74992934313039,116.65077970949278,115.10118250223309,105.68399979058108,-3.351253159102728,10.96677991891169,98.87,94.22000000000001,0.5541658331046782,0.5430015229441079,0.5804988088555406,0.5726952897555269,0.15370157557902897,0.14220323575045743,0.22672291855233334,0.3233601393781032,0.7630982952553776,0.7902634533455786,0.5793088855588856,0.6509008221465328,9.6,8.2,39.6,44.4,104.96079344107089,108.51629197989571,213.4770854209666,-3.5554985388248213,81.0,108.0,189.0,-27.0,0
401810752,2026-03-05T02:30Z,2026,MIL,1,10,62,2,4,0,0,109.60799928836089,113.14729964636967,116.6116229403892,108.85854178548388,-7.003623652028334,4.288757860885806,98.44,103.66000000000001,0.5462782086381063,0.521747876610046,0.5759042181864643,0.5628369434130014,0.1587791657205169,0.13112211588650094,0.21828857511798988,0.2788125305925164,0.7383433932945934,0.7633842275171998,0.5868846431346432,0.6889114697893228,10.5,21.2,37.0,53.2,110.3802198775601,116.08569563695994,226.46591551452002,-5.705475759399846,113.0,131.0,244.0,-18.0,0
401810774,2026-03-08T01:00Z,2026,MIL,26,10,63,3,2,0,0,111.08227459284099,112.62995978247457,117.99147367653566,115.29125778439659,-6.909199083694683,-2.661298001922026,98.4,102.13000000000001,0.5492908936275354,0.5289297492530299,0.5781054151209344,0.5682603020542627,0.15374492768504872,0.14210752984084538,0.23217225241630132,0.2783419568242417,0.7370338694850694,0.7035215615465902,0.6024531185868396,0.6546880280784073,10.3,20.2,38.0,50.8,113.48671111901864,115.61629012883832,229.10300124785695,-2.129579009819679,113.0,99.0,212.0,14.0,1
401810781,2026-03-09T00:00Z,2026,MIL,19,10,62,1,2,1,0,110.19065781388352,112.97599857129019,116.54313092189977,107.61425594757657,-6.352473108016245,5.3617426237136225,98.89000000000001,98.26862068965517,0.5495595937001571,0.5334533446683902,0.5728148736959343,0.5752721011197053,0.1479471762822828,0.12438074205529588,0.22125941782467473,0.2228586591410436,0.7281771867153433,0.7510006535318657,0.626530667054632,0.6780597821495976,11.9,14.8,38.4,48.2,104.13463221334901,113.12918748191922,217.26381969526824,-8.99455526857021,91.0,130.0,221.0,-39.0,0
401810796,2026-03-11T00:00Z,2026,MIL,21,10,64,2,2,0,0,107.68960461247866,107.06638944293096,119.83774136834802,113.03377227134744,-12.14813675586935,-5.967382828416502,99.36000000000001,94.72862068965517,0.5448916739006583,0.4968889523671692,0.5674515319526534,0.5225146276324673,0.15349913021645392,0.13864808136396828,0.20875941782467472,0.31154830290521185,0.7303168263549831,0.7073275172129312,0.6308235963475612,0.6102000985752312,11.5,12.4,37.6,37.4,107.09973943336183,110.09877444486557,217.1985138782274,-2.999035011503736,114.0,129.0,243.0,-15.0,0
401810834,2026-03-15T19:30Z,2026,MIL,11,10,67,1,2,1,0,104.62636680677151,107.18808053742339,121.46259536539841,121.96473600418793,-16.836228558626917,-14.776655466764533,98.44000000000001,102.88,0.5451281785267343,0.5178001284772267,0.5660340643167968,0.5550687750864103,0.1634615178345443,0.13499965252760332,0.17705855250938282,0.20868130952529157,0.7281105567940103,0.7538014446249741,0.6665868615925336,0.6982243856098475,11.1,11.3,35.6,48.0,110.62200298341321,115.0798851818902,225.70188816530342,-4.4578821984769945,134.0,123.0,257.0,11.0,1
401810850,2026-03-18T00:00Z,2026,MIL,5,10,68,3,3,0,0,105.96022157413681,117.39666378130184,121.86836383985037,113.6090312309949,-15.908142265713556,3.787632550306955,98.69,97.4422641509434,0.5470094916580475,0.5634212254763731,0.568740985541061,0.5944071943694443,0.15895310197764703,0.12718606189932732,0.18506888842669547,0.25014528180677253,0.7374471661306196,0.7551341006611365,0.6715188343816493,0.6700273958636692,11.7,11.7,35.0,48.6,107.66153672650341,117.31897899868649,224.9805157251899,-9.657442272183076,116.0,123.0,239.0,-7.0,0
401810931,2026-03-28T19:00Z,2026,MIL,24,10,74,2,2,0,0,107.73321258149808,124.23849705770392,125.13410895615043,110.48591665411227,-17.40089637465237,13.75258040359165,98.37,101.42999999999999,0.5620656748517592,0.5832206208896009,0.5803543521943781,0.6183378086318398,0.16732535583323088,0.11839976196865783,0.20056836632422198,0.27872053064086877,0.7270326282424922,0.832885561477803,0.6249750760639262,0.7009305759654687,9.7,14.8,36.6,53.2,109.00045505318738,124.56161670392027,233.56207175710765,-15.561161650732885,95.0,127.0,222.0,-32.0,0
401810937,2026-03-29T19:30Z,2026,MIL,12,10,74,1,2,1,0,108.03357675893388,120.92209148151487,124.68474441700339,114.08587355118436,-16.651167658069554,6.83621793033051,98.47999999999999,98.48566037735849,0.5631945746875556,0.5900724701968374,0.5826307585579311,0.6213300199041929,0.16914932577831654,0.12323596605500135,0.2037695858364171,0.23549080537698605,0.7297353309451948,0.7072034044873352,0.6217587017949204,0.5818930230607396,10.9,13.9,35.8,54.2,106.0935177164966,120.94028156486289,227.0337992813595,-14.84676384836628,113.0,127.0,240.0,-14.0,0
401858694,2026-04-01T00:00Z,2026,MIL,6,10,75,3,1,0,1,107.82723906798412,111.54019735832617,124.36362624757221,120.09685051982899,-16.53638717958807,-8.556653161502812,98.57,103.4679245283019,0.5671540298665232,0.5333639671714323,0.5874391602188715,0.5726462017071576,0.17403751500066594,0.14473729322398501,0.1943678764347077,0.25288288352499844,0.7269148181246821,0.7556970944041449,0.6173539398901584,0.6495878303496878,10.5,19.7,35.6,55.4,115.12327502581127,115.57918335584385,230.7024583816551,-0.45590833003258524,123.0,99.0,222.0,24.0,1
401810981,2026-04-04T00:00Z,2026,MIL,2,10,76,2,3,0,0,111.0517145420695,118.39829866073913,123.02363630104233,110.61769903070713,-11.971921758972838,7.780599630031946,98.57000000000002,97.24,0.5679321610320718,0.5482963178434986,0.5892738498013326,0.5895675709024031,0.17001794375524706,0.13270421046901157,0.23187062308379583,0.28739242874876875,0.7385574634981437,0.7935890591829167,0.6073671238057814,0.598834175024804,10.6,10.8,34.8,46.2,108.51271967921349,118.18207271216606,226.69479239137956,-9.669353032952571,101.0,133.0,234.0,-32.0,0
401810990,2026-04-05T19:30Z,2026,MIL,29,10,77,1,1,1,1,107.85045214668303,107.43256405613167,124.35328325230475,123.63183883144663,-16.50283110562169,-16.199274775314926,98.37,102.2,0.5555292159182832,0.5246525147440735,0.5780773782540712,0.5638821449374415,0.1744530306108628,0.1458556627639857,0.219029369292087,0.1905109000539184,0.7343344905251706,0.6356152986772377,0.612673246254761,0.6111084044954015,9.4,15.1,33.2,46.6,112.58887752109739,112.73652193203375,225.32539945313113,-0.1476444109363655,131.0,115.0,246.0,16.0,1
401811034,2026-04-11T00:00Z,2026,MIL,17,10,80,3,2,0,0,108.65729715130416,104.49217528146703,123.3196153703334,116.34942337735436,-14.662318219029213,-11.857248095887323,98.58,100.39,0.5596337108512083,0.5185270002063702,0.5806610037397657,0.5598718983316213,0.18552245287470778,0.14478083300511194,0.24619884284538948,0.1593711077328267,0.7317378177247356,0.7170171385938746,0.6453991314806462,0.6124309215411339,8.1,13.0,35.8,48.8,111.92396795896796,113.31927996497183,225.2432479239398,-1.3953120060038628,125.0,108.0,233.0,17.0,1
401809778,2025-11-08T01:00Z,2026,MIN,26,8,8,2,2,0,0,116.4949012337832,110.88902987717347,118.36985475948714,114.69281609652845,-1.874953525703957,-3.80378621935497,100.1625,101.34433962264151,0.581025194533588,0.5075280559104236,0.6136507810445017,0.564605550716782,0.1520012649732438,0.170071866127374,0.24683984874035964,0.32059806653430833,0.710761276977966,0.7518347955168607,0.6173533907495377,0.7055134545065547,12.875,14.5,49.0,48.25,116.46476569700921,115.4930832463631,231.9578489433723,0.9716824506461137,137.0,97.0,234.0,40.0,1
401809786,2025-11-15T01:00Z,2026,MIN,23,10,12,4,2,0,0,120.04772889351973,109.9678516607401,114.99373627867058,122.3304989428905,5.053992614849142,-12.362647282150409,101.13,103.88,0.5894348755214487,0.531105506600455,0.6245587189130596,0.5715685961994019,0.14459997062130495,0.1424641561522513,0.24837066104960642,0.20849753050841618,0.6992803152449054,0.7563378713540932,0.6212526759695934,0.6436902449046105,14.1,14.9,53.0,48.4,124.22490122185616,115.29843785864645,239.5233390805026,8.926463363209706,124.0,110.0,234.0,14.0,1
401810087,2025-11-16T01:00Z,2026,MIN,7,10,11,1,3,1,0,119.94972747972884,122.75273305777526,111.65686846811857,107.42684692501545,8.292859011610277,15.32588613275978,102.41,101.11999999999999,0.5912715562825481,0.5723501244193226,0.6278431927857687,0.6182781716249435,0.14869675103387484,0.13826875764945806,0.245307419942887,0.2980248979141703,0.6956651191664741,0.763128467140095,0.6293827572704064,0.6499140648139636,14.3,16.2,53.8,57.0,112.2240389073492,119.27346549641292,231.49750440376212,-7.049426589063728,112.0,123.0,235.0,-11.0,0
401810101,2025-11-18T01:00Z,2026,MIN,6,10,14,2,1,0,1,119.70880829831049,105.25022593521173,112.89242860521536,109.10774857536512,6.816379693095124,-3.8575226401534137,102.45,103.69454782042942,0.5911633311743228,0.5158923845559433,0.628075319024717,0.5561758674236081,0.14765910959577563,0.15913804101495532,0.23482432815544735,0.22885277702067267,0.7032281443765582,0.7368007017365523,0.6367623695280674,0.622702875361904,15.6,20.3,54.2,53.2,117.92321412637855,109.04962828541737,226.9728424117959,8.873585840961184,120.0,96.0,216.0,24.0,1
401810114,2025-11-20T01:00Z,2026,MIN,27,10,13,2,4,0,0,119.71254871016545,106.3056884599018,109.42978685919111,124.52517989307466,10.282761850974346,-18.219491433172863,102.99000000000001,102.91641509433964,0.5907994742913635,0.53123629829114,0.6253248189337914,0.5625223237611294,0.14877767085526133,0.1686694224441147,0.24833249243055863,0.2333687012956208,0.7128241039725178,0.6761310841957586,0.6506260058917039,0.6145385299930342,16.9,16.4,54.2,48.2,125.72528781869359,111.05329582906954,236.77858364776313,14.671991989624047,120.0,109.0,229.0,11.0,1
401810148,2025-11-29T22:00Z,2026,MIN,2,10,18,2,3,0,0,115.2705429706125,121.51809440127059,106.14713626236883,113.82691143273584,9.123406708243675,7.69118296853472,103.66113207547171,97.22999999999999,0.5465713301842869,0.5684031795696028,0.5859581374926701,0.5949020395701459,0.14767962737456655,0.1174342436817443,0.27602579736500177,0.29358198747958614,0.7440602870068865,0.7270620846725562,0.6025759159539648,0.6060764294931203,15.1,13.2,53.0,43.4,115.05911742674354,114.33981480560482,229.39893223234836,0.7193026211387235,119.0,115.0,234.0,4.0,1
401810161,2025-12-01T00:00Z,2026,MIN,24,10,18,2,2,0,0,114.29460312098843,117.63358899007866,108.53059490898538,113.32495389276494,5.764008212003074,4.308635097313732,103.0211320754717,101.91999999999999,0.5421422502280986,0.5622868984689543,0.5821906535489747,0.6039023649172137,0.14294278526930337,0.13757144275811714,0.2555965445828078,0.2563400584005284,0.7427164134890999,0.7537543529739131,0.6141856720515257,0.6360295224778907,14.0,15.0,50.4,51.2,116.62152424228995,115.87585970799836,232.4973839502883,0.745664534291592,125.0,112.0,237.0,13.0,1
401810210,2025-12-07T01:00Z,2026,MIN,12,10,23,2,1,0,1,115.45391517531145,111.2327989777211,111.36572901011155,116.84707464758053,4.088186165199885,-5.614275669859419,101.9422641509434,100.47999999999999,0.5501443965019973,0.525332802088864,0.587060914079096,0.576676335930965,0.14504183065083653,0.14493845886485124,0.26152674241182333,0.21213869835383176,0.7699049582746409,0.7772304787945579,0.6327754156412693,0.5913287110203187,13.0,13.9,50.0,47.4,117.55723081113763,109.26782772751325,226.82505853865086,8.289403083624379,109.0,106.0,215.0,3.0,1
401810220,2025-12-09T00:30Z,2026,MIN,21,10,23,2,3,0,0,116.18682213628524,111.19069793629683,110.693747522979,112.34777920893987,5.4930746133062165,-1.1570812726430164,101.05226415094339,101.80999999999999,0.5559599045233877,0.5336059019585597,0.5956822527190075,0.5641592711439689,0.1473453433487649,0.1537017621114757,0.26310380334372296,0.30230642650778866,0.768073456443139,0.7474264241577439,0.644324913489189,0.5295489394326603,12.2,14.8,48.2,49.8,115.90261666431397,112.52995246436298,228.43256912867696,3.3726641999509894,105.0,108.0,213.0,-3.0,0
401836801,2025-12-15T00:00Z,2026,MIN,23,10,25,2,3,0,0,116.42537087364254,107.14876226408708,113.9058534901745,118.13854176310056,2.5195173834680546,-10.989779499013485,100.06226415094339,101.5411320754717,0.565513657636795,0.5200867602759255,0.6036638494848071,0.5497091212455417,0.1481862727246127,0.12804174338667978,0.2530982185462337,0.2210306125618704,0.7577083506599234,0.6996524227011668,0.6454612771255527,0.590365906985103,11.5,15.3,47.6,51.0,118.22220354930886,111.41340321896087,229.63560676826972,6.808800330347992,117.0,103.0,220.0,14.0,1
401810223,2025-12-18T01:00Z,2026,MIN,29,10,26,3,2,0,0,117.28691506778837,114.81081877840786,113.2995167454668,109.56705650948115,3.9873983223215665,5.243762268926693,99.61226415094339,100.81358490566039,0.5653157358159142,0.5568171943980682,0.6027073574331245,0.5897541677330583,0.13928583222198226,0.1498636256205756,0.2531949303450731,0.27582406896676004,0.7863712240596389,0.7693190675369642,0.6574469658554275,0.6856395027679153,12.8,11.9,48.2,53.4,113.66849966309229,114.29801918989838,227.96651885299067,-0.6295195268060922,110.0,116.0,226.0,-6.0,0
401810240,2025-12-20T02:30Z,2026,MIN,25,10,27,2,1,0,1,116.9256438784917,121.14613274086307,113.02123345762936,103.58824294036017,3.904410420862328,17.55788980050291,100.8211320754717,102.28999999999999,0.5638061629145887,0.597430780074305,0.6002685241365768,0.6324810907132598,0.14084954333983352,0.1161803645848449,0.25398395264352935,0.18391920470010242,0.778528086804737,0.7647757502051764,0.6716136325220942,0.6002348561185837,12.1,16.8,48.0,54.0,111.97206297534858,115.33784719599028,227.30991017133886,-3.3657842206417,112.0,107.0,219.0,5.0,1
401810255,2025-12-22T00:00Z,2026,MIN,15,10,28,2,3,0,0,117.2570832724311,109.9043092769246,112.05631079348795,115.62626829020049,5.200772478943137,-5.721959013275901,101.16113207547168,98.6,0.5568175265509524,0.5719234629379217,0.5972674854228142,0.5982541429809247,0.13738323967821733,0.16020290820374355,0.2594759434902113,0.20507259601089406,0.7670416003182505,0.7308714285238674,0.656462117370579,0.676188635664719,11.7,13.2,48.6,40.6,116.30260487420337,110.84776185359817,227.15036672780155,5.454843020605196,103.0,100.0,203.0,3.0,1
401810271,2025-12-24T01:00Z,2026,MIN,18,10,29,2,3,0,0,115.7506251493231,122.98279613053208,110.6471281496938,114.38578388781032,5.1034969996293125,8.597012242721751,101.0711320754717,98.59,0.544769333779868,0.5858848738644136,0.5849394215252435,0.6145830952058262,0.13247405703442316,0.13103252396737639,0.26633868858825055,0.3054985282015809,0.7735633394486853,0.718087322600497,0.6565280369486937,0.6080467729283316,13.0,14.5,48.8,51.4,114.87323990034469,116.61703792124158,231.49027782158626,-1.7437980208968895,115.0,104.0,219.0,11.0,1
401810294,2025-12-28T01:00Z,2026,MIN,17,10,28,2,4,0,0,111.97999146611747,109.7987246274757,108.14756938955902,103.81069204608669,3.8324220765584585,5.988032581389012,102.59358490566038,100.16000000000001,0.5270954939008001,0.5545372683676404,0.5683600753420059,0.5879064894456916,0.1330734596219408,0.17522906330769555,0.2625428205648155,0.2384698616935459,0.7515874215578737,0.768160671895728,0.649638358000191,0.7136197970598607,16.1,14.4,48.4,43.6,109.38083667835542,110.47348107214218,219.85431775049761,-1.092644393786756,107.0,123.0,230.0,-16.0,0
401810368,2026-01-07T01:00Z,2026,MIN,14,10,36,3,3,0,0,113.61512333189026,115.2839194404057,109.8537243235809,110.9832376222023,3.7613990083093354,4.3006818182034126,103.46358490566035,104.94000000000001,0.536234661562225,0.5368541756612867,0.571974975573771,0.5734253742911553,0.12027413825149165,0.1376531447886046,0.2632209035468618,0.27819480274653063,0.7354579960882442,0.7943846595246371,0.6276830685270584,0.6240360019043499,15.3,18.0,50.4,53.4,117.01775896692094,117.29873014407073,234.31648911099165,-0.28097117714979447,122.0,94.0,216.0,28.0,1
401810385,2026-01-09T01:00Z,2026,MIN,5,10,38,2,2,0,0,114.71713526192767,116.37036585282848,107.85969431451488,113.39095304975217,6.857440947412776,2.9794128030763103,103.45358490566036,104.20000000000002,0.5428673146234495,0.5762197458826821,0.5783391644827762,0.6046904686546694,0.11482457406745947,0.14616018618814203,0.2561299944559527,0.2662027646501569,0.747409443333809,0.7294872662345694,0.6210164018603916,0.6765710021955464,16.8,14.2,52.0,53.6,118.41865570974322,116.40543959340194,234.82409530314516,2.013216116341283,131.0,122.0,253.0,9.0,1
401810407,2026-01-12T00:00Z,2026,MIN,24,10,39,2,1,0,1,119.10191269515965,112.66787608845695,113.32758716784497,108.72395897368146,5.77432552731468,3.9439171147754606,103.91358490566036,101.64999999999999,0.5828124116612432,0.5158630440622028,0.6107218691575573,0.5598221498013765,0.12406127057457324,0.1162987726201894,0.26097638645404747,0.2445055987320801,0.7542463197359028,0.7839523516638331,0.6102248616570867,0.6135769182028362,18.2,14.3,55.8,52.4,117.08175728625973,112.65686117849859,229.7386184647583,4.424896107761143,104.0,103.0,207.0,1.0,1
401810486,2026-01-23T01:00Z,2026,MIN,4,10,43,2,2,0,0,120.65300456327938,116.02731596759945,112.93722682273763,113.64967846683483,7.715777740541779,2.377637500764596,103.22999999999999,99.07999999999998,0.590524189214849,0.5689644331709859,0.6146688446854135,0.5919244030206848,0.13186198870773733,0.11993422355641443,0.28665886856821227,0.22453958996111703,0.7706909796193748,0.7717997400138203,0.593760366957298,0.7157241768817204,18.6,18.6,54.6,54.0,118.50443950955602,115.80454162978273,234.30898113933875,2.699897879773289,115.0,120.0,235.0,-5.0,0
401857824,2026-01-25T22:30Z,2026,MIN,9,10,46,2,2,0,0,119.26754842776833,120.6164556769174,113.01370137407125,112.64264217126625,6.253847053697091,7.973813505651155,103.6,102.0,0.5842370291895485,0.5897273403684933,0.607295601713526,0.6160366509908551,0.13137592959619335,0.12223872505488195,0.27803002696064727,0.2262740209923261,0.7853251259608381,0.747887167685245,0.6046804882919795,0.6956171325081695,18.9,12.5,53.2,49.0,119.20183796790378,120.08590072420817,239.28773869211196,-0.8840627563043881,85.0,111.0,196.0,-26.0,0
401810518,2026-01-27T02:30Z,2026,MIN,9,10,47,2,2,0,0,114.00775584455523,120.82295888918956,112.68518354435734,110.27624261550845,1.3225723001978769,10.546716273681142,103.55,102.66000000000001,0.5687048669575671,0.5967753952884017,0.5915401658808552,0.6213319763723262,0.14284572538094895,0.12654617768061563,0.25890330650502313,0.21709527703097345,0.7932118802581082,0.7451260632434681,0.6052865488980401,0.6959742753653123,18.4,12.8,48.0,49.6,115.62400830612434,120.37928512805428,236.0032934341786,-4.7552768219299395,108.0,83.0,191.0,25.0,1
401810541,2026-01-30T02:30Z,2026,MIN,25,10,48,1,2,1,0,111.5671889405052,117.05757956688622,110.08007073354297,106.34890832830533,1.4871182069622257,10.708671238580884,103.41000000000001,99.71000000000001,0.5535529638538635,0.5674357675653429,0.5813713844062289,0.6071390627992572,0.14753090494951704,0.11413708947033177,0.255596768741286,0.17727981839689605,0.7810501148204808,0.714791980423694,0.619424161202547,0.5754369270255721,18.1,10.6,46.2,48.8,107.33806036730893,115.34049882255795,222.67855918986686,-8.00243845524902,123.0,111.0,234.0,12.0,1
401810599,2026-02-07T01:00Z,2026,MIN,3,10,53,2,2,0,0,114.59271693891428,111.85447843655326,112.57211894936881,115.10343321912266,2.020597989545472,-3.2489547825693976,103.28,99.441320754717,0.5547800595925497,0.508082122467121,0.5851597228488161,0.5503842562850384,0.14491513331717637,0.11234438681736751,0.2657957152741714,0.26224104817541816,0.7611675763271061,0.7167240816097695,0.6005949293713483,0.6145924360244182,18.6,15.0,43.6,52.8,116.4107673307776,113.7401405864031,230.1509079171807,2.670626744374502,115.0,119.0,234.0,-4.0,0
401810615,2026-02-08T20:00Z,2026,MIN,12,10,51,1,1,1,1,114.09916625596948,113.8833916996728,112.18961200526152,114.05009646512664,1.90955425070795,-0.16670476545382792,103.02000000000001,98.18,0.549282983569158,0.5622899105073935,0.5790752163569618,0.6029852036994263,0.14418069519333004,0.16516246228251655,0.2719526169623542,0.24146959533122492,0.7799422798844183,0.7592573146888292,0.6032139769903959,0.5765046744757711,17.8,11.7,44.4,52.8,111.31630677425001,110.3032792376745,221.61958601192453,1.0130275365755068,96.0,115.0,211.0,-19.0,0
401810620,2026-02-10T01:00Z,2026,MIN,1,10,54,2,2,0,0,112.40070624130291,113.92624031328883,111.95104284877729,112.46504352749537,0.44966339252564713,1.461196785793467,102.21000000000001,102.49000000000001,0.5476805739306037,0.5500095572248457,0.5763436226539237,0.5756109128633942,0.15518154280430516,0.1191634445363859,0.268747488757226,0.2310197534320268,0.7799422798844183,0.7203763994273462,0.5855235592999783,0.6848931563240007,17.0,18.2,45.0,51.8,115.07504744418253,115.59269965818736,230.6677471023699,-0.5176522140048263,138.0,116.0,254.0,22.0,1
401810638,2026-02-12T01:00Z,2026,MIN,22,10,54,2,2,0,0,113.97007893216505,112.21680329748649,111.05011785656248,113.95397858020165,2.919961075602594,-1.7371752827151519,102.72999999999999,102.92,0.5618577595313516,0.5446144041527251,0.5867675784534157,0.5679610676333715,0.1554601705067998,0.18049249036711673,0.2685174715059321,0.33819458604276853,0.7588040685023045,0.7445475739928257,0.5835362442894074,0.6002356474909171,18.3,14.0,47.6,49.2,117.18145606854551,114.78710583832542,231.96856190687095,2.3943502302200983,133.0,109.0,242.0,24.0,1
401810661,2026-02-21T00:30Z,2026,MIN,6,10,54,9,8,0,0,118.35508575631579,108.67940577923237,110.71434469632145,116.58279593103721,7.640741059994353,-7.903390151804855,102.88000000000002,103.78999999999999,0.5754253428283108,0.5106491466161973,0.6033035177330283,0.5503683070951373,0.14480344845107337,0.12234158588479087,0.2736907035894632,0.22370192761725943,0.735847546763174,0.7447677056611741,0.5879806887338519,0.5597914467675503,19.4,18.1,51.0,54.6,121.38653002081311,113.35526602695677,234.74179604776987,8.031263993856342,122.0,111.0,233.0,11.0,1
401810679,2026-02-23T00:00Z,2026,MIN,20,10,56,2,1,0,1,119.58638417094662,114.0586994496952,113.27040004414259,117.69774578913355,6.315984126804019,-3.6390463394383685,102.96,99.22000000000001,0.5766599107295454,0.5210409834051117,0.6017054295382287,0.5750050921649519,0.14184773496467537,0.13056557776215924,0.2889306837972811,0.24408131134217315,0.7259669101583995,0.7213995543233158,0.5691767784405799,0.5791526894158474,18.5,14.8,52.4,45.6,119.93526348832255,111.45638853898551,231.39165202730806,8.47887494933704,108.0,135.0,243.0,-27.0,0
401810745,2026-03-04T01:00Z,2026,MIN,29,10,59,3,3,0,0,114.64338411631368,113.5181409856506,112.30832405216297,116.76987731569298,2.3350600641507144,-3.251736330042371,102.3,103.77000000000001,0.5694552482918646,0.567626646171935,0.5956167590401458,0.5975675049804533,0.15047092853231345,0.13752518703637226,0.25635963556796704,0.21873164983804422,0.7426334079357335,0.6994582650402994,0.5924670123659543,0.6580871450811772,18.8,19.3,53.0,52.2,119.21832695823402,116.3401491258556,235.55847608408962,2.8781778323784124,117.0,110.0,227.0,7.0,1
401810758,2026-03-06T01:00Z,2026,MIN,28,10,61,2,2,0,0,113.65579898698502,113.72137735004935,110.83208855646451,110.65706303376746,2.8237104305205496,3.0643143162818953,102.22999999999999,100.38,0.564263790265355,0.5489535760468486,0.5954722936369901,0.5881137239954005,0.1583342460710781,0.1306641317091596,0.2591780637522489,0.23990780243298784,0.7526983430006686,0.7319156271969194,0.5869057878761584,0.6556428218532264,18.4,16.9,52.8,50.2,113.62007243506164,113.74194431829693,227.36201675335857,-0.1218718832352863,115.0,107.0,222.0,8.0,1
401810770,2026-03-07T20:00Z,2026,MIN,19,10,61,1,1,1,1,113.74179921774342,113.32642507525811,109.67626682158877,108.67753979304477,4.065532396154643,4.6488852822133415,102.16,97.88862068965518,0.5751929650541789,0.5370056063601868,0.6045548485657747,0.5786883716200621,0.16152106207545397,0.12087347593222549,0.23858507183850225,0.21495822624061073,0.7469671177042259,0.7513023126570544,0.5890486450190155,0.678893115482931,19.0,16.0,52.6,46.4,107.8996038107465,108.18259874080759,216.08220255155408,-0.28299493006109344,92.0,119.0,211.0,-27.0,0
401810851,2026-03-18T00:00Z,2026,MIN,21,10,68,3,2,0,0,112.81029587242472,117.0323211843903,116.34976037917022,114.59785082531137,-3.5394645067455066,2.4344703590789236,99.57000000000001,95.54,0.5674245519546882,0.5545846180545927,0.603860029730345,0.5867258901231975,0.1601529762164687,0.12992296889731939,0.2275172557373369,0.2718377334550974,0.7437843482285648,0.7157490714285182,0.5856291950070859,0.6290158457907806,14.0,14.9,47.2,34.6,110.92400875548822,113.83794483466573,224.76195359015395,-2.9139360791775175,116.0,104.0,220.0,12.0,1
401810859,2026-03-19T00:00Z,2026,MIN,26,10,68,1,3,1,0,111.88197739205467,113.50505419665265,114.53274676820202,119.4638149283721,-2.6507693761473434,-5.958760731719475,99.68,99.97999999999999,0.5609039891841254,0.5266638323672715,0.5994601039319019,0.5689621472580269,0.1619603570832568,0.137821312059426,0.23528362287469248,0.27757185936936163,0.7468146512588679,0.6928383187495135,0.595426325140683,0.6550108304822719,14.0,19.0,47.6,45.2,112.01196466963879,113.82506835160721,225.837033021246,-1.8131036819684283,147.0,111.0,258.0,36.0,1
401810875,2026-03-21T00:00Z,2026,MIN,22,10,70,2,3,0,0,115.41108052251244,109.51991000786404,115.45368546523885,109.54636962857691,-0.042604942726441664,-0.026459620712891496,101.09000000000002,101.72,0.5762528847664549,0.5308183243715299,0.6153229626143751,0.5610527425309432,0.16386002246329995,0.1709407688136127,0.24747874482591198,0.3081299596292193,0.7284813179255345,0.7094637946594469,0.6065374362517942,0.6674276777369272,16.5,14.1,49.2,49.0,114.0590511628561,114.06723724475,228.1262884076061,-0.008186081893910568,104.0,108.0,212.0,-4.0,0
401810913,2026-03-26T01:42Z,2026,MIN,10,10,71,3,2,0,0,112.74102547550429,112.45763102232505,113.7647815004595,116.24354266869648,-1.0237560249552211,-3.7859116463714564,100.98,98.81999999999998,0.5542845589745997,0.5482323013106875,0.5959172502419343,0.5769823578569608,0.15911804037323118,0.16838919199039865,0.25113558487221754,0.3029036545068645,0.7031845088493303,0.7755065529271723,0.6071701006888064,0.6089124306119539,15.2,14.7,48.2,55.8,114.37779178802826,112.99809505513088,227.37588684315915,1.3796967328973864,110.0,108.0,218.0,2.0,1
401810935,2026-03-28T21:30Z,2026,MIN,8,10,73,2,2,0,0,110.81156489459144,122.07017638906203,112.48337825640067,108.50240335680795,-1.6718133618092383,13.567773032254067,101.3022641509434,100.28622641509433,0.5420932009499084,0.5775129183524864,0.5817460349347566,0.6131636707447894,0.1610871086493534,0.1376682891858061,0.26418140697464343,0.31768674029605976,0.6930975523275911,0.7301275632108029,0.6100272435459493,0.6965387876233582,15.5,19.4,49.6,64.6,110.5279295496188,118.20824259469367,228.7361721443125,-7.680313045074868,87.0,109.0,196.0,-22.0,0
401810992,2026-04-05T23:00Z,2026,MIN,30,10,78,2,2,0,0,106.14857627361528,124.437858950969,103.20229435708652,106.55244153456042,2.9462819165287555,17.885417416408593,102.72226415094337,98.22,0.511998153037156,0.5921592623314418,0.545465688380389,0.6244941214358206,0.15054199438569005,0.14550468641040576,0.24455678575702705,0.3204285169458245,0.7140948459943762,0.7989916872395842,0.6145185176980122,0.614638434907367,19.0,14.6,48.2,46.0,106.85156026396238,114.35631954347134,221.20787980743373,-7.50475927950896,108.0,122.0,230.0,-14.0,0
401811050,2026-04-13T00:30Z,2026,MIN,3,10,81,2,3,0,0,109.38223502334931,110.22203932951724,109.47262903085576,120.58909100854093,-0.0903940075064504,-10.36705167902368,101.5822641509434,103.1,0.5320930259285802,0.523504904568936,0.5616284156028093,0.5609352303197468,0.14135423799396934,0.12819957804499174,0.2239637475062754,0.2305555937942872,0.7124430703513555,0.7113778036881089,0.5897525175651438,0.5942218860510491,17.4,19.6,50.6,58.8,117.67762925500521,112.41900535472944,230.09663460973465,5.258623900275779,132.0,126.0,258.0,6.0,1
401810023,2025-11-05T01:00Z,2026,NOP,30,6,7,3,3,0,0,106.13195864416072,117.27723411716148,124.55430011079473,116.98554850231604,-18.422341466634027,0.2916856148454673,99.57641509433962,103.51428571428573,0.48785890510305063,0.5673965306469932,0.5338169372562969,0.6078451129677355,0.14839349588265102,0.15801622355082182,0.27601726948000244,0.2786021740908959,0.6974770667074418,0.7867773225455066,0.5995205026455026,0.6631859547381546,13.666666666666666,12.571428571428571,48.333333333333336,51.42857142857143,113.2827272226286,122.78433940995174,236.06706663258035,-9.501612187323147,116.0,112.0,228.0,4.0,1
401810074,2025-11-13T01:00Z,2026,NOP,22,10,10,2,2,0,0,107.35793759164578,113.13619741685821,120.8380683428073,112.04885882893936,-13.480130751161534,1.0873385879188469,99.49584905660377,106.47999999999999,0.501128229272717,0.5210593864267954,0.541283847442506,0.5697114136708771,0.15046923381471994,0.1562741287678892,0.2786866028227532,0.29534808621600295,0.708457650727583,0.7232110541808237,0.5815980218861545,0.629042850533595,15.5,18.6,49.0,52.4,112.98125295379857,120.4826201181064,233.46387307190497,-7.501367164307823,117.0,125.0,242.0,-8.0,0
401809787,2025-11-15T01:00Z,2026,NOP,13,10,12,2,2,0,0,108.52651427133371,113.32034903038148,122.30278780688505,115.27265092937375,-13.776273535551335,-1.9523018989922973,98.07584905660377,101.93,0.5045034255050561,0.556451094157863,0.5450038695864226,0.6017946961623868,0.14724581086335978,0.16645794677126863,0.27801993615608656,0.25567939106426846,0.6940898346356292,0.7431830835002834,0.6022698565114776,0.6291808862212089,14.2,12.5,48.0,50.4,111.90285513531657,117.81501385129457,229.71786898661114,-5.912158715977995,104.0,118.0,222.0,-14.0,0
401810092,2025-11-17T00:00Z,2026,NOP,9,10,14,2,2,0,0,107.80358039168762,108.6966097351595,122.56303679943326,108.78571689872122,-14.759456407745665,-0.08910716356174934,98.67,101.71000000000001,0.5066116150104424,0.5287422936855479,0.5458138008934187,0.5725859485958693,0.15265340671198313,0.15667259495126576,0.2744609419587945,0.23052078089400935,0.7099061611662414,0.7429550508815864,0.6066654609070821,0.6683111803330032,14.2,14.4,47.2,38.8,108.5004084776303,115.84951993150425,224.34992840913455,-7.349111453873945,106.0,124.0,230.0,-18.0,0
401810102,2025-11-18T01:00Z,2026,NOP,25,10,14,1,2,1,0,108.85358674573516,120.01297390516602,122.07854067540227,101.81165247059076,-13.224953929667132,18.201321434575256,99.22999999999999,101.53999999999999,0.5185235484585206,0.5701807169144761,0.5544412318739708,0.6112749747050268,0.15865798162620348,0.1201045172359945,0.28462065801913167,0.23094476686085036,0.7151235524705892,0.7822941588264827,0.6038459120349016,0.6153120004230852,14.8,14.7,49.0,50.8,102.56600568784474,121.51178345585173,224.07778914369646,-18.94577776800699,109.0,126.0,235.0,-17.0,0
401810115,2025-11-20T01:00Z,2026,NOP,7,10,13,2,2,0,0,110.4145465889867,122.15732799798995,121.79487579745046,109.38658585051526,-11.380329208463735,12.770742147474696,99.78,100.80999999999999,0.5325727960645397,0.5662042764673327,0.5682883401445891,0.6097150269111506,0.16568235110924284,0.13001114012664383,0.29383880473727836,0.2888552161029791,0.7151235524705892,0.7643741845156939,0.6007209120349015,0.6456582767866893,14.6,15.7,49.4,54.2,110.22477289009922,122.33593139831846,232.5607042884177,-12.111158508219248,118.0,125.0,243.0,-7.0,0
401810125,2025-11-23T00:00Z,2026,NOP,1,10,16,1,2,1,0,109.17217469351131,114.94745955087076,118.15502821489436,110.5725058488249,-8.982853521383035,4.374953702045847,101.16000000000001,103.25,0.5182560392413285,0.5893631496527892,0.5550068570360837,0.6228916146691962,0.1569175774275498,0.1696517319188952,0.2916764949973289,0.21450672464322942,0.7130432081377341,0.7262396824753619,0.5727771890911786,0.7348397929392535,15.9,17.7,53.6,50.4,108.92617461292295,119.12119881050013,228.0473734234231,-10.195024197577183,98.0,115.0,213.0,-17.0,0
401810144,2025-11-25T01:00Z,2026,NOP,4,10,16,2,2,0,0,107.4682768977718,111.60571129360794,118.61954497154595,117.93820462236393,-11.151268073774137,-6.332493328755956,101.03,105.57310344827583,0.5074623884476777,0.5344255119075342,0.5478587481863112,0.5742888231134432,0.16227226182473536,0.1389955183780403,0.2929058094181327,0.23171918112291884,0.7274063517691703,0.7290320419627208,0.5699864914167599,0.6847515957503777,14.2,19.3,54.2,52.8,116.42419654854119,118.9131310913885,235.3373276399297,-2.4889345428473035,143.0,130.0,273.0,13.0,1
401809807,2025-11-27T01:00Z,2026,NOP,29,10,18,2,2,0,0,110.39138398871492,107.69199707079459,120.56372556248186,112.11966525031612,-10.172341573766943,-4.427668179521556,102.0,101.88,0.5163222785575678,0.4935890987466854,0.5562319073316913,0.5359732347080642,0.15906464269487625,0.13374303467209156,0.30332247608479934,0.25994057458452874,0.7366371209999396,0.7727480681122528,0.576662833942159,0.7571282494773595,14.3,11.8,56.8,44.8,113.41388179713412,116.34194182618101,229.75582362331514,-2.9280600290468897,128.0,133.0,261.0,-5.0,0
401810176,2025-12-03T01:00Z,2026,NOP,16,10,20,2,2,0,0,109.96396683007315,114.19447346716899,118.74064312617301,109.5490815041401,-8.776676296099849,4.645391963028893,102.21358490566037,101.6611320754717,0.5169699270738056,0.5453476063129428,0.5562408205134738,0.5826585185061022,0.15140469721040217,0.14650316655836343,0.28583018847207986,0.2608743223605855,0.7403067276628276,0.7470362071705957,0.5666053784018035,0.6317680896339433,16.2,11.5,57.0,49.2,111.8829015070082,118.72395242608648,230.60685393309467,-6.841050919078285,142.0,149.0,291.0,-7.0,0
401810192,2025-12-05T01:00Z,2026,NOP,16,10,21,2,2,0,0,112.42930100529182,115.79583331908717,120.46853017911008,111.20633731821212,-8.039229173818281,4.589496000875046,102.14471698113206,101.5322641509434,0.5279465908594583,0.5521540021642823,0.5693176469170809,0.5872462982850989,0.14351757591995942,0.14385957637260705,0.276514489794679,0.2655402820636608,0.743567597228045,0.7621925399739873,0.5570669168633419,0.6280135108793645,16.1,11.5,58.8,50.2,113.87357921818992,120.30403076601034,234.17760998420027,-6.430451547820425,116.0,125.0,241.0,-9.0,0
401810221,2025-12-09T01:00Z,2026,NOP,24,10,22,3,3,0,0,112.2133906688855,117.29340658276563,119.48050948526077,115.24284222052839,-7.267118816375254,2.0505643622372913,102.53471698113205,101.74,0.5210873522511456,0.5527985668894378,0.5646893452250105,0.5929369997592284,0.12972306886493232,0.11998589308793725,0.25483253483668766,0.2393075033283017,0.7547188758254019,0.7519267638840508,0.597695121567434,0.5858408524522642,18.1,11.7,60.6,48.6,116.1588939976987,120.91731173327601,237.07620573097472,-4.758417735577311,132.0,135.0,267.0,-3.0,0
401836748,2025-12-12T01:00Z,2026,NOP,22,10,24,3,5,0,0,113.29942103087197,109.5321482865024,120.18035824337315,114.55096936861142,-6.880937212501188,-5.018821082108979,102.74471698113209,103.06000000000002,0.5345497826778616,0.5084085823845659,0.5782125852220934,0.557137396839358,0.12670089382197391,0.1707241957342991,0.23156722871423868,0.31204068519845607,0.750450583142475,0.7513522936176392,0.6095043907296444,0.6282129116203722,17.7,11.4,63.0,43.4,117.23171277551535,118.18979348351876,235.42150625903412,-0.9580807080034077,143.0,120.0,263.0,23.0,1
401810230,2025-12-19T01:00Z,2026,NOP,10,10,23,4,3,0,0,116.37568995872161,117.27685420739515,118.16055866142355,109.94134328380892,-1.784868702701921,7.335510923586239,103.77471698113209,98.53132075471699,0.5458017028007495,0.5487534036795644,0.5860936722785512,0.5842962611640831,0.11955764422987243,0.1677864960260465,0.25492205355842523,0.37341647302620684,0.7471826092862659,0.737354964695015,0.6008867560254018,0.5820169393477863,18.5,16.6,66.2,56.8,114.46325566857197,119.07602533067478,233.53928099924676,-4.6127696621028065,133.0,128.0,261.0,5.0,1
401810244,2025-12-21T00:00Z,2026,NOP,11,10,27,2,2,0,0,115.51370049890609,111.17126650963303,118.02155997894661,111.59528982389213,-2.507859480040524,-0.4240233142590949,102.69698113207546,98.81,0.5447757313495203,0.5358988835183804,0.5870415143061056,0.5707339311151667,0.11778557571867346,0.13098876933062012,0.2435995897903093,0.2152979990349578,0.7100127979655111,0.7282261411313945,0.603158608162483,0.5786365424452573,18.2,12.3,64.8,42.4,114.41011756975202,115.45988640710316,229.87000397685517,-1.049768837351138,128.0,109.0,237.0,19.0,1
401810259,2025-12-23T01:00Z,2026,NOP,6,10,29,2,2,0,0,115.40655381509596,116.14347535187423,115.72443552807336,116.0504912697289,-0.3178817129774149,0.09298408214535243,103.8233962264151,101.17905660377359,0.5441001343780585,0.5627554847805804,0.5903460619316075,0.5986005372120685,0.12039225363574194,0.1275210350289448,0.23898247267319223,0.22452264098996988,0.7164716958878238,0.7410743276405416,0.5907141637180385,0.595328509711865,18.0,17.3,66.8,56.8,118.62315491804169,118.83372615750216,237.45688107554383,-0.21057123946046374,119.0,113.0,232.0,6.0,1
401810284,2025-12-27T01:00Z,2026,NOP,21,10,29,3,3,0,0,115.22873458748411,110.98657348351412,115.10337278495437,115.77247663314147,0.12536180252975165,-4.785903149627337,105.84339622641508,100.49000000000001,0.5462090376816342,0.5357007663632951,0.5930190321690523,0.569692506172061,0.1257182249078062,0.1420765545642299,0.24122318795886763,0.2451376930100794,0.7066743033578731,0.7227187644893943,0.614815643633472,0.5959801242118316,17.5,15.7,68.4,48.8,119.15816110891787,116.62476616555203,235.7829272744699,2.5333949433658347,108.0,115.0,223.0,-7.0,0
401810289,2025-12-28T00:00Z,2026,NOP,21,10,30,1,1,1,1,113.09024681961037,110.92300944995304,113.02078097923447,114.66100638624114,0.06946584037590542,-3.737996936288075,105.9722641509434,100.19,0.5318296670522635,0.534643671284461,0.5770034579216381,0.5680502345988451,0.1257938288687742,0.14069183100025037,0.25000697174265146,0.25557335663723235,0.6903181956974176,0.7050358376601261,0.6192259000437284,0.6074519856836931,17.8,16.0,68.0,50.0,113.86275650852289,111.95924027775723,225.82199678628012,1.9035162307656606,114.0,123.0,237.0,-9.0,0
401810309,2025-12-30T01:00Z,2026,NOP,18,10,32,2,2,0,0,114.00392067446069,118.77389752496467,114.02087609697665,114.91684180586056,-0.016955422515945884,3.8570557191041255,104.9122641509434,100.18,0.5317328733438547,0.5600986109649828,0.5786592370906701,0.5891723099754727,0.12794711337499987,0.14081079411465758,0.26201642800742686,0.3239811171735316,0.6727128556890738,0.7363097752112554,0.5938893027365069,0.5903222655004444,17.7,14.3,66.8,51.0,117.37469372062353,119.36101801157564,236.73571173219915,-1.986324290952112,125.0,130.0,255.0,-5.0,0
401810337,2026-01-03T01:00Z,2026,NOP,22,10,34,2,2,0,0,114.79900003963769,108.52955982895818,114.710356773898,114.31762900914207,0.08864326573970267,-5.788069180183885,105.1622641509434,103.24245283018868,0.5212958909012102,0.5343555994578368,0.5688343408823223,0.5655952470838462,0.12352824841504764,0.17830252336291394,0.2809813039973138,0.2928682093464721,0.6944167829128982,0.7407388829348907,0.5650682165624794,0.6023664848824584,15.9,13.4,64.0,46.4,119.37246558145495,116.31062909627443,235.68309467772937,3.061836485180521,109.0,122.0,231.0,-13.0,0
401810369,2026-01-07T01:00Z,2026,NOP,13,10,33,3,2,0,0,111.28177247601725,113.9743321849689,117.2636684374288,119.38962329152332,-5.981895961411552,-5.415291106554415,104.92226415094339,100.53,0.5181505467420411,0.5538750567455982,0.5623102941239091,0.5932149358446364,0.13818957310418106,0.15113071705656306,0.26625815430654154,0.259124738643681,0.6746688837532344,0.7290682114878464,0.5708287084095792,0.5985077389645916,15.9,12.7,60.6,52.0,118.47990133824888,118.77092696402217,237.25082830227103,-0.29102562577328683,103.0,111.0,214.0,-8.0,0
401810422,2026-01-14T01:00Z,2026,NOP,7,10,39,3,2,0,0,108.69262561127043,114.49769012637535,116.74737986428677,119.49785460393586,-8.054754253016327,-5.000164477560517,104.16,98.52396226415094,0.5266608478141609,0.5456399122422041,0.5589833211410397,0.5894676385681941,0.15090030148439243,0.12751058703394308,0.25128297385248494,0.2085039740349864,0.7037043063146003,0.7176298824349023,0.5920098663395204,0.6434984227062528,15.7,12.4,58.2,42.4,115.62637670244338,117.17416759939574,232.80054430183912,-1.547790896952364,116.0,122.0,238.0,-6.0,0
401810429,2026-01-15T01:00Z,2026,NOP,17,10,37,1,2,1,0,110.12268411455565,110.77085451561402,118.1153344273566,116.12983655501277,-7.992650312800937,-5.3589820393987555,103.58,96.37245283018868,0.5312459429515816,0.5251685538759382,0.5664791264760082,0.5646507304896616,0.1546412544708267,0.15232505845931016,0.2634922761780663,0.27593422253749506,0.7292995444098385,0.7037402379723557,0.5894457637754178,0.6390518625809625,14.4,13.5,57.2,44.4,109.70638518221594,114.41588724525248,224.12227242746843,-4.709502063036538,116.0,113.0,229.0,3.0,1
401810479,2026-01-22T01:00Z,2026,NOP,8,10,41,3,2,0,0,110.60262264446442,110.45035507951475,117.14917288092472,101.37018210601457,-6.5465502364603365,9.080172973500202,102.11999999999999,100.36,0.543899423852314,0.5421308669273514,0.5730461107186737,0.5777595428953065,0.15318277625026144,0.16295143338567866,0.25907694859422375,0.26364956659348665,0.7273733726572533,0.7677448111439611,0.5972891811674514,0.6384514308455633,15.4,18.3,58.8,52.2,107.30063376469246,115.21088105357445,222.5115148182669,-7.91024728888199,104.0,112.0,216.0,-8.0,0
401810546,2026-01-31T00:30Z,2026,NOP,29,10,45,3,2,0,0,113.71394729281242,108.3052606302469,115.10329615159444,111.92997213887497,-1.3893488587820184,-3.6247115086280717,100.47999999999999,102.03,0.5240388358267856,0.522828753028992,0.563514043607604,0.5558922147484283,0.12878557636025686,0.16028847826606277,0.29278106071150517,0.28758497545771283,0.7364638025861926,0.6986678868963804,0.5876496906481689,0.7004043337872861,13.1,13.8,58.0,47.4,114.23787531027753,113.10616708472674,227.34404239500427,1.1317082255507955,114.0,106.0,220.0,8.0,1
401810621,2026-02-10T01:00Z,2026,NOP,23,10,54,3,2,0,0,111.89222609609264,112.0476184161646,113.90787919556051,121.69398956895525,-2.015653099467872,-9.646371152790653,99.41132075471698,98.74,0.5132802931988284,0.5189669464085469,0.554231267881827,0.5620633197216701,0.11958199828927248,0.1513842351626405,0.25937023477828897,0.3065225773135117,0.7066478070212509,0.72778463352185,0.6283757599041686,0.5939951854684349,15.1,13.7,52.8,47.4,115.7135428603135,111.93345070888157,227.64699356919505,3.78009215143193,120.0,94.0,214.0,26.0,1
401810639,2026-02-12T01:00Z,2026,NOP,14,10,55,2,2,0,0,112.45629910905413,113.82163378287044,110.97875760739063,106.0686603846568,1.4775415016635205,7.7529733982136335,99.79132075471698,105.68000000000002,0.5208168658216079,0.5220327744739054,0.5598943701737759,0.5644541297107973,0.11805413145920048,0.13304005333883923,0.2527912874098679,0.2806934474239073,0.7063494267995969,0.7707376927385737,0.6308419107745749,0.670974733059024,16.8,19.2,52.4,53.0,112.25153011260954,115.47508331283564,227.72661342544518,-3.2235532002260925,111.0,123.0,234.0,-12.0,0
401810662,2026-02-21T01:00Z,2026,NOP,15,10,53,9,8,0,0,113.01853748269559,112.54146765245673,111.91422968741544,115.27266935738234,1.1043077952801588,-2.7312017049256148,99.90132075471698,96.63132075471698,0.5265170680460771,0.5507860357891405,0.5627759320349467,0.5740090285062311,0.11214245486473766,0.13423708906313428,0.24101592509102726,0.22793226415476572,0.7030954585456287,0.7590389924085577,0.6423498472825113,0.6059209094417624,17.7,8.4,52.6,43.8,112.16668478414269,110.28217775011778,222.44886253426046,1.8845070340249066,118.0,139.0,257.0,-21.0,0
401810667,2026-02-22T00:00Z,2026,NOP,20,10,55,1,2,1,0,111.62216690007861,117.26865965097652,113.0950183352528,117.75952405727632,-1.4728514351742001,-0.49086440629982864,99.87132075471699,98.84,0.5298086040962338,0.5397264689749453,0.5635998929678812,0.5884535237150952,0.11599018306776672,0.12696506307196279,0.2294060179702843,0.2538852329108006,0.7119843474345176,0.7231089560327175,0.6261148796599396,0.5924126474871262,18.3,14.4,54.8,46.4,110.53329151018433,114.4396767663949,224.97296827657922,-3.9063852562105694,126.0,111.0,237.0,15.0,1
401810693,2026-02-25T01:00Z,2026,NOP,9,10,57,3,3,0,0,113.1386540138822,109.3650402288097,114.08527061639256,114.4260279448215,-0.946616602510369,-5.060987716011781,100.461320754717,101.05999999999999,0.5450773041688555,0.5589989108035027,0.5805725472345211,0.5803347017286926,0.12023003650687947,0.16520717411532743,0.217082785647052,0.23369771732428385,0.7088630989351177,0.7288073025272845,0.6325173186843298,0.7485087045147714,20.7,14.2,53.8,42.0,114.64783816361272,112.57500441144305,227.22284257505578,2.0728337521696716,113.0,109.0,222.0,4.0,1
401810780,2026-03-08T23:00Z,2026,NOP,27,10,62,1,2,1,0,113.61867564100753,110.16738913956733,114.99143771565477,121.47125862880216,-1.3727620746472282,-11.303869489234845,103.81999999999998,102.59,0.5347954613534643,0.5405429735131244,0.5809396250357934,0.5679683824218658,0.15326261931668467,0.14438544430523942,0.289942995129383,0.2308515679863617,0.7140984809369153,0.7011250037656314,0.617658396429626,0.5740379178414562,20.1,13.9,59.2,49.4,117.67291483163118,116.18758362796598,233.86049845959715,1.485331203665197,138.0,118.0,256.0,20.0,1
401810803,2026-03-12T00:00Z,2026,NOP,28,10,64,4,1,0,1,116.20510837592774,110.55060017797993,114.52552688818548,110.03671501639462,1.679581487742252,0.5138851615853361,103.80999999999999,99.33,0.5399065996045634,0.5301596353134912,0.588548992799808,0.5723900132016345,0.14850345209817778,0.12923909320924948,0.30255169078155686,0.21910656019696298,0.7173524491908835,0.7249374911734308,0.6065641715056138,0.6504856016394187,19.8,15.0,60.8,47.8,114.8969100097909,110.87576379663552,225.77267380642644,4.021146213155376,122.0,111.0,233.0,11.0,1
401810843,2026-03-17T00:00Z,2026,NOP,6,10,68,3,2,0,0,115.92803576565962,104.23909015583304,112.82761024679932,117.78045385222762,3.10042551886029,-13.541363696394622,102.55999999999999,101.2,0.5345848406908507,0.4955091690581915,0.5815747479170985,0.5395155639779443,0.1501962746506495,0.15870316698486694,0.31289852857200373,0.25459784744907804,0.7013948711911302,0.7559743067779489,0.6086070122186672,0.6594942253526279,17.5,13.7,57.2,46.6,119.05110461135175,110.57377718510092,229.62488179645266,8.477327426250824,129.0,111.0,240.0,18.0,1
401810860,2026-03-19T00:00Z,2026,NOP,12,10,68,2,2,0,0,117.05780744009294,123.10265716218655,112.69169398908423,114.65937196983506,4.366113451008695,8.443285192351466,102.9,100.5,0.5433758776892873,0.5780380005774383,0.5893865092984869,0.620150589827942,0.14696246432170126,0.11085792149665583,0.3013053082330207,0.25047215074388984,0.7186037195971158,0.7123265056495531,0.6266787176450238,0.5444803378348287,17.6,16.9,57.6,58.6,117.8281857299484,119.9014275604212,237.7296132903696,-2.0732418304727958,124.0,109.0,233.0,15.0,1
401810867,2026-03-20T00:00Z,2026,NOP,12,10,69,1,1,1,1,117.45841321950165,120.96369227878965,112.5984971569731,116.04267602743175,4.859916062528546,4.921016251357886,102.18999999999998,99.95,0.5463673891898349,0.5708048545100225,0.5920249746763679,0.6109872802103739,0.14928435091481473,0.11863180264328546,0.30130530823302065,0.2575914651802774,0.7201716638479868,0.7085169818400294,0.6189712077636009,0.5373970045014953,17.7,15.6,56.6,59.2,114.45978218740966,114.48973285842182,228.94951504583148,-0.02995067101215909,105.0,99.0,204.0,6.0,1
401810880,2026-03-21T23:00Z,2026,NOP,5,10,70,1,1,1,1,117.35439475800065,117.83246270419616,112.8320059178646,114.14363632314942,4.522388840136061,3.6888263810467334,101.38,98.2122641509434,0.5474307376061244,0.5657111168199933,0.593084287218927,0.5972245386322863,0.14769819622870695,0.12697293239666033,0.29158870904273726,0.24070284870705044,0.7202543426408765,0.762658648464754,0.5936766824690757,0.6704842813205547,15.4,12.5,56.4,49.2,112.0476492121826,111.64419561226951,223.69184482445212,0.4034535999130924,106.0,111.0,217.0,-5.0,0
401810943,2026-03-29T23:00Z,2026,NOP,10,10,73,1,1,1,1,115.90347283182318,112.27105306412753,113.63725682398524,113.45750600476124,2.2662160078379334,-1.186452940633726,99.97999999999999,98.2222641509434,0.5487644662821058,0.5375842615784313,0.5832078516595759,0.5659040287727819,0.1312592608855159,0.16816387632469926,0.2652847553275378,0.3361692737980592,0.7195113100649888,0.7652299615939772,0.6218036767238895,0.6298939309259317,15.1,14.5,57.4,54.8,110.24017338472254,108.580680887567,218.82085427228952,1.65949249715554,102.0,134.0,236.0,-32.0,0
401810993,2026-04-05T23:00Z,2026,NOP,19,10,77,1,1,1,1,111.61028778111749,111.41061482802118,116.9062789572907,120.23750012505543,-5.295991176173205,-8.826885297034249,99.99000000000001,103.06000000000002,0.535949702872882,0.5272077270522937,0.5713979735756068,0.5830301521562951,0.13691384173850513,0.15932110589962795,0.24178941004222412,0.23203009645013212,0.7064063356489367,0.7524833973825851,0.6344016610463978,0.6649783290656829,16.4,9.8,55.8,44.4,114.1609813357949,112.42238231153587,226.58336364733077,1.738599024259031,108.0,112.0,220.0,-4.0,0
401811008,2026-04-08T00:00Z,2026,NOP,26,10,79,3,3,0,0,110.18504237462366,111.06838278311955,117.50651107967232,124.07210506540562,-7.321468705048669,-13.003722282286077,99.47,105.05999999999999,0.5272529610182455,0.5336751953756455,0.5668268183303429,0.5645251036583707,0.13850793520272192,0.13139934959941887,0.23578941004222412,0.24293602221843189,0.6991904991227553,0.7237056662039176,0.6212468991416359,0.6862912126876586,15.6,24.6,54.0,57.2,119.78153591477296,116.87605760439203,236.657593519165,2.9054783103809285,156.0,137.0,293.0,19.0,1
401810008,2025-11-03T00:00Z,2026,NYK,4,5,5,2,2,0,0,112.84103918620289,119.18085331650389,114.79410750198869,110.59878130594845,-1.9530683157858029,8.582072010555429,100.54,103.22,0.509288714319048,0.5805199528529129,0.5571847448155038,0.6182645665422335,0.14980461902346015,0.15638106114077016,0.3065194959797423,0.25115273677423733,0.840031712473573,0.7805798915310805,0.6224424129687287,0.6961045700331414,11.4,14.4,38.8,58.4,113.82024455870189,119.18684504094011,233.007089599642,-5.366600482238226,128.0,116.0,244.0,12.0,1
401810014,2025-11-04T00:30Z,2026,NYK,27,6,6,1,3,1,0,115.34622063385706,105.42096462252515,114.97577556567656,118.48739819358177,0.3704450681804958,-13.066433571056619,100.46666666666668,106.61477987421382,0.5173897180728909,0.5256715982183272,0.56621846808756,0.550558081989445,0.14315220083456845,0.156075766049833,0.30404402442756306,0.21971553715825953,0.8222486492835331,0.7696771518825872,0.6388570495669639,0.5934042884129723,13.5,19.5,39.333333333333336,45.333333333333336,117.42481478893666,114.10018942766857,231.52500421660523,3.3246253612680903,119.0,102.0,221.0,17.0,1
401810030,2025-11-06T00:30Z,2026,NYK,16,7,7,2,2,0,0,115.56759972377195,116.55279954794891,112.8644452926119,115.34966234950988,2.7031544311600433,1.2031371984390045,100.65714285714286,100.44285714285715,0.5217443784089825,0.578830859157147,0.5680149404063466,0.6113189676507075,0.13954162822025598,0.14898486145327366,0.2955945865355788,0.2482680978085313,0.8249144266586128,0.7392089012638549,0.6514878606677872,0.5984038751423287,13.857142857142858,12.714285714285714,41.142857142857146,50.285714285714285,116.09365350734245,115.33951984359196,231.4331733509344,0.7541336637504941,137.0,114.0,251.0,23.0,1
401810047,2025-11-09T23:00Z,2026,NYK,17,8,9,3,1,0,1,118.56054996196644,110.05504401388953,113.26759126036332,123.27105049465091,5.292958701603124,-13.216006480761395,100.35,101.26666666666668,0.5355704487549184,0.518450323969666,0.5778218686275427,0.5609591463317557,0.13991969862347753,0.15744014412334864,0.31969177484653843,0.26831776430786597,0.8171948601683915,0.6876664883997601,0.6427791508115865,0.6368609795387824,14.0,9.555555555555555,43.75,41.77777777777778,121.89320294682086,109.18699588938573,231.0801988362066,12.706207057435137,134.0,98.0,232.0,36.0,1
401810063,2025-11-12T00:30Z,2026,NYK,29,9,11,3,3,0,0,120.7365255102932,108.75114617018112,111.90796199088423,114.36850478829342,8.828563519408963,-5.61735861811231,99.97777777777777,103.35,0.5465994500792783,0.5066628941427356,0.587737762599676,0.5542628874055041,0.14040972065500407,0.1390115450284779,0.3280301156530634,0.2350883566647351,0.8012746583139325,0.7626984046626881,0.643118504425114,0.7252013854905949,14.444444444444445,16.6,45.333333333333336,45.2,119.50845838747183,112.16531527203931,231.67377365951114,7.343143115432525,133.0,120.0,253.0,13.0,1
401810070,2025-11-13T00:00Z,2026,NYK,19,10,11,1,2,1,0,120.66648306756713,113.0827688787288,111.5474907015431,113.46527596327125,9.118992366024022,-0.3825070845424568,101.05999999999999,101.85,0.5511231785407382,0.5344562229159161,0.5912299039427047,0.5864853240403356,0.13990665472668778,0.16273011047636055,0.31563526735306324,0.2949204087828791,0.8083266796620265,0.7442137437854905,0.6532747390889855,0.6096567338890622,14.6,16.5,45.4,52.2,115.20611242049746,113.94931492858241,229.15542734907987,1.2567974919150515,107.0,124.0,231.0,-17.0,0
401809781,2025-11-15T00:00Z,2026,NYK,14,10,12,2,2,0,0,119.83266184514223,113.74206299082479,113.14861134525647,111.79797543929479,6.684050499885776,1.9440875515299965,100.75,106.91943396226415,0.5505285696612457,0.5629214873021641,0.5873299949225683,0.6020317713438027,0.14031385446848188,0.1342470338208977,0.31258753877341977,0.1854734018977936,0.786859774474191,0.6999147054628442,0.6450973309115774,0.6850334895007004,14.9,18.8,46.0,58.0,120.25650833294387,117.79564477672601,238.05215310966986,2.460863556217859,140.0,132.0,272.0,8.0,1
401809816,2025-11-29T00:30Z,2026,NYK,15,10,19,2,2,0,0,121.7485518521813,109.70770049146586,112.5013416416811,117.56500242280144,9.247210210500196,-7.8573019313356,102.10999999999999,99.36509433962264,0.5786071635320438,0.5666997351881007,0.6077526186945046,0.586747527268762,0.12804175146864866,0.14439260284250538,0.29528276736877723,0.1772773708172868,0.7503082353993044,0.7429510537369345,0.6138624864918507,0.6537974250973176,15.5,12.5,53.4,44.6,120.53930231075636,111.9239693172324,232.46327162798877,8.61533299352395,118.0,109.0,227.0,9.0,1
401810158,2025-11-30T23:00Z,2026,NYK,28,10,20,1,1,1,1,120.40426929608611,116.45946490052484,112.53767948351792,106.84531047627347,7.866589812568191,9.614154424251355,101.65,100.56641509433963,0.5689432979858252,0.5586150856944376,0.6029918995758979,0.5945920044547403,0.12767402121293467,0.13561229922255702,0.2782637398846335,0.26488618501714495,0.7597067316399058,0.7819459454103304,0.621470141994243,0.6792280140494427,15.5,18.4,51.2,57.6,111.43746873165968,112.2944303901414,223.73189912180106,-0.8569616584817226,116.0,94.0,210.0,22.0,1
401810183,2025-12-04T00:30Z,2026,NYK,30,10,21,1,2,1,0,119.15403238328807,109.62724033770034,114.5536117081095,117.71879818763664,4.600420675178576,-8.091557849936297,99.85,100.66264150943395,0.5622078509980414,0.5093828362098153,0.5935652308262289,0.5527870917573955,0.1311856993170844,0.13862358942290628,0.29442852727896535,0.2562244434781316,0.744782998936122,0.7455732823646162,0.6112242203832794,0.603241635915251,14.8,9.3,49.8,50.2,115.17779262701231,112.37773704885231,227.55552967586462,2.8000555781599985,119.0,104.0,223.0,15.0,1
401810198,2025-12-06T00:30Z,2026,NYK,26,10,21,2,1,0,1,120.88829857076826,113.931427723386,113.0714956319703,120.6028666614285,7.816802938797973,-6.671438938042509,99.39,104.65310344827586,0.566185123725314,0.5534496163344602,0.5986116452679535,0.5923675507451955,0.1266885160059788,0.15387724522540633,0.3020408204231734,0.2579102184365342,0.7476452529611667,0.7451463772824958,0.6266088357678948,0.7345174303247012,15.1,14.1,50.4,51.6,123.18651702329451,112.32207386015067,235.50859088344518,10.864443163143847,146.0,112.0,258.0,34.0,1
401810212,2025-12-07T17:00Z,2026,NYK,19,10,23,1,1,1,1,121.51876571487068,117.94694092307927,111.1917660862568,110.08207870711051,10.326999628613882,7.864862215968758,99.35000000000001,102.98377358490568,0.5775175413077316,0.5368252610251562,0.6099208329822101,0.581706372079676,0.13153975966402215,0.11430824960266091,0.28985216117569057,0.2599872439457306,0.758514818178558,0.7666491176890337,0.6187656985129928,0.6053616027809366,15.5,20.3,50.8,59.2,113.63713158207403,112.42906071414525,226.0661922962193,1.2080708679287824,106.0,100.0,206.0,6.0,1
401809839,2025-12-17T01:30Z,2026,NYK,24,10,25,4,3,0,0,123.98863894530409,116.8954584590485,109.01969118671157,116.26918700618265,14.968947758592549,0.6262714528658346,97.72,102.87,0.5900718154394624,0.5380609485677894,0.621580565425689,0.5835672025639969,0.12787539596196304,0.12920464100264722,0.29993789754019934,0.26225632425919365,0.7423919867923026,0.7657524500877094,0.5959859063744872,0.5534745156371041,15.3,14.2,51.6,46.8,120.4832932690218,113.29079966860753,233.77409293762935,7.1924936004142666,124.0,113.0,237.0,11.0,1
401810237,2025-12-20T00:00Z,2026,NYK,20,10,25,1,6,1,0,123.36994131573393,110.10881544123576,111.30183382237544,110.52588521245369,12.068107493358488,-0.4170697712179029,97.92,101.97793103448275,0.5777005092094607,0.5063692787343419,0.6066838726827982,0.5535485266599418,0.13190213445616034,0.13604952770118717,0.33084465598825946,0.25799668781770824,0.7248134660222926,0.7236042107166425,0.6089587482244054,0.6113124533780699,15.1,15.7,49.6,47.0,113.3815826164186,110.6488267419935,224.0304093584121,2.732755874425095,107.0,116.0,223.0,-9.0,0
401810253,2025-12-21T23:00Z,2026,NYK,14,10,28,1,1,1,1,121.88576483155744,108.77676337398569,111.71474673528834,111.83062531939777,10.17101809626909,-3.0538619454121063,98.18,103.73999999999998,0.5729927170016683,0.5243789023596042,0.6008379592242172,0.560700284469384,0.13672426427829013,0.13204048502243373,0.3437073252339074,0.2197732536252094,0.7173600498732242,0.7752547578263462,0.6098359412068617,0.633927650429031,14.1,15.8,51.6,50.0,114.4406327357561,107.96499087406666,222.40562360982275,6.475641861689439,132.0,125.0,257.0,7.0,1
401809238,2025-12-25T17:00Z,2026,NYK,5,10,31,1,1,1,1,120.30407553055807,117.15137982194965,112.11143933590354,116.04634615586227,8.192636194654526,1.105033666087374,99.78,103.6522641509434,0.5710898649517575,0.5453130338709183,0.6005685990330256,0.5830137048096542,0.13625197609506887,0.11878803224223837,0.3144715011745539,0.2745064309142791,0.7291636680322868,0.7371889674014364,0.5893854002680936,0.6313288375024575,14.5,13.8,52.6,56.4,116.5971559354944,113.10067688825761,229.697832823752,3.4964790472367895,126.0,124.0,250.0,2.0,1
401810334,2026-01-03T00:30Z,2026,NYK,1,10,35,2,3,0,0,120.885303838579,114.44783964771992,119.0309058683282,120.78323265891522,1.8543979702508022,-6.335393011195325,101.65,106.84,0.5670198804849365,0.5589631081864008,0.5985636425647723,0.5896625324837281,0.13311691561943043,0.14037508865854648,0.2994788540958754,0.2207426565067761,0.7337156115884598,0.7205169065145569,0.6291978826369311,0.7229999060676412,16.1,15.0,50.2,51.8,125.96368293590645,121.69495913160219,247.65864206750865,4.268723804304258,99.0,111.0,210.0,-12.0,0
401810342,2026-01-04T00:30Z,2026,NYK,20,10,32,1,2,1,0,117.77881367474379,112.48828887618102,118.22217898757762,112.82252194490452,-0.4433653128338542,-0.33423306872350533,101.6,101.13415094339624,0.5438915054235718,0.4980162613153625,0.577561015197458,0.550108826989463,0.1360509910419428,0.11974448853080344,0.30378315840017966,0.27591782195686554,0.7412333420849135,0.7332429245070047,0.6492959218526172,0.5796944902362859,16.9,12.5,47.8,44.6,113.3706075094117,116.93222704028203,230.30283454969373,-3.561619530870331,119.0,130.0,249.0,-11.0,0
401810377,2026-01-08T00:30Z,2026,NYK,12,10,35,2,2,0,0,114.6321677090134,119.13325097592751,120.59728490693078,113.27567636759116,-5.96511719791737,5.857574608336391,101.72,95.47000000000001,0.5364470087397518,0.5771835158641301,0.5777032593081903,0.6264250024151187,0.1451831369988876,0.15438807219514844,0.2680557793962049,0.2450153132041677,0.7489256497772213,0.7161026008556491,0.6295021735699506,0.616011908876359,16.9,11.6,44.8,39.8,112.35286943366414,118.18116092685207,230.53403036051623,-5.828291493187933,123.0,111.0,234.0,12.0,1
401810451,2026-01-18T00:30Z,2026,NYK,21,10,41,2,2,0,0,113.93768278909815,112.7518109045167,119.94039206354087,106.84950434658731,-6.0027092744427195,5.902306557929381,99.75999999999999,100.14999999999999,0.5306801539640984,0.5261872521900954,0.5669009767213823,0.5584284883401225,0.13411324551427908,0.13562781245553807,0.27783974352734087,0.27947253991601534,0.7402090215521904,0.7356351164117667,0.6431114216115128,0.6025869902020644,17.2,16.6,43.4,40.6,110.34391645073718,116.29374573836095,226.63766218909814,-5.949829287623771,99.0,106.0,205.0,-7.0,0
401809249,2026-01-19T22:00Z,2026,NYK,6,10,43,1,2,1,0,111.87414625485367,112.97984394922517,119.11959070526366,112.13489780182411,-7.245444450409975,0.8449461474010509,98.83000000000001,103.12,0.5205132733479237,0.5562627163310807,0.5572397862689704,0.5829354712174459,0.14360622978497392,0.1327622722356885,0.2935740092616066,0.21912705659500897,0.7446534659966348,0.7608304115633582,0.6276305256958344,0.6069316050859721,17.1,20.9,42.4,56.2,109.70366913457175,117.18120207118507,226.88487120575684,-7.477532936613315,97.0,114.0,211.0,-17.0,0
401810477,2026-01-22T00:30Z,2026,NYK,17,10,41,3,2,0,0,108.65090872358613,111.43658321828855,117.35385019226703,118.5463183007882,-8.702941468680898,-7.10973508249967,98.69,96.26245283018868,0.5058751154531871,0.5276288670427036,0.540987157167204,0.561413196680834,0.15052569757533865,0.13279430817738908,0.30111097283895966,0.2575623699462721,0.7552036645218759,0.7292440484658688,0.6159600451466354,0.6722541274829276,14.7,13.1,43.4,44.2,110.73164171154752,111.5081404436744,222.23978215522192,-0.7764987321268819,120.0,66.0,186.0,54.0,1
401810520,2026-01-28T00:30Z,2026,NYK,23,10,47,4,3,0,0,112.32302595376477,116.2570496739174,112.66695548713817,120.67790948091309,-0.3439295333733769,-4.420859806995688,96.74000000000001,98.86,0.5320876825095809,0.5743140726541031,0.558653840215735,0.6069016063480557,0.1451531731241194,0.1530696742205612,0.31206842160286,0.2662313763292955,0.774737216076704,0.6839087135202047,0.6071569531111384,0.6265521507723961,14.2,11.9,44.4,49.6,113.93745742755748,111.94383852375618,225.88129595131366,1.9936189038012913,103.0,87.0,190.0,16.0,1
401810545,2026-01-31T00:30Z,2026,NYK,22,10,48,2,3,0,0,112.75239728037525,109.52460218571602,106.72894373509958,108.82641138604447,6.023453545275666,0.6981907996715515,97.15,102.10999999999999,0.5375299878091091,0.5236377295187625,0.5639829550030162,0.558779171702752,0.15172842302189934,0.1640709556395102,0.3168752001901263,0.30188180550853827,0.7865828480888485,0.7593953683135892,0.6303004822786036,0.5465875495672007,15.1,13.0,45.0,48.0,110.37948353717698,107.7267039004543,218.10618743763126,2.652779636722684,127.0,97.0,224.0,30.0,1
401810563,2026-02-02T00:00Z,2026,NYK,13,10,47,2,2,0,0,113.84514781342428,118.90798211118447,104.3358893221251,116.49358415317025,9.509258491299205,2.4143979580142587,97.93,99.89,0.5407327471094293,0.5860923617056913,0.5657305685849754,0.6163096727028444,0.1463181851225323,0.13487941199068457,0.31606711938204557,0.2353057192530877,0.7893312624651699,0.736494319994926,0.631257689485811,0.6029475575925549,16.2,19.3,46.6,51.6,113.91401989407933,110.40525661734324,224.31927651142257,3.50876327673609,112.0,100.0,212.0,12.0,1
401810581,2026-02-05T00:00Z,2026,NYK,7,10,51,1,1,1,1,116.61766922474078,114.4203803348149,102.54728793870986,115.6647964910392,14.070381286030942,-1.2444161562242724,97.28,95.4,0.557451361828044,0.5423667372386709,0.5830960252249241,0.5859291344424841,0.14505976890327948,0.11600554985730709,0.3125966804493264,0.20419999796827834,0.7934076298542309,0.7110048832012852,0.650391197903832,0.6619178978718453,16.0,11.0,46.0,42.8,108.53374982323248,101.37792603313615,209.91167585636862,7.155823790096335,134.0,127.0,261.0,7.0,1
401810626,2026-02-11T00:30Z,2026,NYK,11,10,53,3,3,0,0,116.96950677156505,110.33877086252637,100.23398215288798,116.72094911689928,16.735524618677083,-6.382178254372889,96.21965517241378,101.73,0.5659582865348698,0.5456227510147139,0.592135702599424,0.5773071065056634,0.13288085909330538,0.1440743030549127,0.27264629868612233,0.20372406902373602,0.7855333322496593,0.7457264278330044,0.6545858027545166,0.720159631348432,16.6,13.1,45.0,46.4,115.64736290051421,104.2070096202678,219.85437252078202,11.440353280246413,134.0,137.0,271.0,-3.0,0
401810651,2026-02-20T00:30Z,2026,NYK,8,10,53,8,8,0,0,117.47036012453108,119.42953222568792,102.41887843285467,106.8938338536728,15.051481691676406,12.535698372015126,97.99795705920624,99.31,0.567044012636725,0.5479446988684075,0.5971082624647753,0.5888215522130607,0.13351551944627563,0.1222596217339188,0.25819657221941783,0.29581992816458047,0.7710598645408975,0.7356132671345958,0.6792792456672065,0.6171778820486126,15.9,18.6,47.2,57.6,110.6721018776872,109.4311417096722,220.1032435873594,1.2409601680149933,111.0,126.0,237.0,-15.0,0
401810671,2026-02-22T01:30Z,2026,NYK,10,10,54,2,2,0,0,117.48852451015685,108.4014167899754,105.59217596033088,108.68493691819683,11.896348549825971,-0.2835201282213992,98.71795705920624,96.43000000000002,0.5629989197985287,0.5043947854372673,0.5930487677705003,0.5394612648716952,0.12314014622491469,0.14661380453585598,0.2546251436479893,0.30487551156724085,0.7725472787285405,0.7225288837939763,0.6729509661681954,0.5835935899325992,16.2,11.6,49.4,47.0,110.343222346881,104.4010311224551,214.74425346933612,5.942191224425912,108.0,106.0,214.0,2.0,1
401810723,2026-03-01T18:00Z,2026,NYK,24,10,60,1,2,1,0,112.70590583428498,120.76842288882918,108.53082220334727,106.33334851985633,4.175083630937701,14.435074368972835,97.98795705920625,104.48000000000002,0.5485077678056667,0.5795260070438512,0.5798273237472517,0.6079233640941609,0.12623159062423356,0.13022048164134714,0.22130450502515786,0.27055333793082037,0.7530370097593162,0.7561312432267199,0.6697261306308151,0.6900173994638099,16.6,19.7,44.2,57.2,107.54494358627299,116.064374272578,223.609317858851,-8.519430686305,114.0,89.0,203.0,25.0,1
401810748,2026-03-05T00:00Z,2026,NYK,25,10,63,1,1,1,1,115.43120087027935,112.94379338725312,103.6415511589295,105.66648232682962,11.789649711349863,7.277311060423496,98.72830188679248,100.75283018867925,0.5653196118347599,0.5363204436338835,0.5917193427640782,0.5722310804332389,0.13252698195672755,0.13612581840066648,0.23698972364034007,0.2529913655260019,0.7730473063680782,0.7487891292227224,0.6702199767310209,0.6183864561030699,17.3,13.3,45.4,46.2,106.95417914780151,104.77137257349439,211.72555172129591,2.182806574307122,100.0,103.0,203.0,-3.0,0
401810836,2026-03-16T00:00Z,2026,NYK,9,10,66,3,2,0,0,115.36091320746418,112.60189352996981,105.64698636214953,116.45115684601447,9.71392684531465,-3.849263316044665,98.61000000000001,99.26452830188678,0.5552687990984115,0.5272906821571455,0.5847475453871382,0.5554196139549382,0.1501134637226837,0.14088291781089948,0.28490229597412886,0.2984768506107826,0.8123061052465689,0.6972963040452111,0.6783883838699307,0.7244037922165708,15.6,10.7,49.0,48.8,114.67426004129007,107.96473540267067,222.63899544396074,6.709524638619399,110.0,107.0,217.0,3.0,1
401810849,2026-03-17T23:30Z,2026,NYK,11,10,68,1,2,1,0,117.58924043579141,107.9547967108092,106.03504393105818,123.50352732571112,11.554196504733245,-15.548730614901908,98.1,101.67999999999998,0.5611381235723872,0.521976645419701,0.5938345714664213,0.5593326183785329,0.14891519390739266,0.13994904849459203,0.2993209006252917,0.21525379109777312,0.812361846606658,0.7485688864854392,0.6716484571300041,0.7004533623069092,16.2,11.4,48.8,46.2,116.80136937272795,106.87722590858066,223.67859528130862,9.924143464147292,136.0,110.0,246.0,26.0,1
401810889,2026-03-22T23:30Z,2026,NYK,27,10,70,2,1,0,1,116.7928503243161,109.92490745257196,107.91801236360394,124.25629819749852,8.874837960712167,-14.33139074492656,97.75999999999999,102.49943396226415,0.5528934261916345,0.5523328004619011,0.588861999661302,0.5827977757129694,0.15550293663559672,0.16707064724378107,0.3129817086326042,0.22167673965306442,0.8057831664277242,0.6787994597160821,0.6784567413266571,0.5950031765593801,14.5,12.8,51.4,42.8,120.68091510016085,105.79086705155511,226.47178215171596,14.890048048605735,145.0,113.0,258.0,32.0,1
401810903,2026-03-24T23:30Z,2026,NYK,3,10,72,2,3,0,0,119.48402568477506,116.8003834729986,109.13205572681314,110.82935396265589,10.351969957961927,5.9710295103427224,98.33000000000001,100.89,0.5574836547180333,0.5457453443476974,0.5953649962573514,0.5894873074143049,0.150530877689053,0.14028671131626405,0.33168599285412986,0.2778632188466589,0.7990832771696954,0.7154631878497216,0.6670733421171711,0.6155997593921526,14.0,15.5,52.6,56.8,114.707578733403,112.52565134346625,227.23323007686923,2.181927389936746,121.0,116.0,237.0,5.0,1
401810978,2026-04-03T23:30Z,2026,NYK,4,10,76,1,1,1,1,118.7429340905577,111.4345548598197,114.19730095759196,119.28212207662372,4.545633132965756,-7.847567216804036,95.23999999999998,108.1,0.5568440312807171,0.5479851651523023,0.5935960846314516,0.5821963000315984,0.1489590134754733,0.15040347229815912,0.33073211580971285,0.23185147329445938,0.780466785413974,0.7634100548681926,0.6292510852188272,0.6023781565340924,11.4,15.1,48.6,56.0,117.37003618350906,111.25895528763778,228.62899147114683,6.111080895871282,136.0,96.0,232.0,40.0,1
401811023,2026-04-09T23:30Z,2026,NYK,2,10,79,3,1,0,1,121.78100030211877,120.35660970422332,114.08587755152321,110.65966395933751,7.695122750595575,9.696945744885834,95.48999999999998,96.55999999999999,0.5754087998454855,0.5658291856582486,0.6089941844070407,0.599755647674699,0.14752978978138326,0.12942020480872016,0.3305004084926396,0.2867366258870836,0.7697724427196313,0.7996529857216716,0.6477702912380332,0.568969568279928,12.4,11.6,50.8,49.6,111.60057392853167,109.18484821785532,220.785422146387,2.415725710676355,112.0,106.0,218.0,6.0,1
401811031,2026-04-10T23:30Z,2026,NYK,28,10,80,1,1,1,1,120.38614875182682,118.83223278081782,114.7050544105224,110.07557573829983,5.681094341304398,8.756657042517972,94.66,101.11999999999999,0.5755337998454857,0.5796709502331948,0.6093384639060703,0.6016156480641925,0.14613987284742486,0.12512543400153858,0.3047807589306872,0.25878591916013305,0.7566145479827892,0.7384394636494147,0.6448417813327791,0.7388700363866478,11.3,19.8,49.2,62.6,109.41550632014169,110.87568045932741,220.29118677946911,-1.4601741391857246,112.0,95.0,207.0,17.0,1
401811045,2026-04-12T22:00Z,2026,NYK,30,10,81,2,2,0,0,122.95910625291575,120.25524745587384,115.54085447630196,110.91833553006438,7.418251776613782,9.336911925809463,94.16,96.19000000000001,0.5894811682665382,0.5579352688803063,0.6221744042938246,0.5914963037359733,0.136539616840598,0.13852286766193883,0.292558536708465,0.3256622428533933,0.755687106629816,0.7701234701853208,0.6324106247631488,0.6087767218010719,11.5,14.0,51.4,43.0,111.29642760847568,112.20947000697417,223.50589761544984,-0.9130423984984901,96.0,110.0,206.0,-14.0,0
401809995,2025-10-31T00:00Z,2026,OKC,27,5,4,2,3,0,0,110.17337060882153,110.14738618890993,102.91492747201224,118.01536825770972,7.258443136809298,-7.867982068799792,98.98206896551724,107.07216981132075,0.5160627908913507,0.5391451524295316,0.5606990492504896,0.5659311869469935,0.12618982840370896,0.13879188320609148,0.23469520373679695,0.21379949621357977,0.7651601361878931,0.7771972328583271,0.5266406663777745,0.6038378766140603,13.0,20.75,54.0,46.0,117.54814221147441,109.75598213358302,227.30412434505743,7.7921600778913955,127.0,108.0,235.0,19.0,1
401810003,2025-11-02T20:30Z,2026,OKC,3,6,5,2,1,0,1,112.66500095891121,105.8573361742099,103.49642970779344,121.67611347980967,9.168571251117765,-15.818777305599776,99.40172413793103,99.77169811320755,0.5184876998924521,0.47793068612366074,0.56318225097681,0.5279102566803454,0.11501040708519261,0.14358943643849156,0.2413309704342589,0.27904681033252465,0.7598556690454665,0.6840313035783419,0.5487157068299636,0.5708531746031745,13.166666666666666,14.4,53.333333333333336,50.4,116.68630434226434,101.11693707881449,217.80324142107884,15.569367263449848,137.0,106.0,243.0,31.0,1
401810065,2025-11-12T01:00Z,2026,OKC,9,10,11,3,2,0,0,118.4326028182483,112.32465135778781,103.81845879081762,110.66053781224124,14.614144027430722,1.664113545546573,101.09310344827585,101.88773584905661,0.5506697548568534,0.5467951572088224,0.5965779800258135,0.5877652847970675,0.11345320328436218,0.15272117427622803,0.23021656636349103,0.23594837972314275,0.7841702243891842,0.7699605453870808,0.5632223329845805,0.684302066639679,14.6,15.0,52.4,43.2,116.25379490609645,109.68227476574927,225.9360696718457,6.571520140347175,126.0,102.0,228.0,24.0,1
401810077,2025-11-13T02:47Z,2026,OKC,13,10,11,1,2,1,0,119.12715098852463,117.85951503925949,102.67390823705409,115.00889890296037,16.453242751470576,2.850616136299125,101.28,101.22000000000001,0.5603844029228016,0.5761537599131603,0.6017377234258533,0.6213424296195954,0.12141405053461243,0.15941748640409523,0.24101321206579707,0.2575543910642685,0.7852454932063885,0.7259590032327249,0.5927350683112693,0.6256683414183415,14.7,12.0,52.0,52.8,114.97543399983735,111.64504553363375,226.6204795334711,3.330388466203601,121.0,92.0,213.0,29.0,1
401810116,2025-11-20T01:00Z,2026,OKC,23,10,14,2,4,0,0,121.72055312990771,110.08306638492456,102.4551969928538,123.80305321868995,19.265356137053896,-13.7199868337654,101.68,103.71999999999998,0.5761152496481092,0.5339654888625036,0.6192083824586645,0.5722252967170885,0.12282624249776553,0.136812365092714,0.24577928222728063,0.19896225593346994,0.7707919589521898,0.7531448200681514,0.6231746803787883,0.6643813018151795,14.5,15.2,50.8,50.0,126.0763718600049,109.13839824448918,235.21477010449408,16.937973615515716,113.0,99.0,212.0,14.0,1
401810135,2025-11-24T00:00Z,2026,OKC,22,10,16,2,2,0,0,120.12296356219076,115.39851343301794,101.44227819959576,119.94462632580075,18.680685362595,-4.546112892782806,102.37,104.12075471698115,0.5827708143931749,0.5285136907835037,0.624054011579986,0.5710701149870715,0.13273250441346104,0.15998947983498438,0.22622746149898934,0.35419930509351055,0.7642598678548813,0.7124926241103771,0.6112995953917342,0.5814738108682207,13.8,13.3,51.2,55.2,123.9293445476452,111.93904679411514,235.86839134176034,11.990297753530058,122.0,95.0,217.0,27.0,1
401809806,2025-11-27T00:30Z,2026,OKC,16,10,17,3,2,0,0,119.71810526259564,116.27344366801421,100.22770330081036,108.68411501116017,19.490401961785285,7.589328656854015,102.37,103.58113207547169,0.5817448226011092,0.5543348844011545,0.6223390505801857,0.5944270263105411,0.13576894166042458,0.14882962017425388,0.23549575418191612,0.27362305136957843,0.7578807124191221,0.7087365912180743,0.6224107065028452,0.601818340196389,12.1,15.7,52.0,54.2,117.59923958482815,111.47164078466875,229.0708803694969,6.127598800159404,113.0,105.0,218.0,8.0,1
401809817,2025-11-29T02:30Z,2026,OKC,21,10,19,2,2,0,0,119.96901965985148,116.6258148369918,99.48291962919741,107.2483978372469,20.486100030654086,9.377416999744897,101.61000000000001,100.35999999999999,0.5836198226011091,0.5592570979485949,0.6238934761043506,0.593413294064645,0.1307885561922342,0.16060629475108368,0.2235190716169983,0.32696473734530207,0.7547104225640496,0.7275863054981637,0.6092528117660031,0.578339434651727,12.0,14.6,53.0,47.6,114.72775452972239,109.11870275034059,223.84645728006296,5.609051779381801,123.0,119.0,242.0,4.0,1
401810204,2025-12-06T02:30Z,2026,OKC,6,10,23,3,2,0,0,119.39884253361386,110.41922005361778,103.24478601505079,111.83918232349413,16.15405651856305,-1.4199622698763572,101.97999999999999,102.50075471698115,0.5930313102810217,0.532012729768786,0.6307449129031437,0.5670466806224004,0.130564314269781,0.1364134427683556,0.1928661250413945,0.2321257599662915,0.7312929771359372,0.7269493087413356,0.6165849521802522,0.6119454347929986,13.5,15.7,52.6,46.2,118.20931460511373,109.2254430419375,227.43475764705124,8.983871563176237,132.0,111.0,243.0,21.0,1
401809835,2025-12-11T00:30Z,2026,OKC,21,10,24,3,2,0,0,123.02697215530529,111.00965899445097,105.91369259713704,111.65410448788762,17.11327955816828,-0.6444454934366316,101.78,100.76,0.6124531571607339,0.5322198767581016,0.6475422087586631,0.5609184065855165,0.12547800934764458,0.14698669523790736,0.18897389324218591,0.29306927030643937,0.7414970587685903,0.738974043205363,0.621745696039369,0.5440274033662359,13.7,14.8,53.4,48.6,118.83076315828075,109.8391390784006,228.66990223668137,8.99162407988014,138.0,89.0,227.0,49.0,1
401809838,2025-12-14T02:00Z,2026,OKC,24,10,24,3,3,0,0,124.10541851321364,119.44823133189894,103.90559339894256,118.13895450802256,20.199825114271075,1.3092768238763788,101.85,102.65,0.6248486639527923,0.5518155273223682,0.6577344352328747,0.5950221073249884,0.12245496286405907,0.12183020944457519,0.16952944879774148,0.2566659843665282,0.7580204002919317,0.777818815095251,0.6135167157173654,0.5675510922136808,14.6,14.5,53.2,48.8,123.847435707107,114.18964289364271,238.0370786007497,9.657792813464283,109.0,111.0,220.0,-2.0,0
401810224,2025-12-19T01:00Z,2026,OKC,12,10,26,5,3,0,0,123.45387440175394,111.03498344052646,104.80717657900675,117.75563975855911,18.64669782274716,-6.720656318032677,102.10999999999999,98.92999999999998,0.6187715888539781,0.5339273920498446,0.6526162652349106,0.5808656710575344,0.12112061975756408,0.15180922394320687,0.17555185776132692,0.22797510685941313,0.7541742464457779,0.7528415543402962,0.6124897580793681,0.5935000271046784,15.9,13.2,52.4,47.8,121.23190181697333,108.48226962581737,229.7141714427907,12.749632191155968,122.0,101.0,223.0,21.0,1
401810261,2025-12-23T02:30Z,2026,OKC,29,10,28,3,2,0,0,119.24717335321127,114.5892854655551,104.91035832497555,109.19132100082322,14.336815028235701,5.397964464731897,102.65,102.93358490566038,0.5786008568006477,0.5598924339960113,0.6192070834156935,0.5921182008744471,0.11372907409901493,0.15474397002295529,0.1796509120171756,0.2721072685124844,0.7633854820820385,0.7544189510421635,0.5739603463146622,0.6622758401019271,16.6,12.5,52.2,53.6,117.40801149938467,112.8138091399319,230.22182063931658,4.5942023594527654,119.0,103.0,222.0,16.0,1
401809239,2025-12-25T19:30Z,2026,OKC,24,10,30,1,1,1,1,119.5279940302984,119.14563698118907,106.98679698513301,111.1976898413191,12.54119704516537,7.9479471398699575,101.82000000000001,102.68999999999998,0.5879206692817662,0.5545531373854858,0.6207181593672949,0.5880038948745049,0.12383015593823676,0.1306372529417071,0.20609305260565763,0.27834775743203294,0.7688283903001549,0.7668923808509004,0.5531528928985131,0.617089240959637,14.5,16.5,53.2,50.4,114.42534580081738,112.14738437084736,226.57273017166474,2.27796142997002,102.0,117.0,219.0,-15.0,0
401810297,2025-12-28T20:30Z,2026,OKC,20,10,29,3,1,0,1,118.56059235564166,112.10977019811665,108.34293709689533,108.20500646229394,10.217655258746325,3.904763735822711,100.80999999999999,99.98,0.578213066942585,0.4927770010737948,0.6097422047315285,0.5439790756461346,0.11980252548468884,0.1231985823513625,0.21700214351474853,0.28020567858084183,0.7690929405647051,0.7291676660710322,0.553951418697039,0.5887539367573693,13.5,13.5,52.2,42.8,113.83066146663322,107.34189531208122,221.17255677871444,6.488766154551996,129.0,104.0,233.0,25.0,1
401810310,2025-12-30T01:00Z,2026,OKC,1,10,33,2,2,0,0,118.97987406217946,115.80512447862614,107.49095200079898,122.15069906933768,11.488922061380475,-6.345574590711582,100.87,106.39000000000001,0.5737099387598409,0.5637222013140314,0.6059894109748877,0.5992464639703525,0.11873170860021161,0.1439867329928785,0.2320441603214712,0.23450248476240274,0.7602494031497391,0.7391377575477485,0.5557775056535608,0.7195842254141089,13.4,16.7,53.6,53.2,124.9418064680956,115.70086202781413,240.64266849590973,9.240944440281481,140.0,129.0,269.0,11.0,1
401810325,2026-01-01T01:00Z,2026,OKC,22,10,33,2,2,0,0,117.84202593934488,108.59728885198608,107.55428148450751,113.82703750900762,10.287744454837375,-5.229748657021573,102.36000000000001,103.27245283018867,0.5708187822972558,0.5360243433991192,0.602210694573891,0.5681137213275635,0.1251252412305151,0.17915738032023196,0.23714782858303424,0.2900904315686943,0.7598412398844331,0.7175841812159828,0.5428911146459332,0.6071793191070572,14.7,13.0,54.4,46.4,119.09669440439336,111.11944397847559,230.21613838286896,7.977250425917774,124.0,95.0,219.0,29.0,1
401810361,2026-01-06T01:00Z,2026,OKC,30,10,35,1,2,1,0,116.23176090773563,117.27628252486184,107.5329666598117,116.09453944591363,8.698794247923932,1.181743078948209,102.16,100.5622641509434,0.555451736976605,0.5556349609275181,0.5923225305960957,0.5875388004116259,0.11926406015642907,0.1480261038507568,0.21295768364265527,0.29569437335410403,0.7381129681561613,0.7629817383001345,0.554000451645363,0.6915735140152997,14.7,16.4,54.4,43.4,114.21195555154696,113.93459999197663,228.1465555435236,0.27735555957033853,97.0,124.0,221.0,-27.0,0
401810380,2026-01-08T01:00Z,2026,OKC,26,10,35,2,2,0,0,114.69210690653185,117.10474564245109,110.74465142506554,125.17350904077622,3.9474554814663447,-8.068763398325139,101.28999999999999,102.30603773584906,0.5439644592165709,0.5605620958850386,0.5821052861424637,0.6006328492312509,0.11899504889859824,0.14265726389613537,0.21911863859067227,0.24275555240302005,0.724297178682477,0.7118678119395587,0.548608294782618,0.7235250262122072,13.0,14.8,52.2,50.0,122.08922248985202,115.97308610862142,238.06230859847344,6.1161363812306035,129.0,125.0,254.0,4.0,1
401810408,2026-01-12T00:00Z,2026,OKC,14,10,38,2,1,0,1,115.55144930270754,111.08355322686202,112.20989925830733,111.31827899947015,3.341550044400189,-0.23472577260812527,101.24113207547168,106.58000000000001,0.5433422881589532,0.5203422509109272,0.5824489601819496,0.5594558780733963,0.11016579921817973,0.14469094933959387,0.2160848895077669,0.26565504322633193,0.7078087352522652,0.7922901925880649,0.5729760729629222,0.6276606631509624,14.6,18.6,54.2,54.0,117.87080942353313,112.53236284523298,230.40317226876613,5.33844657830015,124.0,112.0,236.0,12.0,1
401810423,2026-01-14T01:00Z,2026,OKC,24,10,40,2,2,0,0,115.64906613399106,109.07113702834954,109.00996186488267,107.373645172918,6.639104269108368,1.6974918554315308,102.34113207547169,102.28,0.5380797960653416,0.49521910466826347,0.5788739379237602,0.5431029271176868,0.10654738629486456,0.12071247201846835,0.2192469448437353,0.23831190503838645,0.7213222487657787,0.7876956671718545,0.5719122431756882,0.5986259378106793,14.9,13.8,56.0,49.6,114.08789916540206,111.56000334949015,225.64790251489222,2.5278958159119185,119.0,98.0,217.0,21.0,1
401810496,2026-01-24T01:00Z,2026,OKC,11,10,45,2,2,0,0,116.11085332758697,107.31240846935722,108.56200793049345,112.81334655471558,7.548845397093506,-5.5009380853583165,100.5611320754717,102.11999999999999,0.5585138621541501,0.5313405769407784,0.5950792673594536,0.5603064414233269,0.10397694251446483,0.1515700631517695,0.17824537709447807,0.21934673126983006,0.702914066137889,0.7713290147948536,0.5586861288041856,0.7310219875350334,11.2,12.1,51.2,44.4,115.99653997904161,109.38417775513376,225.3807177341754,6.612362223907851,114.0,117.0,231.0,-3.0,0
401810508,2026-01-26T00:00Z,2026,OKC,28,10,47,2,2,0,0,116.52758972926058,113.53371266896235,108.96493680078633,112.04366362218688,7.562652928474259,1.4900490467754426,101.0011320754717,97.81037735849057,0.5579041060565891,0.5271803914262007,0.5968522873244115,0.5644537923371546,0.10356271657304224,0.11983034939007273,0.18287326952724856,0.28095442970266016,0.7062323165149629,0.7303721592236221,0.5524040775221343,0.71604553670535,11.3,18.1,51.8,54.0,113.6064897300347,110.588230870247,224.1947206002817,3.018258859787693,101.0,103.0,204.0,-2.0,0
401810522,2026-01-28T01:00Z,2026,OKC,3,10,48,2,2,0,0,117.26781003344044,113.02832856371542,107.1449475897746,115.03445557188427,10.12286244366585,-2.0061270081688627,100.70113207547169,101.76999999999998,0.5667643211103525,0.5334821057351719,0.6075809832794932,0.5713541416538878,0.10700170658452728,0.1367649520570239,0.16970860400409246,0.2719911948396721,0.7164595892422355,0.7402802277069656,0.5630992646879097,0.5825413315150418,11.6,14.7,50.4,59.0,117.5862567520175,111.44683118890644,229.03308794092396,6.139425563111061,104.0,95.0,199.0,9.0,1
401810578,2026-02-04T01:00Z,2026,OKC,19,10,48,2,2,0,0,116.80101885780195,110.12999506199078,107.52035107710086,116.16628528492963,9.280667780701101,-6.036290222938852,99.17999999999999,100.91999999999999,0.5716290484324245,0.5166171910916676,0.6126433361320502,0.5626578991165742,0.12488440259655673,0.13798713246853245,0.1796658929781818,0.23584775694908905,0.7045337169337231,0.7705994005994006,0.5940404618610193,0.6547331518825981,10.9,14.1,44.2,48.8,116.54189389740144,108.87958565608056,225.42147955348202,7.662308241320872,128.0,92.0,220.0,36.0,1
401810603,2026-02-07T20:30Z,2026,OKC,10,10,50,2,1,0,1,116.51372828690657,108.25480063972252,108.7338903941895,108.4819480519695,7.779837892717076,-0.227147412246984,99.78999999999999,98.35867924528301,0.5659954094775339,0.5064104748116423,0.6052559633789529,0.5374080206988161,0.12610746973830977,0.1406458840578641,0.1994710877833766,0.310344421711403,0.7133064442064504,0.7249414182315758,0.6101803604704302,0.6177576216114311,12.1,12.4,43.0,50.4,111.45649025611867,104.26535465836618,215.72184491448485,7.191135597752492,106.0,112.0,218.0,-6.0,0
401810644,2026-02-13T00:30Z,2026,OKC,15,10,52,1,1,1,1,116.17736053171328,111.35606603678835,110.17648531123197,117.98423941970987,6.0008752204812845,-6.628173382921529,98.74,96.92132075471699,0.5492871491850606,0.5547821371536631,0.591787559217999,0.5779606049893972,0.1325000526768066,0.13907453272264764,0.2385790665255017,0.20918226415476573,0.7147003791772355,0.7711324883435169,0.6186144900474169,0.6241027276235805,11.4,9.3,43.2,43.2,111.10469219759284,105.11247759827086,216.2171697958637,5.992214599321983,93.0,110.0,203.0,-17.0,0
401810663,2026-02-21T01:00Z,2026,OKC,17,10,54,8,1,0,1,114.73453397925076,105.81615625832085,110.25378723842684,115.67791941409939,4.480746740823898,-9.86176315577853,98.08,98.64,0.5426239108659304,0.5223511798798182,0.5825672044094089,0.5519759514464776,0.1406306736618173,0.17069432275823454,0.25798963563119276,0.27229937038019514,0.7109013595693924,0.795796095497555,0.6445822319829008,0.6888863117702128,12.1,12.3,41.6,47.4,113.31684457884961,103.07530226534949,216.3921468441991,10.24154231350012,105.0,86.0,191.0,19.0,1
401810672,2026-02-22T18:00Z,2026,OKC,5,10,57,1,1,1,1,114.56697622123093,122.04195426929212,107.968647922173,106.9726554470208,6.598328299057921,15.069298822271325,98.60999999999999,100.81,0.5412905775325971,0.5936596849411867,0.5814462465785463,0.6239851660494447,0.1480353028034796,0.14017465636733734,0.27685855740709125,0.2880393970004954,0.7154468141148469,0.7200825905940995,0.6438030112036799,0.6449863729409014,12.7,16.0,42.6,57.2,107.13512586716068,111.23163215087828,218.36675801803898,-4.096506283717602,121.0,113.0,234.0,8.0,1
401810717,2026-02-28T02:47Z,2026,OKC,7,10,59,2,2,0,0,114.8306882607166,118.40019772991009,108.09336885784637,112.5808746439179,6.7373194028702486,5.819323085992194,99.87999999999998,101.4296551724138,0.5481203518599198,0.5604526984500751,0.5822328552742551,0.6023388865769743,0.15004346956766113,0.1408595005907479,0.2791583545653313,0.2718308742525831,0.727389728583007,0.7805427677751814,0.6547839070016488,0.6804211551279676,13.3,15.4,43.4,50.8,114.45035827637913,113.98835447137849,228.43871274775762,0.4620038050006485,127.0,121.0,248.0,6.0,1
401810775,2026-03-08T01:30Z,2026,OKC,9,10,62,3,2,0,0,111.60683014063895,111.43491268360586,104.922411767564,115.6397933309192,6.684418373074957,-4.204880647313396,100.50283018867925,99.7777358490566,0.5361629881150675,0.547337121015145,0.5738974606982558,0.5683423362539932,0.1365369071074431,0.15390039117078294,0.22735033988497624,0.27748704331662755,0.7457572143291055,0.7148131183712361,0.6272609149775288,0.735145440748917,12.6,9.7,43.4,50.8,113.78270594761975,108.33041851872592,222.11312446634565,5.4522874288938254,104.0,97.0,201.0,7.0,1
401810788,2026-03-09T23:30Z,2026,OKC,7,10,64,1,2,1,0,108.42667729504515,116.11179417130953,103.82697369280227,113.95732978802873,4.59970360224288,2.1544643832807813,100.35283018867925,101.75283018867927,0.5212321324538748,0.5587907845547633,0.5627708361479785,0.6023279721233744,0.14306064104090638,0.14939761708041205,0.22307683561147193,0.2370550794980038,0.7498481234200146,0.8029579702732693,0.6461420338586474,0.6744870308696174,12.6,14.1,40.2,50.2,108.99178652655296,111.12717480439719,220.11896133095013,-2.1353882778442284,129.0,126.0,255.0,3.0,1
401810814,2026-03-13T01:30Z,2026,OKC,2,10,65,4,2,0,0,111.17886345341901,116.4038809082468,104.4634648690557,106.51564308016479,6.715398584363323,9.888237828082017,101.16283018867925,94.08000000000001,0.5355992784572432,0.5435386920682751,0.5752040958368305,0.5749307206953476,0.1288856850805262,0.1311490815934364,0.2008869131308518,0.28238161368651615,0.7490981234200146,0.7949543566001263,0.6326211004338019,0.6674689489414238,13.0,9.1,42.2,39.4,106.25822893036208,107.80691421455543,214.0651431449175,-1.548685284193354,104.0,102.0,206.0,2.0,1
401810831,2026-03-15T17:00Z,2026,OKC,16,10,67,2,1,0,1,111.72288102263357,113.12734320509999,106.7002070444637,117.99975686064855,5.022673978169873,-4.872413655548543,100.58283018867925,99.73999999999998,0.5397659451239099,0.5658606229259704,0.576196057805032,0.6066294190692351,0.12260806628163752,0.15588034974463305,0.1962357503401541,0.22303849125857242,0.7418253961472873,0.7488304210675293,0.6247639575766591,0.600335077360027,12.5,14.9,42.6,48.6,115.04672244797044,106.788456772134,221.83517922010444,8.25826567583644,116.0,103.0,219.0,13.0,1
401810925,2026-03-28T00:00Z,2026,OKC,4,10,72,3,3,0,0,115.9783669648006,112.86163153175512,106.8613033828296,117.7797554427071,9.117063581970989,-4.918123910951965,99.38000000000001,105.4167924528302,0.5606483840343812,0.5504654960463873,0.5992464769675451,0.5818331522184113,0.11885649250474799,0.14486016127898552,0.21182603706078917,0.24473858927523223,0.7561516542146841,0.7634729958760753,0.5962417314239823,0.6386213704994194,12.0,16.0,43.8,56.8,119.6822841971341,112.49638074707232,232.17866494420642,7.1859034500617724,131.0,113.0,244.0,18.0,1
401810944,2026-03-29T23:30Z,2026,OKC,18,10,75,1,3,1,0,117.48828914821134,119.26591911973495,107.01871717462666,113.1448338439518,10.46957197358468,6.121085275783118,100.47999999999999,97.04999999999998,0.5579493470073909,0.5607791864912514,0.5950723334790261,0.5998764335185099,0.1116544800328779,0.14787975906667,0.2329798832146353,0.3065294533358882,0.7628156445799993,0.7704582519402559,0.5943074954471932,0.6527250327688618,14.2,12.7,47.8,50.4,110.4756299027568,111.74501051806311,222.2206404208199,-1.2693806153063178,111.0,100.0,211.0,11.0,1
401810952,2026-03-31T01:30Z,2026,OKC,8,10,74,2,3,0,0,118.34816066561143,118.6649086350997,107.44126690151525,106.84029468650536,10.906893764096205,11.824613948594353,100.39,100.62622641509434,0.5593596034176473,0.5701671507771637,0.5968653282224639,0.6050435250557583,0.1128740341226783,0.14840354716142823,0.24661011263433844,0.316846404161606,0.7571013588657135,0.7254101184933581,0.5815802227199204,0.6866550666931257,15.1,18.9,49.4,64.2,113.1663338178162,113.62752543879814,226.79385925661433,-0.46119162098194977,114.0,110.0,224.0,4.0,1
401810971,2026-04-03T01:30Z,2026,OKC,13,10,76,3,2,0,0,116.34302641181277,119.4174521105934,105.35611229571956,111.29998011472267,10.986914116093244,8.117471995870758,99.88528301886792,99.38301886792452,0.5516933349986907,0.5882158722265435,0.5937279899592569,0.6263299573284965,0.12681977754875198,0.13617083516530562,0.25584958466450813,0.2379059311081341,0.7596895941598312,0.7558732835588614,0.5688702563145454,0.5800609127130467,15.2,16.3,49.0,55.0,113.40508836736682,111.9756162207189,225.38070458808573,1.4294721466479103,139.0,96.0,235.0,43.0,1
401810994,2026-04-05T23:00Z,2026,OKC,26,10,78,2,1,0,1,118.89486503863732,110.65123731083906,103.90525719329518,123.61295275177235,14.98960784534213,-12.961715440933308,100.69528301886791,105.50999999999999,0.560761962449671,0.5336751953756455,0.6014040878151856,0.5656018729624337,0.1238441464017245,0.1379601000103009,0.2605007474552058,0.24934627862868833,0.7719118163820535,0.7160589951426124,0.5720520744963633,0.6838493522225423,17.3,24.4,51.0,57.4,125.01598300439869,107.28850548144587,232.30448848584456,17.727477522952825,146.0,111.0,257.0,35.0,1
401811051,2026-04-13T00:30Z,2026,OKC,21,10,81,2,2,0,0,121.66197327528698,113.27803054019289,106.36638866941966,111.68128332012495,15.295584605867328,1.5967472200679282,100.19528301886793,100.10999999999999,0.5907100081659931,0.5316271686856935,0.6249095689081035,0.5667452665615691,0.12740134077294166,0.14635208145855488,0.23560467031856258,0.2988044416087582,0.7649889263831385,0.7361857031857032,0.5986499580942469,0.5701106291051944,16.2,11.4,48.2,45.0,116.84971763222075,109.98984388324077,226.83956151546153,6.859873748979979,103.0,135.0,238.0,-32.0,0
401809510,2025-11-08T00:00Z,2026,ORL,2,8,9,3,2,0,0,112.08918867087468,114.37355589560434,113.57484012169732,110.21519373010125,-1.4856514508226377,4.158362165503058,103.8875,99.1111111111111,0.5357993010942708,0.5262831113486277,0.583729103495073,0.5553575535233136,0.16356597119769137,0.10785920962361345,0.28744607800536714,0.28388898356279185,0.752295466058764,0.6909304540733279,0.5868241113218388,0.5496317779191586,18.625,13.11111111111111,54.75,41.333333333333336,112.81870217827861,115.68301949129442,228.50172166957304,-2.8643173130158033,123.0,110.0,233.0,13.0,1
401810048,2025-11-09T23:00Z,2026,ORL,2,9,10,1,1,1,1,113.17959816664468,113.83808335857115,113.06861683320568,111.3839617703716,0.11098133343901179,2.4541215881995315,103.55555555555556,99.28999999999999,0.5433392161488368,0.5257600633716597,0.5903188016010854,0.5537222293744318,0.16190997902298918,0.11094841254628678,0.2839313975034788,0.2821667518731793,0.750188562422605,0.6962560133171578,0.597502191093667,0.5551337164063125,17.77777777777778,12.8,53.55555555555556,41.6,110.46292117692161,111.61551297472123,222.07843415164285,-1.1525917977996158,107.0,111.0,218.0,-4.0,0
401810055,2025-11-11T00:00Z,2026,ORL,22,10,9,2,2,0,0,113.01909403298335,113.38565389551903,113.3363119799164,111.8474669056422,-0.31721794693304367,1.5381869898768266,102.79,107.08888888888889,0.5383642688929275,0.5215474664001429,0.589388572179465,0.5716737403914056,0.16344577986938683,0.1626368207431992,0.2855382577531309,0.3037200957955588,0.7449371480408097,0.7246204695576403,0.5977519719843002,0.6378253894817723,17.5,19.555555555555557,53.2,52.888888888888886,117.98685989516088,118.96038571160244,236.94724560676332,-0.9735258164415654,115.0,112.0,227.0,3.0,1
401809782,2025-11-15T00:00Z,2026,ORL,17,10,11,2,3,0,0,114.88714306131416,109.2336275668597,113.20971754378122,124.06991948261785,1.6774255175329416,-14.836291915758162,101.72,100.04,0.53706504819916,0.5112612002529983,0.5914187284620774,0.5583038357311162,0.15612014971226285,0.15851769708179173,0.29778266280792387,0.2650037744383442,0.7443657194693811,0.6834737743968768,0.6219475961799245,0.6477086811187037,17.0,8.9,52.0,40.2,120.52994234715929,112.20042327380726,232.73036562096655,8.329519073352031,105.0,98.0,203.0,7.0,1
401810104,2025-11-19T00:00Z,2026,ORL,9,10,15,2,2,0,0,114.72590123629274,109.94288284189774,110.3663494526028,110.37571604685994,4.359551783689968,-0.4328332049622091,100.43377358490565,102.92999999999999,0.540625232057914,0.5320203738438853,0.5938493125763504,0.5778476380351937,0.15132841835696412,0.1627357178748538,0.27331421794009825,0.24257611686238878,0.7405321128200946,0.7392352441183013,0.6402499697609358,0.6858424862364021,17.0,14.8,48.4,38.2,114.44378582691786,112.00729208750798,226.45107791442584,2.436493739409883,121.0,113.0,234.0,8.0,1
401810119,2025-11-21T00:00Z,2026,ORL,12,10,14,2,3,0,0,115.54263540717484,113.18411219557458,108.55977624155999,119.33121322971708,6.982859165614878,-6.1471010341425,100.14377358490566,98.20379310344826,0.5429073015122018,0.549089985773727,0.5980814890754572,0.5949414438015277,0.1488258929163726,0.14989598191462225,0.266399324323077,0.2262712820174925,0.7584808307688125,0.7353421211626507,0.647471511988598,0.610375925352763,18.6,10.8,50.0,46.6,116.46664088964067,109.95590174879865,226.42254263843932,6.51073914084202,129.0,101.0,230.0,28.0,1
401810124,2025-11-22T22:00Z,2026,ORL,18,10,14,1,2,1,0,115.08374089086087,121.80917532357277,107.09306702446811,113.59518710010715,7.990673866392802,8.213988223465607,100.99377358490567,102.82000000000001,0.539434569792955,0.5637072118422746,0.5964448354715577,0.5950801258419723,0.1458345586256547,0.12242448231857042,0.2605078514548599,0.30197114484742826,0.7714060008368396,0.7675861739594378,0.6541381786552647,0.6393442811829477,20.6,16.0,49.6,50.4,113.02419448898598,116.63357448750203,229.657768976488,-3.6093799985160473,133.0,121.0,254.0,12.0,1
401810169,2025-12-02T00:30Z,2026,ORL,4,10,19,3,2,0,0,119.95592513645352,111.22079899084511,109.77445415224388,117.65953133156715,10.181470984209604,-6.438732340722035,101.21377358490567,106.03310344827587,0.543757645682559,0.5415645962768589,0.5951573862376445,0.5749153723985019,0.12572167083897046,0.13363739307709382,0.27832363147688227,0.2085737870987089,0.7666290097021193,0.7236714886504868,0.6206957715361578,0.6708931013453452,20.6,18.6,55.2,51.8,123.11265321952796,114.50144013265647,237.61409335218443,8.611213086871487,125.0,120.0,245.0,5.0,1
401810181,2025-12-04T00:00Z,2026,ORL,24,10,20,2,1,0,1,120.19769349933628,117.44036074334565,109.84813593902723,114.9049678521321,10.349557560309073,2.5353928912135237,101.86377358490566,101.31,0.5505823583262373,0.5567766829233495,0.5997264360604924,0.5980225592497355,0.12959456975676922,0.12847191493000218,0.2760429297224963,0.2521347675673306,0.7659017369748466,0.7497413442616564,0.6095846604250468,0.6085674012657696,21.4,13.9,56.8,49.2,119.41673721657996,111.98422429124015,231.4009615078201,7.4325129253398075,112.0,114.0,226.0,-2.0,0
401810194,2025-12-06T00:00Z,2026,ORL,14,10,22,2,2,0,0,118.5115364063154,114.48822278399014,110.02117919430661,108.57449446568558,8.49035721200879,5.91372831830457,102.35377358490567,106.6,0.5447684048378652,0.5308977898758712,0.5902081220533889,0.5695463663196338,0.12422617025929568,0.12290842832743214,0.26568186221857165,0.26720523205963037,0.761688136641096,0.725436370666553,0.6005370413774278,0.6831309055144864,21.5,18.7,58.2,54.2,118.62620769780749,117.28021687163898,235.90642456944647,1.345990826168503,106.0,105.0,211.0,1.0,1
401809833,2025-12-09T23:00Z,2026,ORL,14,10,24,2,2,0,0,117.57676185971839,112.53106074754393,109.95294647570555,107.69236412008532,7.623815384012836,4.838696627458657,103.1,105.58,0.5331544637373375,0.5310012636520415,0.5762037975925589,0.5688003184914265,0.11912918624177937,0.12704183944835137,0.273468725427212,0.2518605224214425,0.773623755370193,0.753705808340839,0.6139873337750886,0.6641022038638335,20.2,17.3,58.8,54.8,117.5229030236636,116.06990656836926,233.59280959203286,1.4529964552943397,117.0,108.0,225.0,9.0,1
401809837,2025-12-13T22:30Z,2026,ORL,18,10,24,4,3,0,0,116.99932464827987,123.59107808957967,109.2903247057812,110.9791602188894,7.708999942498659,12.61191787069026,103.25999999999999,97.16,0.5370557483891293,0.5878490909066114,0.5765251167930107,0.6202358651016331,0.12183942821040321,0.13356846741593706,0.26641744337593,0.30478686415387185,0.7741147537335319,0.7401112850379167,0.6170528728871394,0.6062002246599411,18.8,14.5,57.6,49.2,114.22861984269517,116.68522687061557,230.91384671331073,-2.4566070279203984,120.0,132.0,252.0,-12.0,0
401810279,2025-12-27T00:00Z,2026,ORL,30,10,30,3,3,0,0,109.45764892941925,111.69054589332828,112.8961651121801,113.22736882736599,-3.4385161827608295,-1.5368229340377062,102.06603773584905,101.83226415094339,0.5167845671481052,0.5459050244852859,0.5515130735535487,0.5787920118566279,0.1331518516119084,0.15482323818697252,0.2481442285621617,0.24937560882257417,0.768105905172619,0.7471329984655457,0.6394625314323743,0.6795354522268979,17.4,15.5,54.2,45.4,113.51274244059684,114.48212250090741,227.99486494150426,-0.96938006031057,105.0,120.0,225.0,-15.0,0
401810288,2025-12-28T00:00Z,2026,ORL,7,10,30,1,2,1,0,108.74450286743597,124.45446932165775,114.20738688851813,116.48399445049638,-5.462884021082156,7.970474871161377,100.93603773584906,100.94490566037736,0.5062334918792881,0.6133218053002508,0.5414609185046899,0.6452628799681499,0.1257631749209061,0.1209855872739195,0.251666241140778,0.1892847072902158,0.7527379398046536,0.7574790424325182,0.6433664353362782,0.6414910421529033,16.3,19.0,52.6,50.4,110.2631531817772,120.45320171101213,230.71635489278933,-10.190048529234929,127.0,126.0,253.0,1.0,1
401810350,2026-01-04T20:00Z,2026,ORL,11,10,35,1,1,1,1,111.58401148449256,105.74246543890656,117.72975436114777,118.18961465891364,-6.145742876655199,-12.447149220007056,100.58603773584905,102.19999999999999,0.5150228972791638,0.5183995492527468,0.5540066328441229,0.5543597500800412,0.12036238396532246,0.13551870198977975,0.24738617385265246,0.19732155694694886,0.7298250311901718,0.721726148560975,0.655503176627136,0.6233710585090277,15.2,14.1,54.0,43.8,112.99259181291264,109.89383654342286,222.8864283563355,3.0987552694897715,135.0,127.0,262.0,8.0,1
401810388,2026-01-10T00:00Z,2026,ORL,20,10,35,2,2,0,0,111.5085847481657,116.09331591989371,115.37831522478314,113.7169736814499,-3.8697304766174137,2.3763422384437964,99.75245283018867,100.84452830188681,0.5183966092350698,0.5398171522026946,0.5572626413063088,0.5823580177127938,0.12805724629130083,0.1257792177505111,0.24420681588326093,0.2612136118730177,0.7266698334697568,0.7339737863524175,0.6627281812868808,0.5712711804089226,11.2,14.8,52.2,48.6,112.94891773691691,116.0812760633487,229.0301938002656,-3.1323583264317847,91.0,103.0,194.0,-12.0,0
401810403,2026-01-11T20:00Z,2026,ORL,3,10,40,1,1,1,1,110.76997812123423,107.54642176868776,113.5058844183422,116.71109674165265,-2.7359062971079546,-9.164674972964903,99.89245283018867,105.17999999999999,0.5161761285663133,0.5120065924950119,0.5554294141045807,0.5470444670774743,0.12880215363519296,0.14934612678258538,0.2377442308492473,0.2632147920343031,0.716720000693837,0.7062611244964185,0.6627281812868808,0.5937793304446771,11.1,16.6,52.6,57.8,113.12649733685646,109.92946618634448,223.05596352320094,3.1970311505119753,128.0,118.0,246.0,10.0,1
401810433,2026-01-15T19:00Z,2026,ORL,29,10,39,4,4,0,0,112.88717223842835,111.26347378025862,114.9978379102957,111.55932950672688,-2.11066567186733,-0.2958557264682623,99.65245283018866,104.02415094339622,0.5229695288532574,0.5351839929167876,0.5633161340891067,0.5688013354951779,0.12712047195351128,0.15381629315178597,0.24939195812197462,0.26576210365130415,0.7297736137474501,0.7463318098365197,0.655248608691029,0.6942033007559185,11.4,16.4,54.8,53.0,114.28625301078802,115.21033882622154,229.49659183700956,-0.9240858154335285,118.0,111.0,229.0,7.0,1
401810482,2026-01-23T00:00Z,2026,ORL,30,10,44,5,1,0,1,111.32726454734195,117.62475554948291,112.90030389736242,107.46645777604469,-1.5730393500204756,10.158297773438244,100.64245283018867,97.86999999999999,0.5204935491250314,0.5506431352949797,0.5616259842913833,0.5846726543346166,0.1437916682825023,0.15040336439496887,0.2637152231893004,0.33544456619434976,0.7647106279527569,0.7644458423949173,0.6659451861956659,0.635114208889157,12.0,15.5,54.8,49.6,108.58319620565672,110.97308034982441,219.55627655548113,-2.389884144167695,97.0,124.0,221.0,-27.0,0
401810501,2026-01-25T00:00Z,2026,ORL,5,10,46,2,1,0,1,110.52294921098375,115.17874377491235,114.86634590521984,115.0417939039254,-4.343396694236117,0.1369498709869405,100.51245283018866,102.61000000000001,0.525522064913041,0.5573571455532715,0.5648006784930527,0.5925249904209149,0.14816785965361942,0.15176521594424416,0.24882255771523948,0.27273498923937184,0.7723460959330525,0.7544287237602052,0.6741351943856742,0.6855066942519801,12.7,14.9,54.2,50.8,114.54315973377939,113.31375797762024,227.85691771139963,1.2294017561591488,105.0,119.0,224.0,-14.0,0
401810542,2026-01-31T00:30Z,2026,ORL,28,10,49,2,2,0,0,108.53769692291598,110.68833243308805,115.34928094514552,110.94083140497074,-6.811584022229567,-0.2524989718826802,99.88245283018867,98.64037735849055,0.5045569008384425,0.515781106891253,0.5455886085706335,0.5584269324330077,0.14777520363243113,0.13747616899796264,0.28164032374453984,0.2806468269710452,0.7582858687206514,0.7557046287046287,0.659692501476094,0.7243527913283941,13.1,18.6,50.8,51.2,108.92874652324569,112.18406684235347,221.11281336559915,-3.2553203191077813,130.0,120.0,250.0,10.0,1
401810589,2026-02-06T00:00Z,2026,ORL,17,10,49,2,2,0,0,110.23009516209088,103.48800572874097,118.66878778743214,123.30504108413348,-8.438692625341256,-19.81703535539254,100.91999999999999,94.90172413793104,0.5189409908873774,0.4998968980384932,0.5642421441573762,0.5385038934091358,0.13498412946552943,0.15988949410053646,0.23049061409194618,0.24336398309242088,0.7776506826506827,0.7883451805652334,0.6581645244316178,0.692878876880379,13.7,10.6,46.0,42.0,114.3281325663057,108.75781583822838,223.08594840453407,5.570316728077316,118.0,98.0,216.0,20.0,1
401810605,2026-02-08T00:00Z,2026,ORL,26,10,52,2,2,0,0,108.76196908526916,111.08519748706087,116.2500181512712,120.17210783111491,-7.488049066002043,-9.08691034405407,101.28999999999999,102.44999999999997,0.5189409908873774,0.5381777494419671,0.5613799118874243,0.5731000379743588,0.13844921510452815,0.14989389849458196,0.2225862023272403,0.2480743442597546,0.7678021978021978,0.7248703005913999,0.6681010994844718,0.7099098328119852,13.6,15.5,46.6,55.6,116.60757207736019,115.7931920853844,232.4007641627446,0.8143799919757839,120.0,117.0,237.0,3.0,1
401810619,2026-02-10T00:30Z,2026,ORL,15,10,50,2,3,0,0,107.70335723473184,110.56284301344041,115.61965731128302,117.71337509350978,-7.916300076551191,-7.150532080069385,102.47999999999999,97.42132075471697,0.5184835974036683,0.5517908047501379,0.5635512870330206,0.5716726031313248,0.13499855947995945,0.12811719302522634,0.1904773587898253,0.19697806394899192,0.7589369495752474,0.7651218094724263,0.6720306387798647,0.6525969458236812,14.1,10.6,45.6,43.0,112.65275628156999,113.03545136629101,225.68820764786102,-0.3826950847210213,118.0,99.0,217.0,19.0,1
401810632,2026-02-12T00:00Z,2026,ORL,15,10,51,2,2,0,0,109.37068280846547,110.43191406792914,113.734214118762,117.69738298432598,-4.363531310296534,-7.265468916396857,101.77000000000001,97.35132075471698,0.5236610759838396,0.5574856845829489,0.5704187510450662,0.576836387718391,0.1300519115727646,0.13534665812528537,0.19000116831363484,0.1931319101028381,0.766629257267555,0.7617884761390928,0.6681020673512934,0.6292309327517858,15.1,10.1,43.8,43.2,113.03523290469901,111.59063878251283,224.62587168721183,1.4445941221861887,108.0,116.0,224.0,-8.0,0
401810707,2026-02-27T00:30Z,2026,ORL,10,10,57,2,1,0,1,109.86914304818023,112.18460527847931,107.31537633598903,108.8031860347241,2.5537667121912166,3.381419243755212,100.33862068965519,97.05999999999999,0.5296662755305392,0.5527278464144133,0.5715500951217474,0.5885864620033574,0.12771174435095697,0.17300152376250053,0.19255430421851788,0.2940367316108139,0.7563043867213394,0.7204148740393015,0.6651158250474256,0.5865593161490054,16.5,12.8,44.8,46.8,107.91404035989922,105.07280950934424,212.98684986924346,2.841230850554979,108.0,113.0,221.0,-5.0,0
401810730,2026-03-01T23:00Z,2026,ORL,8,10,58,2,1,0,1,111.63825076163717,115.92556367254028,108.76300477427279,106.96005773421128,2.8752459873643836,8.965505938328999,99.16862068965517,101.2822641509434,0.5341929988072625,0.5334083565404089,0.5743164042706506,0.5709877250157592,0.12628794813383623,0.13772764385709357,0.21211952160982225,0.3329953608225486,0.749955180372133,0.7465138858316493,0.6676158250474256,0.5928259253488297,16.5,17.7,44.4,59.4,109.5455609066274,109.21962921992287,218.76519012655027,0.32593168670453565,92.0,106.0,198.0,-14.0,0
401810740,2026-03-04T00:00Z,2026,ORL,27,10,60,3,1,0,1,111.55602567941207,108.07357794746645,106.46606497733296,120.9130705906784,5.089960702079099,-12.839492643211974,99.25862068965519,103.9,0.5328432249855786,0.5337425019393203,0.5762945791326131,0.5653309862931237,0.1291211384670266,0.14391774323577927,0.20893324710001832,0.2028061905016154,0.7528537310967707,0.6744446137181856,0.6748166364064521,0.5670614422603295,16.6,14.3,45.0,48.6,118.07025237800563,105.69502650414448,223.7652788821501,12.375225873861154,126.0,109.0,235.0,17.0,1
401810754,2026-03-06T00:00Z,2026,ORL,6,10,61,2,2,0,0,112.50855924064129,107.66316349468734,107.69318142184072,118.20016611631945,4.815377818800563,-10.537002621632093,99.12862068965518,103.08,0.5355389887853218,0.5188313182024047,0.5817188736557377,0.5586359762889787,0.12133172850370358,0.14474095778369228,0.1918376588647242,0.22260781444000802,0.7507703977634373,0.7400265226466922,0.6806607922506077,0.5878339649796515,17.0,15.0,44.8,54.2,116.62823283874876,108.86727365584193,225.4955064945907,7.760959182906831,115.0,114.0,229.0,1.0,1
401810802,2026-03-11T23:30Z,2026,ORL,5,10,65,2,2,0,0,114.9188819417157,115.20549465980268,104.74390781472782,110.483028046446,10.174974126987877,4.722466613356692,98.52862068965517,96.2822641509434,0.5435752958879025,0.5462743894276556,0.5842217048556078,0.583789876323972,0.13024717816333822,0.13184832181808623,0.23466829486372281,0.2598047203949535,0.7580571051447691,0.7404130173487218,0.6583772424670581,0.6722444738635038,15.8,12.1,51.0,47.4,109.77686382388684,107.12134429056057,216.8982081144474,2.65551953332627,128.0,122.0,250.0,6.0,1
401810810,2026-03-12T23:00Z,2026,ORL,27,10,64,1,2,1,0,115.17789511760334,111.15966761739973,108.01917768715175,124.42090486645961,7.158717430451574,-13.261237249059874,98.09862068965518,103.63999999999999,0.5373988252996671,0.556797405277187,0.5802195876797104,0.585784238993775,0.12658117645803407,0.1573318783200141,0.24381616453790828,0.216135313270107,0.7553744039421788,0.6999413695385188,0.6620641111539267,0.5625671986997711,14.8,12.8,53.6,48.8,117.21560371212747,110.5420948402288,227.75769855235626,6.673508871898676,136.0,131.0,267.0,5.0,1
401810847,2026-03-17T23:00Z,2026,ORL,25,10,68,1,2,1,0,116.68706172873412,111.06516881020498,109.89828900649998,105.56183259063737,6.788772722234173,5.5033362195676085,100.74943396226415,100.72283018867924,0.5459893723128509,0.5277293344861019,0.5911785768829132,0.5668607687002877,0.1294777357279691,0.11353891189621954,0.24307843184470107,0.19564874824371803,0.755462229827877,0.7481107512698518,0.6548768340569514,0.6152401480528495,15.2,12.5,52.0,43.2,108.58419576315121,111.29502035238255,219.87921611553378,-2.7108245892313363,108.0,113.0,221.0,-5.0,0
401810879,2026-03-21T23:00Z,2026,ORL,13,10,70,2,1,0,1,117.28521613188659,120.156283565981,110.90222608309833,112.32764861234243,6.3829900487882725,7.828634953638553,101.89943396226415,99.50301886792451,0.5462433522039276,0.5867351024730586,0.5919773157854443,0.6185080031282657,0.12305079236461343,0.13046309133718034,0.2399604233439531,0.2378797756637648,0.7537952061968354,0.7443102778674919,0.6417065351107905,0.6082116216532294,14.4,15.5,51.8,53.2,115.61148540213519,112.84919518223505,228.46068058437024,2.7622902199001373,104.0,105.0,209.0,-1.0,0
401810894,2026-03-23T23:00Z,2026,ORL,11,10,71,2,1,0,1,115.35022158908916,110.67605152228325,110.77160264652005,124.90616147589756,4.5786189425691175,-14.23010995361428,101.64943396226414,100.88,0.5344012469407696,0.5404874031710774,0.5795487590397265,0.5746030944913022,0.1325222761687461,0.13253914297591265,0.25985371602687984,0.20118627248898577,0.749060357711987,0.7106967903592754,0.6381351065393618,0.7183314456940062,13.6,11.6,49.2,45.6,121.64747316993166,108.76044502386645,230.4079181937981,12.887028146065205,126.0,128.0,254.0,-2.0,0
401810920,2026-03-26T23:00Z,2026,ORL,23,10,73,1,2,1,0,118.52557137075569,112.93144045926965,117.42021906597579,120.12825278204843,1.1053523047799025,-7.196812322778769,100.97943396226415,101.36,0.5458301558252608,0.5468346728193193,0.5927041911810151,0.575885950075893,0.127309045740923,0.12529706065335317,0.25215978341973344,0.24748897363902428,0.7528148140399727,0.7638082430493227,0.6272842196214017,0.6451682970699547,13.4,10.9,47.8,55.4,117.10101825311966,116.52306100151588,233.62407925463555,0.5779572516037774,121.0,117.0,238.0,4.0,1
401810954,2026-03-31T23:00Z,2026,ORL,21,10,75,2,0,0,1,113.09568880631596,118.39315559628399,120.98377262089427,112.97246628080538,-7.88808381457832,5.420689315478583,101.58943396226417,98.52,0.5281371471781633,0.5484355715899664,0.5782071930536117,0.5766530329538797,0.14462151894275327,0.11856119550326294,0.24485746341718456,0.2933227470870265,0.7533793247412784,0.7538838553797499,0.61200236885568,0.6150649185374586,10.4,11.1,45.0,43.4,113.09592637844301,116.16133540222532,229.25726178066833,-3.0654090237823084,115.0,111.0,226.0,4.0,1
401810962,2026-04-01T23:00Z,2026,ORL,1,10,76,1,2,1,0,111.67270954266806,118.43344041258437,119.63360707858764,109.1835325704637,-7.960897535919585,9.249907842120702,102.24000000000001,101.40622641509435,0.5242700585705683,0.5665294603940756,0.5783100999179513,0.5961349637976989,0.15585785859075804,0.12859413231977096,0.2440213430158468,0.28104081961604754,0.7559172035291571,0.7532527262289992,0.616744010193066,0.6691744011355611,10.1,17.8,43.6,51.6,109.06811019490249,121.20363963840059,230.2717498333031,-12.1355294434981,101.0,130.0,231.0,-29.0,0
401810999,2026-04-06T23:00Z,2026,ORL,8,10,78,1,2,1,0,111.59170917668018,115.85551884134368,119.54717146126231,104.1556990177124,-7.9554622845821426,11.699819823631312,103.26000000000002,99.77150943396228,0.525057189417885,0.5650890081088493,0.5814366376951694,0.5983261307836548,0.16005446317932143,0.1501778543482245,0.24242895684899252,0.28653768848703665,0.7606738735730613,0.7536844682682382,0.675721572308926,0.7097294931072582,10.8,16.0,46.0,58.6,106.22354070976887,119.48540884238415,225.708949552153,-13.261868132615277,123.0,107.0,230.0,16.0,1
401811014,2026-04-08T23:00Z,2026,ORL,16,10,79,2,1,0,1,112.45117169861366,107.52416681658681,117.0514756495722,104.01501556530476,-4.6003039509585,3.5091512512820264,103.53,102.6122641509434,0.5330022312338947,0.5144098500220896,0.5895258252886137,0.5486557527583971,0.16065310747459882,0.14581512339841415,0.23270379828662469,0.2393350637054396,0.7735350105721294,0.7229289456719831,0.6824757936972936,0.621255785539,12.1,19.2,47.0,49.8,111.55707488676562,112.26423867198243,223.82131355874805,-0.7071637852168067,132.0,120.0,252.0,12.0,1
401810039,2025-11-09T00:30Z,2026,PHI,28,8,9,3,1,0,1,118.03945076864093,115.6665648118676,114.24911345804408,112.30787318918819,3.7903373105968634,3.358691622679421,103.06108490566037,103.01111111111112,0.5532391098999732,0.5634976157894819,0.5949040499295545,0.5988096519077907,0.14133223604459896,0.1432627842584979,0.28623637429481985,0.22687924439538298,0.7057373264722089,0.7131413637228873,0.6182888243330317,0.6834788078697271,17.375,19.88888888888889,49.25,51.77777777777778,118.67044723644133,114.89462964543306,233.5650768818744,3.775817591008277,130.0,120.0,250.0,10.0,1
401810050,2025-11-10T00:30Z,2026,PHI,8,9,9,1,2,1,0,118.7861869916177,114.23176265837441,114.35067282856211,108.27145556301757,4.435514163055604,5.960307095356864,103.18763102725366,102.30000000000001,0.554268097688865,0.5318505182252503,0.5954784727422398,0.5679926508407293,0.14055721045721656,0.14277754196754538,0.2931920226289872,0.31187016681604446,0.7157574421249566,0.7352743818152615,0.6198848506543048,0.6080580251508076,17.11111111111111,18.77777777777778,50.888888888888886,60.666666666666664,113.1445274073235,117.42715790662656,230.57168531395007,-4.2826304993030675,108.0,111.0,219.0,-3.0,0
401810064,2025-11-12T01:00Z,2026,PHI,2,10,11,2,3,0,0,117.5270373190046,113.89327573974442,113.83005982299203,110.92274813857834,3.6969774960125803,2.970527601166117,103.03886792452829,98.81,0.5488412879199785,0.5293670446256996,0.5919937483916039,0.5549162209792737,0.14616717279399244,0.1166095147578134,0.2938728203660884,0.28739931001271424,0.7222304784002659,0.6900655371266816,0.6190074766999855,0.5711093261624101,17.3,12.6,50.6,41.0,115.2808264305362,114.91424370833955,230.19507013887574,0.36658272219663957,102.0,100.0,202.0,2.0,1
401810098,2025-11-18T00:00Z,2026,PHI,12,10,13,3,2,0,0,115.21004750946675,110.83376591264403,112.69485888390037,118.86448894276809,2.515188625566379,-8.030723030124047,101.98886792452831,97.51379310344826,0.5383774932066909,0.5422074514311422,0.5801557703416859,0.584691877772515,0.14244136307132033,0.1572638949005128,0.2894094374396114,0.2369783527245632,0.7233913775425315,0.7321800658266824,0.6046860257931687,0.592280687257525,17.0,10.3,51.4,46.6,116.74623225277738,111.48638865708688,228.23262090986424,5.259843595690498,110.0,108.0,218.0,2.0,1
401810113,2025-11-20T00:00Z,2026,PHI,28,10,14,2,2,0,0,112.84600256564654,117.71954414435177,111.3265238481496,109.92589567102102,1.5194787174969204,7.7936484733307605,101.77886792452831,101.23,0.5346526527550464,0.5675523908432394,0.5755229916821797,0.6022070387750988,0.14463441720819467,0.1305748050526494,0.27715647301273394,0.24352651706694547,0.7394200856765027,0.7197751294927102,0.6192693591265022,0.6755807825108329,16.6,22.3,50.6,52.6,113.06167716606028,116.24595741430562,229.3076345803659,-3.1842802482453436,112.0,121.0,233.0,-9.0,0
401810130,2025-11-23T18:00Z,2026,PHI,14,10,16,2,1,0,1,112.29440307506843,114.17516579452487,111.18789720644823,110.0119556359319,1.1065058686202343,4.163210158592967,101.3688679245283,108.37943396226417,0.5331331553665479,0.5457061817450887,0.571966333854195,0.586053980156497,0.14810265521793042,0.12592035830375758,0.28377063078478654,0.2188076763190246,0.7684020328073861,0.675091537306682,0.6184837651701762,0.6960759902635065,17.3,17.7,51.4,57.4,116.57095309567119,114.62858544821634,231.1995385438875,1.9423676474548444,117.0,127.0,244.0,-10.0,0
401809800,2025-11-26T01:00Z,2026,PHI,19,10,18,3,3,0,0,111.30420086535405,119.42176441389434,113.398769742524,112.49627628823669,-2.0945688771699595,6.925488125657651,101.2388679245283,99.43377358490565,0.5252781383597451,0.5497670506113693,0.5646373290651561,0.6036116729760324,0.14827637490384524,0.13409609679355214,0.28313638131332775,0.2720002649209576,0.7612909216962749,0.7615479667140996,0.61412012880654,0.6436180840926169,17.0,19.5,49.8,50.4,112.27658230370696,116.80177896701466,229.07836127072162,-4.525196663307696,103.0,144.0,247.0,-41.0,0
401810159,2025-11-30T23:00Z,2026,PHI,1,10,20,1,1,1,1,110.49219871897678,116.89734256390219,113.98830418056846,113.22684871292054,-3.4961054615916813,3.6704938509816385,100.7888679245283,102.8,0.5270417199462379,0.5972587808914808,0.5685082004352712,0.6205884905635626,0.1467842890113106,0.14674563420640366,0.26467484285178927,0.21532140679937495,0.7538385952279303,0.7413887651957438,0.6246049582448578,0.7452562789080652,17.9,19.3,50.8,52.2,110.45076592954852,113.98893754376863,224.43970347331714,-3.5381716142201043,134.0,142.0,276.0,-8.0,0
401810173,2025-12-03T00:00Z,2026,PHI,27,10,19,3,1,0,1,108.46046228071653,110.67752073846236,113.53979922203048,121.3149645674313,-5.079336941313961,-10.637443828968951,100.98679895901105,102.13754716981131,0.5193631485176665,0.5468224739130934,0.5635451790252597,0.5762762326384593,0.14737820651811373,0.14697093560838864,0.24979112192155672,0.22860004974653153,0.7456753299218077,0.6770947792977544,0.6178613912528437,0.5857951494544299,17.8,15.9,50.2,48.8,116.68245833750271,110.44419153125023,227.12664986875293,6.238266806252483,121.0,102.0,223.0,19.0,1
401810188,2025-12-05T00:00Z,2026,PHI,9,10,22,2,2,0,0,109.55444920770125,112.24941777695808,112.4994978973097,111.62909967501405,-2.945048689608444,0.6203181019440617,101.14679895901106,101.51,0.5227945210666861,0.5345035815232704,0.5627432910304256,0.5735435757021589,0.13836111945701018,0.15643188079203435,0.24579112192155667,0.27276040647135225,0.7379969198043732,0.6937253906274329,0.6132720192721672,0.7010733142706287,18.3,10.2,50.8,41.0,112.06087499741258,113.86723955013954,225.92811454755213,-1.8063645527269614,99.0,98.0,197.0,1.0,1
401810217,2025-12-08T00:30Z,2026,PHI,13,10,22,2,2,0,0,110.13619012593725,122.03420025247642,110.75538838237864,116.25533321247322,-0.61919825644141,5.778867040003176,101.35679895901106,99.95,0.5274901977869868,0.5937980973201028,0.5680956162791342,0.6397692319362365,0.14840833609674703,0.14780851928112326,0.2532742493311927,0.2510854994985375,0.7509630936637606,0.7636545025241346,0.6209643269644749,0.5750416506899176,17.0,14.3,50.4,52.4,113.93538218677415,117.15531729766914,231.0906994844433,-3.219935110894994,108.0,112.0,220.0,-4.0,0
401836752,2025-12-13T00:00Z,2026,PHI,11,10,24,5,4,0,0,109.74360856373337,113.94973207179692,110.96870333780812,111.8893495699469,-1.2250947740747624,2.0603825018500084,101.52679895901106,100.52000000000001,0.5161806739774629,0.5618497075483716,0.5591135108387932,0.5986149207381817,0.14523937834541484,0.14214782920355182,0.26157788439890484,0.1989352539369186,0.751367134067801,0.7111561284018071,0.6126309936311416,0.5880796114528742,16.6,13.6,49.2,43.6,111.95057433681654,113.61012475344945,225.56069909026598,-1.6595504166329107,115.0,105.0,220.0,10.0,1
401810242,2025-12-21T00:00Z,2026,PHI,6,10,28,1,2,1,0,111.05591638833673,114.82921644005435,109.58776760766939,114.43792091325611,1.4681487806673161,0.3912955267982605,101.06793103448277,101.32905660377358,0.5094420987714475,0.5520922131373063,0.5581928823705984,0.5861182028886109,0.13323902489068434,0.12534467480380407,0.2524630909797636,0.2294432759106048,0.7149233596528127,0.7482171847833987,0.6001760897417063,0.5998899132206369,14.8,17.0,45.4,54.4,110.67523799702117,113.5533038653048,224.22854186232598,-2.8780658682836275,121.0,114.0,235.0,7.0,1
401810265,2025-12-24T00:00Z,2026,PHI,17,10,27,3,3,0,0,113.1894329347698,108.91696700921739,107.18859206661821,104.9291256811753,6.000840868151571,3.987841328042079,100.66793103448276,99.96,0.5078519505170239,0.549135546703365,0.5549408584140856,0.5822524497261645,0.12327681259250503,0.17459952104070586,0.2681773766940493,0.24033321573081298,0.7253995501290031,0.775660671895728,0.6020802666458832,0.706813074370785,15.2,14.0,45.6,44.0,109.40168783835152,108.3920280060877,217.79371584443922,1.0096598322638215,106.0,114.0,220.0,-8.0,0
401810362,2026-01-06T01:30Z,2026,PHI,7,10,35,2,2,0,0,114.14491538220511,118.6898403775206,113.0198497175335,120.48565602983817,1.125065664671613,-1.7958156523175894,101.57415094339623,100.91358490566037,0.5202384835375847,0.5688860648393061,0.5674286637777006,0.6092727438331824,0.12718193060679972,0.122153527626602,0.27112589257477215,0.20387475705204605,0.7240976253617054,0.7248859140370272,0.572381565066218,0.6532117636366961,13.4,16.7,46.2,49.0,118.77453291548758,117.29592630408521,236.0704592195728,1.4786066114023697,124.0,125.0,249.0,-1.0,0
401810373,2026-01-08T00:00Z,2026,PHI,27,10,35,2,1,0,1,114.27870520914057,113.70987482190128,114.26522859172262,114.5957988921688,0.013476617417937885,-0.8859240702675197,101.2345283018868,103.41000000000001,0.5239519942583287,0.5392012280471224,0.5669998497486416,0.578509853866592,0.1273165923442655,0.1306051904572331,0.27779255924143886,0.26895337975134287,0.7276270371264114,0.7100304584027649,0.5703939874264663,0.5787037566779545,13.9,16.3,47.6,48.2,117.09478733035176,113.13560444393818,230.23039177428996,3.9591828864135863,131.0,110.0,241.0,21.0,1
401810427,2026-01-15T00:00Z,2026,PHI,5,10,41,2,2,0,0,114.24648129561493,115.18043127263175,110.21763896096277,114.747007461692,4.0288423346521665,0.4334238109397702,100.67905660377359,103.2,0.5472935878512148,0.5704719794655967,0.5881762240008855,0.5995081214510045,0.13692584378303138,0.14352411495820966,0.25807338253713624,0.24625241657480892,0.7352840370021686,0.7423136927918144,0.5464745745757312,0.6797211447359327,13.6,16.5,50.0,53.2,116.71744114061642,114.88486479884088,231.6023059394573,1.8325763417755354,107.0,133.0,240.0,-26.0,0
401810444,2026-01-17T00:00Z,2026,PHI,5,10,42,2,2,0,0,114.12161921597979,115.89868953431012,111.8902933695891,112.75224634330466,2.231325846390695,3.146443191005446,101.27905660377357,103.33000000000001,0.5509362119903958,0.5725833625745318,0.5921950417820229,0.5996187083760475,0.1392927512527685,0.14528749213870434,0.25511370810132417,0.25165939331899495,0.7340437269246491,0.745745065340834,0.5447285428296995,0.6950544780692661,14.4,17.1,48.8,52.4,116.05111900034139,116.51922224174983,232.57034124209122,-0.4681032414084427,115.0,117.0,232.0,-2.0,0
401810464,2026-01-20T00:00Z,2026,PHI,11,10,43,3,2,0,0,115.60625815443339,107.16878673422147,111.12038787301056,111.4035024478338,4.485870281422846,-4.234715713612316,100.9290566037736,103.72,0.5523727272823328,0.5389806977548469,0.5936907373909014,0.5703582477467769,0.1278788446907986,0.14123861645908825,0.25066926365687975,0.1758871411153649,0.731102550454061,0.7914517801800774,0.549844821899467,0.70744022395327,15.7,12.1,49.2,45.4,116.14333336775618,111.68168412546613,227.82501749322233,4.461649242290051,113.0,104.0,217.0,9.0,1
401810468,2026-01-21T00:00Z,2026,PHI,21,10,43,1,1,1,1,114.94394431227593,115.30808124273842,109.80962604096287,107.6198816332022,5.134318271313061,7.688199609536218,100.40490566037735,98.38,0.5502382063978118,0.5507741202845705,0.591542124340375,0.5839781292087336,0.12915046620568682,0.13915018858365497,0.25628150855483894,0.2641210019373587,0.7236701180216285,0.7294608119927812,0.5375198919274781,0.6174644489460943,17.1,17.1,49.6,40.4,107.28764817416244,108.51875534681218,215.80640352097464,-1.2311071726497431,110.0,116.0,226.0,-6.0,0
401810483,2026-01-23T00:00Z,2026,PHI,10,10,41,2,2,0,0,113.63908679909002,107.81183519537811,110.49719627904531,109.66546812664026,3.141890520044736,-1.853632931262144,100.47490566037735,98.35999999999999,0.5375321132078478,0.4883175952934117,0.5806070817085256,0.5186951002507898,0.13568507630130036,0.13541476375850728,0.2804920348706284,0.3351498421253988,0.7069705132785457,0.7620725664606824,0.5429686098761961,0.5485645672328808,17.3,13.6,48.4,49.2,111.00185028047532,108.51863919506332,219.52048947553862,2.483211085412009,128.0,122.0,250.0,6.0,1
401810498,2026-01-24T20:00Z,2026,PHI,18,10,45,1,2,1,0,113.07938530655272,112.12292200366082,110.43548560166296,113.83639415657686,2.643899704889742,-1.7134721529159953,99.78358490566039,97.52000000000001,0.5348791793751386,0.5316225381335993,0.5805410887476667,0.5629816423094189,0.13621607515319473,0.14910327707422333,0.2799151117937053,0.30099149852593693,0.7050474363554686,0.766660292999781,0.5756216711006858,0.6018296103640266,18.4,14.8,49.6,43.4,108.5703946423639,109.77892917856393,218.34932382092782,-1.208534536200034,109.0,112.0,221.0,-3.0,0
401810521,2026-01-28T01:00Z,2026,PHI,15,10,44,2,4,0,0,108.68719854721436,110.28523729795249,111.93969799237098,116.24936363882368,-3.2524994451566074,-5.964126340871209,100.06320754716981,97.96,0.518237701537834,0.5530292543808347,0.56394463518471,0.5817360516669979,0.14408491620608394,0.13972352648820008,0.26891235981572115,0.19483235171617713,0.6759948047765213,0.7826768812764573,0.5667667578979465,0.6761954708310454,18.3,12.8,49.8,42.6,111.3566488467817,110.01423620788026,221.37088505466195,1.3424126389014361,139.0,122.0,261.0,17.0,1
401810535,2026-01-30T00:00Z,2026,PHI,23,10,48,2,2,0,0,112.290802150818,114.68423992192554,115.04280109547408,117.245725226811,-2.751998944656107,-2.56148530488546,100.06320754716981,98.75999999999999,0.5384461434346554,0.5633477534881047,0.57974829377455,0.5974463167881223,0.13807891020007793,0.15742748019820518,0.2618610777644391,0.26963913191096417,0.681672460454177,0.6953372849487761,0.5815224424649518,0.6244923501079443,17.9,12.0,48.2,48.8,114.09297155614739,114.18766788849908,228.28063944464645,-0.09469633235168828,113.0,111.0,224.0,2.0,1
401810554,2026-02-01T00:30Z,2026,PHI,3,10,50,2,1,0,1,114.44576974314657,113.3814571544699,116.89336466583009,115.87777651384022,-2.4475949226835163,-2.496319359370304,98.96867924528303,99.55999999999999,0.5481683656568777,0.5179742425253502,0.590241628316873,0.5602060150478207,0.12853147715375682,0.12738557121774272,0.23935025525361658,0.29895821688866137,0.6771319199136364,0.7212540123764024,0.618795738274833,0.5846401147247763,17.2,14.7,46.6,58.0,114.31457359372358,110.86167888061054,225.17625247433412,3.4528947131130394,124.0,114.0,238.0,10.0,1
401810635,2026-02-12T00:30Z,2026,PHI,18,10,55,2,1,0,1,118.8637981935997,115.79230844647941,117.58622072303612,105.15870617268243,1.277577470563569,10.63360227379699,97.88000000000001,97.25795705920623,0.5549254651708059,0.5554582865348698,0.5988614280055744,0.5834341886806802,0.1254440058921106,0.13047126640202256,0.2443954369924332,0.26461762485099677,0.7058545700678054,0.7795892763056034,0.6110939661684449,0.6597162375371254,14.5,15.7,47.8,46.4,109.28823459330853,110.43694780378247,219.725182397091,-1.148713210473943,89.0,138.0,227.0,-49.0,0
401810649,2026-02-20T00:00Z,2026,PHI,1,10,56,8,8,0,0,116.12397045377195,112.57578924895816,119.26427240108778,113.39121388284737,-3.140301947315849,-0.8154246338892177,98.62,102.8,0.5393410495863902,0.5430006090474192,0.5839070196688131,0.5706875810654096,0.12826550871361342,0.12355433271149618,0.2529248487571391,0.23156706612669592,0.7122756226993843,0.7095090326148575,0.5980403531148317,0.6468836799424313,14.6,18.4,47.6,51.4,115.57237107270467,116.74306304388064,232.31543411658532,-1.1706919711759696,107.0,117.0,224.0,-10.0,0
401810704,2026-02-27T00:00Z,2026,PHI,14,10,59,2,2,0,0,114.87383350780772,114.5791292249241,115.19380963478514,105.34625936315578,-0.31997612697743527,9.232869861768311,101.22,105.60999999999999,0.5287315233256171,0.5288322337172572,0.5785539434043532,0.5650780976820181,0.1333858124824132,0.12628441668847218,0.2528874614842956,0.276980711295905,0.7423658651719796,0.7954103068095499,0.5695448842231364,0.6848578205895277,17.2,18.2,49.8,54.8,113.87030452125344,118.80984236088415,232.6801468821376,-4.939537839630702,124.0,117.0,241.0,7.0,1
401810743,2026-03-04T01:00Z,2026,PHI,24,10,61,2,3,0,0,111.32104062424305,118.61843294047921,116.34978091402562,107.66229263268224,-5.02874028978255,10.956140307796945,102.41,103.97,0.5231718947821176,0.5754434559315972,0.5725592452986559,0.6064383046287404,0.13262982750868504,0.13897508220423954,0.21568939385144534,0.25956519563833025,0.71636600452538,0.7360632160158356,0.5636718683501205,0.7103646216860322,18.7,19.4,48.4,55.4,112.9844507939106,121.23184993823178,234.21630073214237,-8.247399144321179,91.0,131.0,222.0,-40.0,0
401810750,2026-03-05T00:30Z,2026,PHI,26,10,61,1,2,1,0,108.62899021835635,111.56556223900915,116.99377577942309,115.35059229130233,-8.364785561066743,-3.7850300522931897,102.85,104.16000000000001,0.5066242757344986,0.5276994631809444,0.5554879204370404,0.5657599192066979,0.13110210246303408,0.1463976316987326,0.2198325200284698,0.2732853332721773,0.7295615530150461,0.7230069084930828,0.5598334845117368,0.6362268202554974,18.5,21.7,46.4,53.0,112.43758243516177,118.28517140798915,230.72275384315094,-5.847588972827381,106.0,102.0,208.0,4.0,1
401810791,2026-03-10T23:00Z,2026,PHI,29,10,63,1,1,1,1,109.71810171119527,113.53371510462291,114.24699360686472,116.29894219507905,-4.528891895669453,-2.7652270904561513,102.39000000000001,103.75,0.5206679906656964,0.5573258014756113,0.5581429633896196,0.5919278615114869,0.1346070378966938,0.14670520125922432,0.22946187460460626,0.24044395863273285,0.7454899546787418,0.6694991997153804,0.5681226086015327,0.68826113775517,19.4,17.4,52.4,51.6,112.98354706978554,113.86518458743123,226.84873165721677,-0.8816375176456859,139.0,129.0,268.0,10.0,1
401810824,2026-03-14T17:00Z,2026,PHI,17,10,66,2,2,0,0,112.47536953760974,109.0653915470954,115.7524451515903,123.86003921605561,-3.2770756139805455,-14.794647668960229,102.49000000000001,98.58,0.5410517390850706,0.5433023293846692,0.574307346687439,0.5854960076336946,0.13451482936898912,0.17508089690463519,0.24070436764664843,0.23197917559278278,0.7270415469468549,0.7167200679476895,0.571448726927651,0.6853424779600708,19.5,12.5,57.8,48.2,118.79990159524873,113.01030606251183,231.81020765776054,5.789595532736897,104.0,97.0,201.0,7.0,1
401810835,2026-03-15T22:00Z,2026,PHI,22,10,67,1,1,1,1,109.6756869506931,108.62517766651843,114.87364582761911,108.67213516032973,-5.197958876926002,-0.04695749381130128,102.28999999999999,101.52000000000001,0.5268513367717692,0.5294647953682797,0.5651425113737879,0.5607342912905642,0.13768323761104712,0.16983443089340688,0.23850118527210737,0.30527013589685914,0.7206549923250061,0.721596903118191,0.5673434637697563,0.6400213570571791,19.0,13.7,58.4,50.0,107.91606383928533,110.4618908996249,218.37795473891023,-2.545827060339576,109.0,103.0,212.0,6.0,1
401810895,2026-03-23T23:00Z,2026,PHI,25,10,71,1,2,1,0,111.75719201592119,113.38499161468039,113.24415489412017,103.15247095992167,-1.486962878198998,10.2325206547587,102.38000000000002,100.28,0.5261012235584204,0.5397129426641573,0.5660456904410228,0.5781452151141104,0.1428451132151524,0.11419351832008728,0.28333884610499216,0.21295644055141033,0.7207307543662412,0.7599043394993241,0.575400839184416,0.5899017979971082,20.4,13.7,61.0,45.2,105.61746132430947,114.82165707868381,220.4391184029933,-9.20419575437434,103.0,123.0,226.0,-20.0,0
401810908,2026-03-25T23:00Z,2026,PHI,4,10,71,2,1,0,1,111.21402466437821,111.00204355145335,115.09120589726255,114.91670387315949,-3.8771812328843582,-3.9146603217061533,102.61000000000001,104.64679245283018,0.5281926162083237,0.5466106207629405,0.5641138497934999,0.5753755819972756,0.14547382967635616,0.15046551087622523,0.27856034934043267,0.2434076221057558,0.7246948135628586,0.7608037502281063,0.5861325465014892,0.6453521397301886,20.4,15.0,59.0,54.6,117.16782367927937,113.63395206424782,230.80177574352717,3.5338716150315435,157.0,137.0,294.0,20.0,1
401810976,2026-04-03T23:00Z,2026,PHI,16,10,76,2,1,0,1,116.86968166081877,108.92889459949951,114.02870311489926,103.83187093879344,2.8409785459195134,5.097023660706108,103.6,102.33226415094339,0.5482172071193828,0.5308583317379529,0.5830965906454408,0.5665202754877074,0.11818945768155183,0.15598068472834767,0.2503593089298124,0.2531783396417388,0.737615995079386,0.7080051024046325,0.6025894996016875,0.6136031858902321,19.7,18.1,54.2,49.4,113.62392607116668,111.34184504942975,224.96577112059643,2.2820810217369285,115.0,103.0,218.0,12.0,1
401810986,2026-04-04T23:00Z,2026,PHI,8,10,77,1,2,1,0,117.66034152928846,116.17014598445807,114.35696053692746,105.67664846280195,3.303380992360976,10.493497521656106,103.87,100.63150943396226,0.5555342802901146,0.5665641038942899,0.5896887146303162,0.6013274963084553,0.1197525882626385,0.15005817095930846,0.25238360042778807,0.2818756838250319,0.7383383893002322,0.7622523231775564,0.6105484212961676,0.7003766114085728,20.8,15.4,54.0,60.0,110.75642254711401,117.85785312266786,228.61427566978188,-7.101430575553849,93.0,116.0,209.0,-23.0,0
401811046,2026-04-12T22:00Z,2026,PHI,15,10,81,2,1,0,1,113.19386165049468,112.092898162367,114.63530095158796,121.58358240691516,-1.4414393010932847,-9.490684244548163,101.72,98.22999999999999,0.5384722716088761,0.5764326526501501,0.5724194749267638,0.5970812034133606,0.12194979028452033,0.18003756687896671,0.23828879179898466,0.2415917967749288,0.7270908836089925,0.7246410435311872,0.56370100330795,0.6470207531022678,15.8,9.8,49.4,36.8,117.35937484819773,109.93568577612558,227.2950606243233,7.4236890720721505,126.0,106.0,232.0,20.0,1
401809507,2025-11-01T02:00Z,2026,PHX,26,5,4,2,2,0,0,109.62621293543766,120.54500308964593,119.49449671358134,114.88637610966225,-9.868283778143672,5.658626979983702,103.4709433962264,102.11367924528302,0.5286720493543084,0.5504800144685871,0.5639257047260915,0.6053567606204366,0.1695037121153959,0.17587460780810452,0.2994729907773386,0.37904122907276816,0.6947292345210764,0.7305871212121211,0.6392579999768703,0.6987262710545765,13.8,14.75,45.2,52.0,115.39083974276288,123.3710749652579,238.76191470802078,-7.9802352224950255,118.0,96.0,214.0,22.0,1
401810009,2025-11-03T01:00Z,2026,PHX,24,6,5,2,3,0,0,110.63622319783205,117.16456823186141,115.26502177112171,102.79690439829969,-4.628798573289661,14.367663833561727,103.225786163522,98.95169811320756,0.5348823854509347,0.5850966455485104,0.5693450154291765,0.6186347803291502,0.1608609365667515,0.16033599606194943,0.2798638559508125,0.2965949456705759,0.7039410287675637,0.8274388623072835,0.6489940697481671,0.5952352676563203,13.833333333333334,21.2,44.333333333333336,52.0,107.87843199675035,117.48007444568704,225.35850644243737,-9.601642448936687,130.0,118.0,248.0,12.0,1
401810037,2025-11-07T02:00Z,2026,PHX,12,8,7,2,2,0,0,112.15333254528386,113.32451687443542,115.57573421860704,117.10015465489957,-3.42240167332318,-3.7756377804641645,102.75683962264151,98.37142857142855,0.5521650579712167,0.5671784603952393,0.5868422765438167,0.6051198815279196,0.1662140525146903,0.18231920850246452,0.2732844167858044,0.26908539707516893,0.7116399821019885,0.7334697466276413,0.6572618566589514,0.6168655016481104,13.25,13.285714285714286,43.75,48.0,115.27339214506077,115.09577772882858,230.36916987388935,0.17761441623218843,115.0,102.0,217.0,13.0,1
401810059,2025-11-11T02:00Z,2026,PHX,3,10,9,2,2,0,0,113.9676661146221,108.22065333127762,114.17152482238899,120.60146708369737,-0.20385870776687956,-12.38081375241977,101.1154716981132,99.61761006289309,0.5544546760260043,0.5046003082949869,0.5885628803274379,0.543776725404375,0.16466522373899586,0.14460447840298604,0.289103723904834,0.274929558691948,0.7271061033286496,0.7078100881100129,0.6666631438637465,0.5873964949061848,13.7,15.444444444444445,42.0,49.111111111111114,117.7144624822666,111.60366820082058,229.3181306830872,6.110794281446019,121.0,98.0,219.0,23.0,1
401810081,2025-11-14T02:00Z,2026,PHX,11,10,11,1,2,1,0,116.12084126333052,102.53610608497084,110.73162602951189,114.92631121000309,5.389215233818629,-12.390205125032226,101.17547169811321,104.28,0.567686794784439,0.4593340733426441,0.6036585191410148,0.5022390161559378,0.16071990487823007,0.1334287675927218,0.27454471769365385,0.28567051093151796,0.7290224796352698,0.7425595489781537,0.698203390403993,0.6322959534737106,14.5,13.8,40.6,46.6,115.114511612593,109.54255624891975,224.65706786151276,5.571955363673254,133.0,98.0,231.0,35.0,1
401810094,2025-11-17T01:00Z,2026,PHX,1,10,13,3,3,0,0,119.4048945473838,115.71306640703001,108.28815691937612,107.89041993836415,11.11673762800769,7.822646468665856,100.26547169811322,103.11000000000001,0.5801400033405886,0.5729618236382759,0.6154819558199429,0.6070495453841673,0.15316106398605583,0.14249425548917513,0.2758434189923551,0.2248578561385964,0.7260991481405097,0.7189836394605578,0.6738210058712325,0.7211576534167778,15.0,21.3,42.6,54.0,115.56572949577495,113.89088613740563,229.45661563318058,1.6748433583693156,122.0,124.0,246.0,-2.0,0
401809795,2025-11-22T02:00Z,2026,PHX,16,10,15,3,2,0,0,120.41517894551927,120.4594412682878,107.47677372068733,108.95173464023375,12.938405224831953,11.507706628054068,100.6,102.79,0.5799867549407188,0.5832488775088,0.6159076427520924,0.6181211025993072,0.15399387701427014,0.14096654758622837,0.3006649106855329,0.2626482819042429,0.7389425087914379,0.7154726827838873,0.6306231738929129,0.6441219408510535,14.8,16.8,45.2,55.4,116.62734138551578,115.89986691651913,232.52720830203492,0.7274744689966468,114.0,113.0,227.0,1.0,1
401810136,2025-11-24T01:00Z,2026,PHX,24,10,15,2,3,0,0,119.56083720882461,117.2866821483511,108.68530976668467,113.87318855840672,10.875527442139928,3.4134935899443883,101.03999999999999,102.22999999999999,0.5801834718041023,0.5749913027285125,0.617057001215994,0.6124224335145613,0.1685449606056014,0.15339827963301314,0.3219567767142411,0.2556105117323629,0.732124326973256,0.7530750922234832,0.6249582961350117,0.6590014943171743,15.2,15.5,46.0,51.8,118.62533604426277,114.83331699142329,233.45865303568604,3.7920190528394784,111.0,102.0,213.0,9.0,1
401810145,2025-11-25T02:30Z,2026,PHX,10,10,14,1,3,1,0,118.50413617789677,120.61478193163018,107.85461983805658,110.28485273083338,10.649516339840165,10.329929200796794,100.34,99.33377358490566,0.5614766989997176,0.5519901047016816,0.5971046200406472,0.5857788746608752,0.15549975838514146,0.15384067579914615,0.3286943653667234,0.3909658863545418,0.7336895443645604,0.7369594482787761,0.6138359503311696,0.5664022333950396,15.2,14.1,46.6,53.0,110.78166486744709,114.04836900009819,224.8300338675453,-3.2667041326510997,92.0,114.0,206.0,-22.0,0
401810154,2025-11-30T02:00Z,2026,PHX,7,10,18,1,1,1,1,115.27140493614169,123.44888015373506,107.47298869152208,116.88542464647219,7.7984162446196255,6.5634555072628515,101.91999999999999,100.50999999999999,0.5552301204734769,0.5842031890293112,0.5896327980919874,0.6243177744430402,0.16398130512509096,0.14209745370955926,0.31748145467052996,0.3063165147900833,0.7349751146803731,0.7289554439723687,0.5509584822707746,0.6297921100638492,13.9,14.3,48.0,51.4,113.96410450509067,113.35787123258758,227.32197573767826,0.6062332725030899,112.0,130.0,242.0,-18.0,0
401839699,2025-12-15T01:00Z,2026,PHX,13,10,24,4,4,0,0,107.90947431399817,121.01479950060366,114.86565112416713,119.97609743930225,-6.956176810168967,1.0387020613014166,100.25,100.27000000000001,0.5223559311798703,0.5921755987909105,0.550826994682253,0.6320050595736633,0.15071066761799906,0.13335668579814,0.2698479264329216,0.22768186630207113,0.7571910974689288,0.7667523475674308,0.5656908463062745,0.5746452786945965,13.9,14.1,47.0,51.4,114.23903711992953,118.24686989819762,232.48590701812714,-4.007832778268082,114.0,116.0,230.0,-2.0,0
401810233,2025-12-19T02:00Z,2026,PHX,9,10,27,4,4,0,0,108.30629971082358,113.81149199920658,115.55139325727771,110.84399555167765,-7.2450935464541235,2.9674964475289634,99.87000000000002,100.35,0.522273124796251,0.5434139706500882,0.5513238019045364,0.5765718153296311,0.14388805553222908,0.1407582680951232,0.25537424222239535,0.2673514199787655,0.7419504557576988,0.6898036513566256,0.5740882822037106,0.7027774392125676,13.9,10.4,46.6,43.8,109.695680293645,114.80759221513321,224.5032725087782,-5.111911921488215,99.0,98.0,197.0,1.0,1
401810273,2025-12-24T02:00Z,2026,PHX,13,10,27,3,3,0,0,108.39185803850312,118.37257483958096,114.49009410138513,121.19061814885046,-6.098236062881963,-2.818043309269528,100.91000000000001,99.24999999999999,0.5224880966800374,0.5600436062932339,0.5554422572734109,0.6033629457873703,0.14447153049319267,0.13291283454837993,0.24649823722776648,0.2551950033398319,0.7346418414124714,0.752610173951573,0.585503933735641,0.5591154878308826,15.8,11.9,47.8,48.0,114.88307108415171,116.52447953805942,231.40755062221115,-1.6414084539077152,132.0,108.0,240.0,24.0,1
401810338,2026-01-03T02:00Z,2026,PHX,23,10,34,3,1,0,1,112.14528234529173,106.35855182448003,112.90549362250115,119.62186277267885,-0.7602112772094163,-13.263310948198841,100.51,100.73132075471698,0.5273852815590643,0.5078554654755261,0.5621258543976432,0.5484583230965996,0.1504770115629352,0.14605937087481466,0.2999832094266228,0.26687878905865636,0.69392531644409,0.7245144887063215,0.6187877907999859,0.6099311722105838,15.5,12.5,45.6,46.4,116.60281597772638,107.00309129194899,223.60590726967536,9.599724685777389,129.0,102.0,231.0,27.0,1
401810354,2026-01-05T01:00Z,2026,PHX,25,10,35,2,2,0,0,113.01066696067633,115.59987432745295,111.49523721224473,106.77720607141514,1.5154297484316097,8.822668256037828,101.55000000000001,103.13,0.5360825995667271,0.5479888525651522,0.5724115868520172,0.5866859829604287,0.1524000884860121,0.12409484846002072,0.2901959753840696,0.23528045890660704,0.6963062688250423,0.7400360450792383,0.6023119321638484,0.5553499793106802,16.8,16.8,47.2,55.0,112.46545463052121,116.20456857486332,228.67002320538452,-3.739113944342108,108.0,105.0,213.0,3.0,1
401810393,2026-01-10T02:00Z,2026,PHX,18,10,38,2,2,0,0,116.3584866930667,116.36217116315478,108.13958891334963,120.13781893022342,8.218897779717102,-3.775647767068628,100.22,101.67,0.5503415280666791,0.5450301808867538,0.5806065172177794,0.5842659297652244,0.14565150440552943,0.13901130324084696,0.31184585241567386,0.2623993185762776,0.7202470339422781,0.7387498865949826,0.595357932709849,0.6287929537117944,17.1,17.2,45.2,44.2,119.3655978557151,113.31165085461369,232.6772487103288,6.053947001101406,112.0,107.0,219.0,5.0,1
401810410,2026-01-12T01:00Z,2026,PHX,27,10,37,2,2,0,0,117.1556535963027,110.7848760584134,108.11552233803351,115.36183279558301,9.040131258269176,-4.576956737169605,99.19000000000001,103.88000000000002,0.5499137205800482,0.538887748423298,0.5806321171435055,0.578716039732698,0.14286387810721451,0.15209079348919524,0.31082486546161825,0.26191173718338445,0.7243595880548322,0.7381810730975703,0.601122343737418,0.5953063280059092,16.5,15.8,44.6,48.8,118.0433149040006,111.13025975591621,229.17357465991682,6.913055148084382,112.0,93.0,205.0,19.0,1
401810510,2026-01-26T01:00Z,2026,PHX,14,10,46,2,1,0,1,112.86089389308509,110.69079281776946,108.21608342312311,116.0134243474374,4.64481046996196,-5.322631529667939,99.01,105.68000000000002,0.5369652019589232,0.5132786200624474,0.5697682658756051,0.5482286214247737,0.1446496407634324,0.13532170538347807,0.2679604668203019,0.26952397726872507,0.700660445692415,0.7464213515952646,0.6301685305787472,0.6867689315722166,17.5,16.4,40.8,50.0,117.1207105016314,108.65951760703966,225.78022810867105,8.461192894591733,102.0,111.0,213.0,-9.0,0
401810524,2026-01-28T02:00Z,2026,PHX,17,10,44,2,2,0,0,112.96570665984777,105.55326273024318,108.91161127157037,121.705563536504,4.0540953882773865,-16.15230080626081,99.39999999999999,95.87172413793101,0.5274652019589232,0.5001425115748974,0.5635388062767039,0.5345662121438155,0.1421065907855093,0.13402975149095306,0.27842717924308846,0.23541634587331103,0.7007890906323806,0.7603374378704535,0.6058442062544229,0.6757186903780872,16.4,11.8,41.8,41.6,114.56165884219969,104.69731428339567,219.25897312559536,9.86434455880402,106.0,102.0,208.0,4.0,1
401810540,2026-01-30T02:00Z,2026,PHX,8,10,45,2,2,0,0,113.09393838413988,111.93774646048496,110.46630000598881,100.91756474467742,2.627638378151057,11.020181715807553,98.34,99.92999999999999,0.5288241522869457,0.5422949414600075,0.5671129943912822,0.5712388463465242,0.14087156772422144,0.15560468361727436,0.2768153159290975,0.28288221978510647,0.6949067376912043,0.7485684781243308,0.5881181080632085,0.6313303378003218,15.9,17.2,44.6,53.4,106.08015181337652,110.24012573226938,216.3202775456459,-4.1599739188928595,114.0,96.0,210.0,18.0,1
401810548,2026-01-31T02:00Z,2026,PHX,5,10,49,1,2,1,0,113.0286398766772,118.03320483528532,109.05905053903784,110.89555687288491,3.9695893376393294,7.137647962400433,98.56,101.03,0.5316685305445779,0.5685147678748199,0.5703585620512398,0.6012335147743936,0.14791892024732017,0.14816645574834347,0.28409021157608616,0.27315345965784227,0.7112703740548405,0.7549223429209082,0.5870512517331943,0.6681598369043901,16.9,14.5,44.4,51.0,108.38059879091936,113.31335812540289,221.69395691632224,-4.932759334483521,126.0,113.0,239.0,13.0,1
401810564,2026-02-02T01:00Z,2026,PHX,12,10,47,2,2,0,0,114.10228964303296,115.38831141530329,110.73842782579507,110.20957850100706,3.3638618172379013,5.178732914296238,98.8,97.65584905660378,0.5470864872009247,0.552457240432671,0.5839792537744706,0.6010789129423235,0.15321564071719815,0.1448127462150805,0.28024405772993227,0.2360244042610339,0.7042703740548405,0.7472444009486883,0.5759401406220832,0.5862531331565053,18.2,14.3,43.6,48.2,110.16844627427584,111.05980138002805,221.22824765430389,-0.8913551057522113,93.0,117.0,210.0,-24.0,0
401810594,2026-02-06T03:00Z,2026,PHX,9,10,51,2,2,0,0,114.78692279680163,114.46898377424179,112.50650987194722,112.63693360319273,2.280412924854395,1.832050171049088,97.92,104.09,0.5513411191134352,0.5805473879992362,0.5846223497388061,0.6031445443279487,0.14310896716838373,0.15074958159676255,0.2814159624419271,0.21560986359418374,0.6802820797404593,0.7007413550426379,0.587348742772621,0.701792627596708,17.0,15.7,43.0,46.2,114.85473307840714,114.6282986786666,229.48303175707372,0.22643439974054047,97.0,101.0,198.0,-4.0,0
401810609,2026-02-08T02:00Z,2026,PHX,20,10,51,2,2,0,0,114.19062824721462,118.4029792032035,113.10964458843429,116.10998565635752,1.0809836587803034,2.292993546845969,97.6,98.25867924528302,0.556828923991484,0.5555774491591436,0.5854688130274189,0.5939696866394815,0.14356977841217805,0.12506210593475264,0.2671612198945017,0.2581774882744845,0.6943533742995587,0.712373576778628,0.5805375972617849,0.6340945996202061,16.3,15.7,43.4,51.0,112.76593517132875,113.35939181110066,226.1253269824294,-0.5934566397719152,103.0,109.0,212.0,-6.0,0
401810628,2026-02-11T02:00Z,2026,PHX,6,10,52,3,4,0,0,111.11913773973012,111.8308920271717,111.64891530767491,113.41631396630589,-0.5297775679447787,-1.5854219391341908,98.07000000000001,104.24000000000001,0.5330845960302886,0.527216069967622,0.5664453263545494,0.5600091395667539,0.14391433847059354,0.11872516179818042,0.2656906316592076,0.239174419221942,0.6861482460944305,0.7537908194699308,0.5812951730193607,0.5907019294637473,15.0,20.1,43.0,53.8,113.56441808662036,113.03049955478204,226.5949176414024,0.5339185318383244,120.0,111.0,231.0,9.0,1
401810640,2026-02-12T02:00Z,2026,PHX,25,10,54,1,2,1,0,111.91859095960103,114.59033884241686,112.13345202897335,109.34280910284232,-0.21486106937230803,5.247529739574527,97.69000000000001,98.83,0.5367930359279868,0.5446554388230133,0.5655307853777207,0.5850906787581234,0.136852070091447,0.13242168123535988,0.2676973206224183,0.23343001503498684,0.70563542558161,0.7362912882681447,0.5841012954683402,0.6137479280379977,14.4,11.8,44.0,43.0,105.44455407515807,111.389398455114,216.8339525302721,-5.9448443799559385,109.0,136.0,245.0,-27.0,0
401810666,2026-02-21T22:00Z,2026,PHX,19,10,54,1,1,1,1,112.31672072191967,112.63116768245607,116.49281016750233,109.9161160883267,-4.176089445582659,2.71505159412935,97.15,102.19000000000001,0.5440414831329557,0.5453753491743915,0.5671606773355882,0.5868889060701579,0.13854663599892214,0.12039719578896704,0.27867588266104704,0.17816983315065155,0.7109280990892786,0.7688471217640743,0.6059959731769714,0.6795017787510046,13.0,16.8,41.8,41.8,107.42724219765469,110.75841633068099,218.1856585283357,-3.3311741330262947,113.0,110.0,223.0,3.0,1
401810681,2026-02-23T01:00Z,2026,PHX,22,10,57,2,2,0,0,110.74216803028764,113.41829256508231,115.08994373649493,120.43939761693673,-4.347775706207266,-7.0211050518544225,97.33862068965519,104.51000000000002,0.5259762150676878,0.5519268141710976,0.549681997345149,0.5768147427834218,0.13011017742443365,0.18929370063020745,0.28221900620417056,0.34177178661996904,0.7273542922080354,0.7352046610288123,0.604833182479297,0.6219840349730001,12.2,13.7,39.2,48.2,116.65920038691804,115.31018078424792,231.96938117116596,1.3490196026701256,77.0,92.0,169.0,-15.0,0
401810694,2026-02-25T02:00Z,2026,PHX,2,10,56,2,3,0,0,106.93844685628346,115.4394031319428,114.73354960651591,104.80689898560392,-7.795102750232424,10.632504146338864,97.27862068965518,94.6,0.510778895633585,0.5360067181253412,0.5314931396221266,0.560214961820792,0.1365108587661527,0.13191024069912843,0.2816734524671275,0.3112805631177358,0.7156469751348647,0.7707753885356633,0.596986626245644,0.6106042422158277,11.2,7.9,39.0,46.4,101.57351224398842,110.41317172880161,211.98668397279005,-8.839659484813197,81.0,97.0,178.0,-16.0,0
401810710,2026-02-27T02:00Z,2026,PHX,13,10,57,2,2,0,0,104.56997884233326,111.28438114448655,115.46157179637666,113.64897718918401,-10.891592954043386,-2.3645960446974645,95.18862068965517,100.02000000000001,0.48861210486664525,0.5626225112947667,0.5114974139133321,0.594919710356481,0.12518239727344835,0.14533186070306192,0.27542345246712746,0.19740860391365106,0.700838464496567,0.7562054517788561,0.5901667028739964,0.6257655222936922,8.5,14.2,37.6,52.2,106.4955535381225,110.65691180136842,217.1524653394909,-4.16135826324593,113.0,110.0,223.0,3.0,1
401810760,2026-03-06T02:00Z,2026,PHX,4,10,62,2,2,0,0,106.04892077234577,104.10424659704191,113.53535764665449,113.8346437386223,-7.486436874308721,-9.730397141580385,94.38862068965516,104.60999999999999,0.49780699819151586,0.5334724463578676,0.5206262975574882,0.5674362552968504,0.14156780569433453,0.18227044872620615,0.2939751099072662,0.2158341132630477,0.7234773533854557,0.7274559821820783,0.5992342911996492,0.6521954634923092,11.1,15.1,37.2,43.4,109.39131512501862,108.27495262984499,217.6662677548636,1.1163624951736324,103.0,105.0,208.0,-2.0,0
401810767,2026-03-07T02:00Z,2026,PHX,3,10,64,1,1,1,1,105.34304588462165,113.71167726853601,112.5798227319951,112.31242962611664,-7.236776847373447,1.399247642419372,95.60862068965517,104.08,0.48790508938981925,0.5474114425195078,0.5129012196174776,0.5863216336860806,0.1429101933062959,0.1508954873746343,0.30679194395795967,0.27026880966572386,0.7269373647297552,0.7134289448297895,0.6080062210242108,0.6328395350150199,11.2,22.3,38.4,59.8,105.39855509895409,109.58050595908047,214.97906105803457,-4.181950860126378,118.0,116.0,234.0,2.0,1
401810783,2026-03-09T02:00Z,2026,PHX,30,10,64,2,2,0,0,106.58142485690021,121.94154212985129,112.99036194768136,108.41508431748609,-6.408937090781156,13.526457812365209,95.86862068965516,96.97,0.4970751027767001,0.5656066267929946,0.5177731172713937,0.5990202986032526,0.14353984171738446,0.1449978026990729,0.31984789804691227,0.32683723512803775,0.7170472548396454,0.7764184565820936,0.6088395543575441,0.665575291206078,11.8,12.9,38.4,36.6,103.6490757056986,113.25986084576442,216.90893655146303,-9.610785140065815,111.0,99.0,210.0,12.0,1
401810886,2026-03-22T02:00Z,2026,PHX,15,10,69,2,2,0,0,115.36223097202158,108.50595029028705,112.68264011419174,123.21695790994276,2.679590857829835,-14.711007619655714,97.99,97.86,0.5443076895580059,0.5598104626169131,0.577588430236238,0.5801017948937977,0.13217175501202766,0.15308292878410545,0.27558597165100995,0.18982614142558205,0.731296458242763,0.7188605012024912,0.6505670794200542,0.6441487045115195,15.0,11.1,37.4,37.0,116.81433535633178,108.29946357679292,225.1137989331247,8.514871779538865,105.0,108.0,213.0,-3.0,0
401810891,2026-03-23T01:00Z,2026,PHX,28,10,69,1,2,1,0,114.92302882395866,117.90187254391458,113.67100477344245,115.09372158302668,1.252024050516193,2.8081509608879283,97.57000000000001,98.55,0.5417002152052945,0.561675458047028,0.5744588671976657,0.5997348900775037,0.12352835902685955,0.1257890707968376,0.26167292817274906,0.2343783625658642,0.7348503798113906,0.7493815133193561,0.6442575556105303,0.6299543166791,12.8,16.2,37.0,53.0,109.39389634280857,113.54018174870016,222.93407809150875,-4.1462854058915894,120.0,98.0,218.0,22.0,1
401810905,2026-03-25T03:00Z,2026,PHX,7,10,72,2,3,0,0,117.1354083964751,120.03033521428647,113.42838659279671,115.28115625090109,3.7070218036783897,4.749178963385393,97.11999999999999,101.64301886792452,0.5573023158403704,0.5851996963936198,0.589122261544132,0.623495306957711,0.12831523185180974,0.12714693746865913,0.27205978561843003,0.2000233844408183,0.7363361679250857,0.7725737999351507,0.6297648019873419,0.7193891204024093,12.9,17.7,36.6,51.0,115.4895450605616,116.00740081855704,231.49694587911864,-0.5178557579954486,123.0,125.0,248.0,-2.0,0
401810936,2026-03-29T02:00Z,2026,PHX,26,10,74,4,1,0,1,117.92719885711492,113.24764178185958,114.63048568969688,121.24128452675203,3.2967131674180488,-7.9936427448924245,96.9,104.65,0.5551175468016687,0.5466348005486713,0.5893754544717493,0.5843452170334846,0.11621428330240854,0.1498681347307125,0.25721355019955416,0.2575540552785135,0.7433202949092126,0.7015705888121009,0.6238032635258035,0.6782551454272577,12.3,23.9,36.8,53.4,120.51101956504597,111.37742873533861,231.8884483003846,9.133590829707359,134.0,109.0,243.0,25.0,1
401811012,2026-04-08T03:00Z,2026,PHX,10,10,78,3,2,0,0,114.78173598940202,122.39580376541933,110.77198077984346,110.82744029596286,4.009755209558555,11.568363469456461,100.73,98.32226415094338,0.538154338338312,0.5822484021704268,0.564074841029643,0.6134933852781649,0.12708504347095878,0.13564115210930902,0.2936889409706623,0.2975485358307986,0.7384658746676516,0.7522448678156225,0.6163521652480463,0.6944660249442289,11.7,16.3,45.2,53.0,112.270043382078,116.03143860198477,228.30148198406278,-3.761395219906774,105.0,119.0,224.0,-14.0,0
401811019,2026-04-09T02:00Z,2026,PHX,6,10,79,1,1,1,1,114.9222622974061,110.22511240580698,111.11624558071522,119.56264214664438,3.8060167166908805,-9.337529740837425,100.69000000000001,104.4279245283019,0.5406423108469032,0.5122160860315352,0.5724972975425879,0.5592995665086382,0.13211539222274002,0.12312534420890386,0.28474585153976795,0.2236482075832246,0.7279395588781779,0.7583811363140065,0.5956595976804787,0.605412632221064,12.7,17.6,45.2,52.4,116.6353630619935,110.09761890899294,226.73298197098643,6.53774415300056,112.0,107.0,219.0,5.0,1
401809508,2025-11-01T02:00Z,2026,POR,7,5,4,2,2,0,0,113.9029495782934,124.24498723590301,109.4399673659947,108.51972683606952,4.462982212298682,15.725260399833491,108.35999999999999,100.71933962264151,0.5276078947229068,0.5985577105642895,0.5792305039726099,0.6430424430936068,0.16230740676580271,0.13820282574804518,0.2889606633967536,0.27779654654654656,0.7120280244277097,0.7787369670269064,0.650019106008114,0.6758634191796031,20.8,19.0,52.4,59.0,116.25996575453868,122.14673996977933,238.40670572431802,-5.886774215240649,109.0,107.0,216.0,2.0,1
401810018,2025-11-04T03:00Z,2026,POR,13,6,7,3,1,0,1,113.01341415720997,116.90214197676096,108.96225700154274,114.27663087000144,4.0511571556672274,2.625511106759519,107.03333333333332,102.35714285714286,0.519343575272752,0.5861568077502545,0.5694976421993971,0.6283897584814051,0.15683651759036016,0.16689351232521535,0.2920826041126793,0.22952591608640355,0.7149783086447131,0.7263835133476125,0.6557176760593931,0.6322148090005234,19.666666666666668,13.142857142857142,52.0,55.714285714285715,118.98092690400642,114.68759608711608,233.6685229911225,4.293330816890347,115.0,123.0,238.0,-8.0,0
401810035,2025-11-06T03:00Z,2026,POR,25,7,8,2,1,0,1,113.26442057501372,117.80820042395712,110.93257614674577,104.59790554779698,2.3318444282679462,13.210294876160138,106.05714285714285,99.22629310344827,0.5233028964522749,0.5521755755837909,0.5717893668662857,0.5944083422091204,0.16009426058643358,0.1166555395856012,0.3026213261732373,0.23540999253157655,0.7188293336770352,0.7575211513700212,0.6402750148536295,0.5770805153470591,19.714285714285715,15.625,53.714285714285715,52.25,111.8088171821436,113.86997945491487,225.67879663705847,-2.06116227277127,121.0,119.0,240.0,2.0,1
401810109,2025-11-19T04:00Z,2026,POR,21,10,14,2,2,0,0,115.99140596840633,119.35968914533825,117.61417277883181,108.08388922580464,-1.622766810425512,11.275799919533618,104.20075471698112,100.36,0.5355964776901663,0.5818614583104389,0.5776854282861231,0.61737735347837,0.15278531727503478,0.1572000317173266,0.32733719913978016,0.28153447590292424,0.6950557686061831,0.7518750102094753,0.5825557194492774,0.6405349538617762,14.9,13.1,54.6,43.8,114.59252874589532,121.18888010851477,235.78140885441007,-6.596351362619444,110.0,127.0,237.0,-17.0,0
401810118,2025-11-20T03:00Z,2026,POR,4,10,13,1,2,1,0,114.96684627225989,117.02701969080208,119.4399300473935,119.23095292724415,-4.47308377513362,-2.203933236442042,104.12075471698115,102.96310344827586,0.5316229014715694,0.5625493869124576,0.574013371106208,0.5997221231959006,0.1538362343776124,0.1377856934234131,0.32344540986593107,0.24537519203293434,0.6844967623950031,0.7685818321679713,0.5886347468049005,0.67481456022328,14.9,19.4,54.2,55.2,117.60906579271018,122.42122070088864,240.03028649359882,-4.8121549081784565,121.0,122.0,243.0,-1.0,0
401809809,2025-11-27T03:00Z,2026,POR,24,10,16,2,3,0,0,114.01728358271001,116.45599221972302,119.45083616370064,112.81648752747887,-5.433552580990663,3.63950469224415,103.04075471698113,101.53,0.5225435491620379,0.5720228426171953,0.5616512907737329,0.6133123312760902,0.15880723759036536,0.15952437003745407,0.3527929285626544,0.2540452943410585,0.7163391609369666,0.746337503571001,0.5796530825769042,0.6654598276505076,12.0,14.2,52.8,49.2,116.00888937827573,120.64909481321581,236.65798419149155,-4.640205434940086,102.0,115.0,217.0,-13.0,0
401810160,2025-11-30T23:00Z,2026,POR,25,10,20,3,1,0,1,112.55735326912114,118.93948757325674,118.82365846335222,101.0231756752221,-6.266305194231082,17.916311898034643,101.81075471698114,101.77,0.5188685517983345,0.5795273633362361,0.5575629261999925,0.620828324289021,0.15894661041266497,0.12969674936297804,0.3386862332529515,0.20978351320878263,0.706156790116298,0.7424354634805799,0.5772261658642733,0.6184364852353909,10.3,12.5,50.6,51.4,108.70221318835358,117.37970173149039,226.08191491984397,-8.677488543136803,115.0,123.0,238.0,-8.0,0
401836802,2025-12-15T02:00Z,2026,POR,9,10,26,3,2,0,0,109.33378314789141,110.65364709815556,116.32834710051436,108.53886872235803,-6.994563952622935,2.1147783757975405,103.17,100.23,0.5126600025788118,0.5216777335055027,0.5608953612153703,0.5553722505221348,0.16968222842174313,0.14565574202962014,0.2919168461891681,0.2823219834775039,0.7264823172583013,0.6911194408303099,0.6268492752567358,0.6960929472339581,12.5,9.7,43.4,44.0,110.78824347602186,115.42034405002367,226.20858752604553,-4.632100574001811,136.0,131.0,267.0,5.0,1
401810235,2025-12-19T03:00Z,2026,POR,23,10,26,4,4,0,0,109.34732302933398,107.90909682275955,116.274744008228,116.2805619768963,-6.927420978894014,-8.371465154136736,103.87,101.4611320754717,0.5176395735696188,0.5188136121277772,0.5655131477337749,0.5502601303830053,0.16552567029670137,0.12620899023406723,0.2705053629355796,0.2223176138488717,0.72947012213635,0.6959426572892737,0.6197064181138787,0.582257798876995,13.4,16.1,43.0,51.0,115.82107264030904,115.07980457713509,230.90087721744413,0.7412680631739477,134.0,133.0,267.0,1.0,1
401810263,2025-12-23T03:00Z,2026,POR,8,10,28,2,2,0,0,109.09507115114602,112.79705641888972,113.94008563736057,105.8020456334772,-4.84501448621455,6.995010785412549,104.92245283018867,103.7567924528302,0.5220536563156365,0.527771786333731,0.567383201144557,0.5673033499971576,0.16970593093858968,0.16201070579077362,0.271635897422301,0.3317051868494776,0.7146395312467091,0.7496212115760169,0.6127516362011136,0.5873827104193587,13.4,17.5,46.2,57.4,112.11142036027987,118.28833920481738,230.39975956509724,-6.176918844537511,102.0,110.0,212.0,-8.0,0
401810275,2025-12-24T03:00Z,2026,POR,19,10,29,1,1,1,1,109.3540618491611,108.80741497668762,113.73158445324961,112.36881074578778,-4.377522604088521,-3.561395769100175,104.66245283018868,102.88603773584904,0.5236768312146736,0.5082460589613255,0.5713709209266888,0.5441054905993712,0.17116397434785263,0.13108780791974256,0.27286038721821937,0.2539883844063175,0.7072165620590338,0.7644928515595654,0.6196312430807205,0.6041922611621041,13.3,17.3,45.6,56.8,111.59425026279025,112.00501105261752,223.59926131540777,-0.4107607898272647,106.0,110.0,216.0,-4.0,0
401810286,2025-12-27T03:00Z,2026,POR,12,10,29,3,3,0,0,109.09510724238041,111.95820473654274,113.11688657957257,113.10627057534639,-4.021779337192136,-1.148065838803623,104.07245283018867,98.57000000000001,0.5276610750478132,0.5486582720199815,0.5723335185889151,0.5934968233342788,0.17494847718717588,0.16450677385078,0.27699144134927345,0.23552342429331413,0.7026711075135794,0.7611440934213145,0.6128716611991873,0.6159922672439773,14.6,13.6,47.8,45.6,112.56858055807908,114.02442143819076,226.59300199626983,-1.4558408801116798,103.0,119.0,222.0,-16.0,0
401810299,2025-12-28T23:00Z,2026,POR,2,10,30,1,1,1,1,109.12850610109369,123.42367617232631,114.62810541525653,111.96982821933548,-5.499599314162827,11.45384795299085,102.72245283018867,97.67999999999999,0.5242273401080542,0.591858869668503,0.5689853047134206,0.6217461590892351,0.17709554667588706,0.13092091267469322,0.28727018699387274,0.28960319135628737,0.7159064016312264,0.7521052570438308,0.6206629891124665,0.5306700379684816,14.7,15.3,46.4,44.6,107.4484726476215,115.68744025706377,223.13591290468526,-8.23896760944227,114.0,108.0,222.0,6.0,1
401810312,2025-12-30T03:30Z,2026,POR,6,10,33,2,3,0,0,108.07573871624015,113.3431793347027,114.18257150565346,116.49797052235597,-6.106832789413334,-3.154791187653283,102.96245283018871,102.44905660377358,0.5297660050122182,0.5552981215181189,0.5672962189336894,0.5877868829250514,0.18356066228820947,0.14221419859281528,0.2989475744258372,0.231377929233836,0.7078644435892684,0.724806770669007,0.6095947780442554,0.5646922214132657,13.6,18.4,46.2,62.8,115.32506148470948,116.84101978803294,232.16608127274242,-1.5159583033234583,125.0,122.0,247.0,3.0,1
401810364,2026-01-06T03:00Z,2026,POR,26,10,34,2,2,0,0,109.44061650114051,117.616764595515,111.78031692676743,123.09034454121675,-2.339700425626921,-5.473579945701763,100.83245283018869,102.68830188679246,0.5292339284528071,0.5628312576958857,0.5589215679188289,0.604596069165728,0.16862717553879086,0.13902166206910965,0.31571208373833415,0.22831110795857565,0.7343722621456487,0.7187860509332693,0.601553476752377,0.718413915101096,10.7,14.4,44.8,51.4,118.31219171601373,116.71766790321941,235.02985961923315,1.5945238127943213,137.0,117.0,254.0,20.0,1
401810382,2026-01-08T03:00Z,2026,POR,10,10,33,2,2,0,0,111.64493742398504,118.3588762718038,112.08174515467427,112.3939535165835,-0.4368077306892218,5.964922755220289,100.26,96.2511320754717,0.5372827853272198,0.5636779306742107,0.5689092129479174,0.5894781250505795,0.16465611264866994,0.16083100145644125,0.31362875040500077,0.3645722697454706,0.7322085194555902,0.7781554652326084,0.6056351094054382,0.5749573582409612,12.2,11.5,43.4,52.2,110.06534021916067,113.21036848173102,223.2757087008917,-3.1450282625703494,103.0,102.0,205.0,1.0,1
401810395,2026-01-10T03:00Z,2026,POR,10,10,34,2,2,0,0,112.08275227048253,116.84156025448776,112.91935564797339,110.52129839392838,-0.836603377490856,6.320261860559393,100.32,96.3688679245283,0.5378851949657741,0.5536902029294736,0.5704355774252531,0.5812758246009523,0.15858492169723948,0.15653807216351195,0.3052038419800923,0.36025960128185874,0.7226847099317807,0.7910317194132104,0.6125398713102002,0.5690114122950153,12.2,12.3,43.2,48.8,109.45934680149331,112.97853610539457,222.43788290688786,-3.519189303901257,111.0,105.0,216.0,6.0,1
401810406,2026-01-11T23:00Z,2026,POR,18,10,39,1,1,1,1,113.32765041940544,114.72594236923617,112.74425794965586,119.72633878155963,0.5833924697495729,-5.000396412323438,100.02,100.92999999999999,0.5391226683942587,0.5328494061378298,0.5715423901277887,0.572868536818843,0.15298179535107906,0.14535521889689762,0.3086562229324733,0.28795214412910314,0.7226847099317807,0.7450923813095703,0.6191737779441068,0.6286779450861475,12.6,16.1,43.2,43.0,113.56808289008978,110.84708162864727,224.41516451873707,2.7210012614425096,114.0,123.0,237.0,-9.0,0
401810440,2026-01-16T03:00Z,2026,POR,1,10,42,2,2,0,0,111.89578190502922,112.89018552234938,112.14719600690637,111.25011653498692,-0.2514141018771475,1.6400689873624548,101.53,104.17999999999999,0.5383929514971135,0.5526637677027777,0.5721401322610594,0.5735692920604277,0.15532611262473878,0.11764134079908033,0.2877451271818397,0.2044482967268145,0.7185317020915417,0.7602534310409572,0.6147428836351637,0.7247981269904782,12.5,17.9,42.4,50.6,114.75835692023928,115.73109938595799,230.48945630619727,-0.97274246571871,117.0,101.0,218.0,16.0,1
401810456,2026-01-18T03:00Z,2026,POR,13,10,39,2,2,0,0,112.21849845373163,114.92251206871796,111.49923510363708,115.2896805093869,0.7192633500945412,-0.3671684406689142,101.5,100.21000000000001,0.5337211596579652,0.5625617832874348,0.5695376788344456,0.5982878723710063,0.15053732484808446,0.14683206532298232,0.283188886080748,0.2512097849513863,0.7302488738087135,0.7506881569471678,0.6063264938234252,0.6222934257323579,13.6,15.7,43.6,52.2,114.7266869466266,114.17882655533934,228.90551350196594,0.5478603912872586,132.0,116.0,248.0,16.0,1
401810489,2026-01-23T03:00Z,2026,POR,14,10,44,4,2,0,0,116.2083095965615,109.45337496245702,110.83449551990013,115.23598605721808,5.3738140766613745,-5.782611094761111,100.34,105.45,0.5455645749530877,0.5210498487015743,0.5860361811757631,0.5532408601165024,0.1419863273782554,0.1414009745989204,0.28851815437343103,0.2442966417878231,0.7196611585698354,0.7529829131568262,0.5871406455710807,0.679193594562043,13.5,15.5,46.8,49.0,119.07230400647826,113.33260216641071,232.40490617288896,5.7397018400675535,127.0,110.0,237.0,17.0,1
401810497,2026-01-24T03:00Z,2026,POR,28,10,46,1,2,1,0,115.8150779473718,113.81563260825283,110.15264004474034,111.80651697069761,5.662437902631463,2.009115637555181,101.07,98.27037735849056,0.5527203720545371,0.5278339861974425,0.5904776584884189,0.5649652072229425,0.15183079283325548,0.11817980869570732,0.27828005913533577,0.2721197413557767,0.7329655063959224,0.7413508826278774,0.5754536537011621,0.7261637400150427,14.1,19.4,47.4,54.0,110.03237346783038,111.61479996744241,221.6471734352728,-1.5824264996120263,98.0,110.0,208.0,-12.0,0
401810565,2026-02-02T02:00Z,2026,POR,5,10,50,2,2,0,0,107.61673792107108,114.4887391812014,110.49049807335098,109.73909366653542,-2.8737601522798886,4.749645514665959,102.58,101.35999999999999,0.5243104996671881,0.5547036966063305,0.5570612789556193,0.585838911398834,0.17034010233673036,0.1591538608757992,0.2908969570236898,0.28353183803622056,0.7669770676599945,0.7622752840973788,0.5420315650112162,0.6746244833690365,13.1,14.4,48.2,49.8,110.81887073494119,114.70566411423353,225.5245348491747,-3.8867933792923424,111.0,130.0,241.0,-19.0,0
401810580,2026-02-04T04:00Z,2026,POR,21,10,50,2,2,0,0,106.89768459081684,112.06050594897992,110.68315817957941,110.58599719648275,-3.7854735887625806,1.474508752497171,102.98999999999998,98.1,0.521589411231814,0.5406348742976989,0.5507986918138688,0.5754524655689219,0.1773360200655573,0.14589700366337738,0.30990476081410223,0.26148543704027716,0.7708659565488833,0.6898472971317636,0.5365770195566707,0.5936820761059541,12.2,17.9,48.2,40.0,109.33448392652018,111.97880854902998,221.31329247555016,-2.6443246225097994,125.0,130.0,255.0,-5.0,0
401810600,2026-02-07T03:00Z,2026,POR,29,10,49,3,2,0,0,110.248246300912,113.72101233382678,112.42543466577072,117.17917882356555,-2.1771883648586945,-3.458166489738815,102.44999999999997,102.63000000000002,0.5287295507372041,0.5467974732043841,0.5579224637047179,0.5819470606988408,0.17342355322205597,0.14500262861680155,0.32885212923515483,0.27569759167082775,0.7423241817694335,0.6834610361617381,0.5469789108096258,0.6793265794168486,11.7,15.6,50.4,49.8,116.60204086131964,115.94528337669364,232.5473242380133,0.6567574846259987,135.0,115.0,250.0,20.0,1
401810610,2026-02-08T03:00Z,2026,POR,29,10,50,1,1,1,1,111.9671298419133,113.83096443845973,113.76046982688209,118.52892246054323,-1.7933399849687515,-4.697958022083538,102.47,102.89000000000001,0.5399868606787246,0.5470233768188419,0.5705206731506945,0.5809099811007186,0.17629679329222822,0.144603500558099,0.32696829877989586,0.28175819773143373,0.7351524645977163,0.691467315596589,0.5567558448390516,0.6749406145045681,12.1,16.1,51.2,50.0,114.78657305451875,113.34007908127172,228.1266521357905,1.4464939732470299,122.0,115.0,237.0,7.0,1
401810625,2026-02-10T03:00Z,2026,POR,20,10,52,2,2,0,0,110.87061356549982,119.36998817393064,113.55296935096355,115.8854223891243,-2.6823557854637072,3.484565784806309,102.57000000000001,97.26867924528301,0.5378326379125067,0.562457716523282,0.5654487624652009,0.6027922910273671,0.17809576530821908,0.12587065173267523,0.320579409891007,0.2463826164796127,0.7412508706961225,0.7214528606660959,0.5686399028100662,0.6342411197667263,12.3,15.3,50.8,49.8,113.28656684016997,116.36754049420001,229.65410733437,-3.0809736540300463,135.0,118.0,253.0,17.0,1
401810665,2026-02-21T03:00Z,2026,POR,7,10,56,8,1,0,1,113.37298555572549,118.86650377960825,116.26680328321254,117.28167466638186,-2.8938177274870434,1.5848291132263992,103.6,97.8596551724138,0.5499441069558323,0.5666239344629206,0.5762032124387265,0.6093005521394804,0.19077795825673632,0.13866003755173978,0.35341680826499067,0.2568443513415319,0.7446897558797608,0.757430958105621,0.6036804635444287,0.667714914000674,14.0,13.4,49.0,48.0,116.16902078064004,114.87194677903102,231.04096755967106,1.297074001609019,103.0,157.0,260.0,-54.0,0
401810696,2026-02-25T03:00Z,2026,POR,16,10,58,2,2,0,0,112.76505242397154,118.81452840758531,117.84277291788617,116.34550429431359,-5.077720493914607,2.4690241132717223,103.27000000000001,102.78,0.5600591054838169,0.579461828619866,0.583811141349608,0.6081652946732634,0.19275340355082682,0.15075036861449775,0.3259381200865824,0.2826692856209893,0.7334710124866533,0.7338222073160223,0.6372722555243786,0.5734175445144513,14.1,19.3,48.0,51.8,118.02057552950664,121.9080923452835,239.92866787479016,-3.8875168157768627,121.0,124.0,245.0,-3.0,0
401810784,2026-03-09T01:00Z,2026,POR,11,10,63,2,2,0,0,106.70501674191098,109.96660565204722,115.0468474522434,120.98282535008067,-8.341830710332442,-11.016219698033487,102.66,104.20830188679244,0.5194130064083108,0.5477092431443219,0.5488487887600988,0.5797641389425642,0.17649822186034203,0.14401150522100398,0.3079653488964199,0.1973557202209788,0.716274002661995,0.7710693203806546,0.6241422107640644,0.6947590041832614,10.7,15.8,47.4,49.0,117.75349313459613,116.37037736342,234.12387049801612,1.3831157711761222,131.0,111.0,242.0,20.0,1
401810799,2026-03-11T02:00Z,2026,POR,30,10,65,2,2,0,0,109.0013979766433,121.94394845805695,113.18371191705516,110.03815269220824,-4.182313940411865,11.9057957658487,102.46,95.96000000000001,0.5269513271587111,0.5678793540657219,0.5573620811825213,0.5967607271601735,0.16550237439505316,0.14345775264744623,0.30529868222975326,0.32581979326757265,0.7187784749339092,0.7687073182712001,0.6283443384236389,0.6668037924345791,11.5,13.3,48.8,38.0,108.65456910928383,116.63507592907438,225.2896450383582,-7.980506819790548,101.0,103.0,204.0,-2.0,0
401810822,2026-03-14T02:00Z,2026,POR,26,10,66,3,2,0,0,106.436456538444,111.88243863057751,112.33963680091304,119.07242073440234,-5.9031802624690535,-7.189982103824808,101.78,101.05999999999999,0.5176474449632626,0.5165632177060642,0.5483244745357322,0.5598768698723056,0.16383385381663268,0.13890472517378957,0.2848155904423137,0.28381754604983095,0.7121118082672425,0.7031900503512449,0.6375368850074897,0.6594440813365197,12.5,19.1,47.2,46.0,114.35555166506036,113.70301445130885,228.0585661163692,0.6525372137515149,124.0,114.0,238.0,10.0,1
401810900,2026-03-24T02:00Z,2026,POR,17,10,71,2,2,0,0,112.16907453388077,104.34030418945022,108.49969005085669,115.66553512720566,3.669384483024107,-11.325230937755434,101.65000000000002,99.53,0.5348531521386579,0.5134371469759283,0.5669506602681155,0.5588224688586382,0.16507536677558182,0.17824794000016597,0.3319657688835408,0.24524421568003968,0.7384067193470523,0.704097817499352,0.6767683370775867,0.6662411514370683,14.8,13.2,50.2,43.4,114.58941692904342,107.04787510316235,221.63729203220578,7.541541825881069,134.0,99.0,233.0,35.0,1
401810916,2026-03-26T02:00Z,2026,POR,15,10,71,2,2,0,0,112.37701495653178,109.09808277106944,106.30664396545603,122.00765373806173,6.0703709910757535,-12.909570966992302,102.46000000000001,98.4,0.542682099507079,0.5708098916395979,0.5763288658455814,0.5877967533300914,0.17021745939772664,0.1612985141490187,0.31105073620380225,0.1904619833454986,0.7527141005401766,0.7446252208350848,0.6799880340472837,0.644351769830864,14.9,11.0,49.0,37.2,117.69626138499014,108.16548353074626,225.86174491573638,9.53077785424388,130.0,99.0,229.0,31.0,1
401810929,2026-03-28T02:00Z,2026,POR,6,10,73,2,2,0,0,115.37411876090098,113.23213441043723,105.50048745798772,123.74235222333502,9.87363130291326,-10.510217812897796,102.55999999999999,102.77792452830188,0.5600691476998501,0.5436806846320179,0.5952383957558995,0.580407038657621,0.17505117260681827,0.14667204283304433,0.32194817210123816,0.26701320097478143,0.7505712433973196,0.7522555359625865,0.6908105448697945,0.6463290539831222,14.8,18.0,49.2,56.0,122.74919968108735,112.28525650274058,235.03445618382793,10.463943178346767,93.0,100.0,193.0,-7.0,0
401810942,2026-03-29T22:00Z,2026,POR,27,10,73,1,1,1,1,111.8825484621304,111.31054069742545,104.59808930780665,122.5004739160493,7.284459154323737,-11.189933218623855,102.4,104.06943396226413,0.5457707946305701,0.5733667830154414,0.5825080538897789,0.5976819999248967,0.18592793749879635,0.1593578048743844,0.32043302058608664,0.19319834143629416,0.7565749957425353,0.6747593563009787,0.6807213204360265,0.5826126466254583,14.4,13.6,47.8,45.0,117.35285515490956,108.10294161501436,225.45579676992392,9.249913539895203,123.0,88.0,211.0,35.0,1
401810973,2026-04-03T02:00Z,2026,POR,3,10,76,2,5,0,0,114.1865474736613,112.95597478228902,103.15007438061687,115.80456854666724,11.03647309304444,-2.8485937643782533,101.48,99.47999999999999,0.5441638488391519,0.5402787072018864,0.581481444667196,0.5721690073909618,0.17699534444125867,0.13464771718743274,0.33552315844398695,0.2530625331053155,0.7719289835489308,0.7044001989538777,0.6492979823743003,0.6199635387135387,13.3,14.6,49.6,55.6,115.54753668861305,108.57167909944391,224.11921578805698,6.975857589169138,118.0,106.0,224.0,12.0,1
401811038,2026-04-11T02:00Z,2026,POR,12,10,80,2,2,0,0,114.10636196248258,119.15303562811569,105.57544492410409,111.7025603836864,8.530917038378504,7.450475244429265,101.08622641509433,99.19566037735851,0.5545646335094292,0.5874231278741214,0.5887241955068382,0.6213566690368638,0.1749739836183073,0.12980599070119717,0.31767673653308803,0.2199147287388184,0.7688295003447964,0.7296897604286205,0.628032012571745,0.579281065306247,14.4,15.3,47.8,49.4,113.06359255515297,112.52261025249904,225.586202807652,0.54098230265393,116.0,97.0,213.0,19.0,1
401811055,2026-04-13T00:30Z,2026,POR,23,10,81,2,2,0,0,115.45706440162712,114.43164044735417,105.35084087979483,123.13130997236767,10.1062235218323,-8.699669525013519,100.61622641509435,98.25000000000001,0.5590892537294396,0.5454612751562963,0.5950151788534891,0.5740434962234356,0.1737191149742221,0.15244309634140701,0.3152763000900983,0.327104572912374,0.7748072105778256,0.7641709800037849,0.6260916106313432,0.6181164521341836,14.9,12.0,47.0,52.6,118.61792419567035,109.26828173419015,227.88620592986052,9.349642461480201,122.0,110.0,232.0,12.0,1
401810036,2025-11-06T03:00Z,2026,SAC,9,7,8,2,1,0,1,113.05772714727155,114.13050990633464,117.60037579753603,110.64696057346252,-4.54264865026447,3.483549332872112,102.91428571428573,101.80966981132076,0.5493074062602273,0.5668688839626952,0.584794131556496,0.6112077950224906,0.13013607817773382,0.1642904351270796,0.20106868767998337,0.22769762829587298,0.7296579861091278,0.770558313233985,0.5944670248109141,0.7034038990890724,13.857142857142858,15.5,49.42857142857143,43.0,114.49427134952309,115.04409408146539,229.53836543098848,-0.5498227319422995,121.0,116.0,237.0,5.0,1
401809780,2025-11-08T03:00Z,2026,SAC,25,8,9,2,2,0,0,113.2348773844208,117.12198595116804,116.61839883230476,105.58796523990127,-3.3835214478839655,11.534020711266798,103.26250000000002,100.0455938697318,0.5506741009596267,0.5463782894078142,0.5892430603539356,0.5915425495137815,0.13279054428063536,0.11932858469731156,0.19974462552950925,0.2375757667818807,0.7379405337638542,0.7590002826992781,0.6024757198802815,0.583135896682766,14.25,15.777777777777779,50.0,50.888888888888886,111.22113757276804,118.8032802267638,230.02441779953185,-7.58214265399576,101.0,132.0,233.0,-31.0,0
401810052,2025-11-10T02:00Z,2026,SAC,16,9,9,2,2,0,0,111.31060536945877,117.857623151834,117.5892573349515,115.34713906774797,-6.278651965492722,2.5104840840860394,103.4888888888889,100.85555555555555,0.5444397805631465,0.590330475949048,0.5806794298030025,0.6216699151045684,0.135974205446879,0.15704206009317578,0.19464479534246978,0.25845223791935873,0.74366643936904,0.7105756805460708,0.6144813416479695,0.6198696806662557,13.88888888888889,13.11111111111111,48.22222222222222,50.22222222222222,115.7906271651297,120.28065497312423,236.07128213825393,-4.490027807994522,117.0,144.0,261.0,-27.0,0
401810067,2025-11-12T04:00Z,2026,SAC,7,10,9,2,3,0,0,110.96295497076176,120.84294255532765,119.10222100237802,107.67163907549936,-8.13926603161626,13.171303479828286,103.99000000000001,101.78637316561844,0.5416624691734985,0.5729060108062352,0.5790568747038292,0.6170150227437928,0.13896664665334318,0.13818568912509677,0.2007122307018398,0.27598219611661806,0.746799795432136,0.7655648714715113,0.6155332074831725,0.6756818981196943,14.5,17.22222222222222,48.0,57.77777777777778,112.47458452844232,123.43761378883949,235.91219831728182,-10.963029260397164,108.0,122.0,230.0,-14.0,0
401810078,2025-11-13T03:00Z,2026,SAC,1,10,11,1,2,1,0,111.35692001582473,112.49821717359893,120.59144074046496,109.9839117298804,-9.23452072464021,2.5143054437185297,102.92,101.30000000000001,0.5409928821897687,0.5443997321350079,0.5801223141737817,0.5806854681922622,0.13719400312399,0.13978932910713035,0.2007122307018398,0.23461976090050118,0.7493448643610863,0.7067835699010774,0.6400791337934993,0.6920257037121877,14.7,18.4,47.6,53.6,109.61539479833668,119.00392484802532,228.619319646362,-9.38853004968864,100.0,133.0,233.0,-33.0,0
401810147,2025-11-25T03:00Z,2026,SAC,16,10,16,2,3,0,0,105.23942784748678,118.84303188977636,122.1555043811373,109.1344255701664,-16.916076533650525,9.708606319609938,103.75,103.46000000000001,0.5227686527433785,0.5717813554558729,0.5560575180704478,0.6088500762130293,0.14369792085315528,0.15161314904473924,0.19746042443163847,0.28421005346601447,0.7489062161934893,0.6987262713006337,0.6619462369943757,0.624318340196389,15.2,15.9,47.4,55.0,111.0510154166798,124.84326675174006,235.89428216841986,-13.792251335060257,117.0,112.0,229.0,5.0,1
401809810,2025-11-27T03:00Z,2026,SAC,21,10,18,2,2,0,0,104.62526827637355,117.12822463650056,121.5514187439391,107.62759443372622,-16.92615046756552,9.50063020277436,102.96113207547171,100.18999999999998,0.5136517728526817,0.5603022484502671,0.5475315853675161,0.5945948121426505,0.13967185126417175,0.15988078581581427,0.1999814328349998,0.3256041931276149,0.7410124926663426,0.7231632285750867,0.6603782927435045,0.5846692836645029,15.6,14.4,47.8,45.0,107.7985233645411,121.22009939026545,229.01862275480653,-13.421576025724349,100.0,112.0,212.0,-12.0,0
401810162,2025-12-01T02:00Z,2026,SAC,29,10,20,2,2,0,0,105.69893390238005,109.41623230916329,119.2607346129075,112.81715498302253,-13.561800710527441,-3.4009226738592298,101.97113207547171,100.80358490566039,0.5160169565399079,0.508549534575872,0.5492304922973189,0.544938453931993,0.13465380707744395,0.13478379936880544,0.2071418256336905,0.2780994687619437,0.7209823578053807,0.7837403264918433,0.6396163588389758,0.7523605637914528,15.2,9.1,49.4,46.8,110.77384519890352,115.92476811931651,226.69861331822003,-5.150922920412995,107.0,115.0,222.0,-8.0,0
401836749,2025-12-12T03:00Z,2026,SAC,7,10,23,3,5,0,0,106.48426980197719,126.0025279616375,115.79504483568545,121.27071542554711,-9.310775033708229,4.731812536090391,101.6211320754717,99.75,0.5177745442908948,0.6192313671775511,0.547150411683565,0.6513179634854144,0.12986685210487056,0.13745562520506804,0.22429148212708777,0.26033282001906505,0.7045396407462795,0.733145168447413,0.5917829110336862,0.6686210862691934,15.9,14.8,51.2,50.0,114.65819802774726,121.72762741824552,236.3858254459928,-7.069429390498257,105.0,136.0,241.0,-31.0,0
401810249,2025-12-21T03:00Z,2026,SAC,22,10,27,2,2,0,0,106.5268644426063,111.14590774955414,115.48003280207406,115.2553563305421,-8.953168359467734,-4.109448580987967,102.02358490566039,104.62245283018868,0.5148271730349553,0.5290156816320923,0.5480005623612949,0.5756065060874662,0.13458984723336856,0.16620675644806454,0.2262649822699243,0.2757333503569632,0.6887311188277352,0.7297910463982242,0.576007798876995,0.6279897314392089,16.5,12.5,52.2,45.2,114.57604290757106,117.07838165788512,231.65442456545617,-2.5023387503140526,93.0,98.0,191.0,-5.0,0
401810256,2025-12-22T03:00Z,2026,SAC,10,10,25,1,2,1,0,104.97496823502146,117.29179021804114,114.89010155346018,110.94678667808596,-9.91513331843868,6.345003539955172,102.26245283018868,99.20358490566038,0.5092992668849374,0.5552793825996495,0.5406922313984472,0.5908982683192552,0.14144280797854486,0.17180078218823125,0.23802968815227726,0.37269154750485634,0.6932234818106644,0.7515660839253158,0.5662675391367353,0.591870772412056,15.1,15.4,50.0,56.4,105.4896835265385,116.94191442304526,222.43159794958376,-11.452230896506762,125.0,124.0,249.0,1.0,1
401810276,2025-12-24T03:00Z,2026,SAC,8,10,29,2,1,0,1,106.94394774797085,113.72481118568241,115.5568970695019,105.65147878540802,-8.612949321531065,8.073332400274404,101.73132075471699,102.93679245283019,0.5084424737392826,0.5242062512087899,0.5417700825943033,0.5607868866687747,0.13388579213007173,0.14981905067589926,0.2508018216791278,0.34302425993325664,0.7013867471167867,0.7524783544331598,0.5821766300458262,0.5915596145962629,15.5,19.1,49.4,59.4,108.77876206285093,113.79713745736026,222.57589952021118,-5.018375394509334,127.0,136.0,263.0,-9.0,0
401810287,2025-12-27T22:00Z,2026,SAC,6,10,32,3,2,0,0,107.87557740239929,114.5700445076222,116.50024416618012,116.18034814213732,-8.624666763780812,-1.6103036345151147,101.59132075471697,102.28905660377359,0.5100729085218914,0.5611905049967092,0.5463627393906365,0.5932209726060704,0.1378864616982003,0.1367008235533677,0.26802404390134993,0.2350007009417141,0.6892499949800346,0.7248067706690071,0.5812906942761696,0.5745835257610918,14.4,19.2,49.4,62.6,114.20151662356496,117.77674412787542,231.97826075144036,-3.5752275043104618,113.0,107.0,220.0,6.0,1
401810329,2026-01-02T03:00Z,2026,SAC,2,10,32,2,2,0,0,105.766454755801,118.98603452664545,118.6695657256706,112.2117504404379,-12.903110969869577,6.7742840862075395,101.19132075471698,98.7,0.5043060002348844,0.5724969260769189,0.5441039722170956,0.6045835606098074,0.1554729750315447,0.13656177743916165,0.28088283354803956,0.2732134536430202,0.7200167375818837,0.748401387060891,0.6057238551374132,0.5328705292761156,12.6,12.8,47.4,43.2,108.92987833104726,118.76322954797627,227.69310787902353,-9.833351216929003,106.0,120.0,226.0,-14.0,0
401810355,2026-01-05T02:00Z,2026,SAC,15,10,35,2,2,0,0,105.8620243088161,110.18706948328004,118.67929086960649,112.46402866817705,-12.817266560790376,-2.276959184897012,100.941320754717,98.84,0.5037648637175814,0.5530851084758364,0.5458750429156399,0.5857354868415372,0.15055001026486522,0.15538471213743144,0.2737110871953023,0.20927300438214766,0.7308302781800057,0.7548034098203762,0.6132278755072872,0.6142716378595982,12.2,10.8,46.2,42.4,109.04366804727,114.30805936906168,223.3517274163317,-5.264391321791678,98.0,115.0,213.0,-17.0,0
401810370,2026-01-07T04:00Z,2026,SAC,6,10,36,2,3,0,0,105.71342493273403,110.3111316228883,118.88443779349969,114.51370864816606,-13.17101286076564,-4.202577025277796,100.59132075471697,104.05905660377357,0.4975380118657296,0.5445074149581722,0.5419801153794082,0.5798229148004339,0.1459922978575154,0.14217605857907545,0.2771859906702058,0.20742516365316338,0.7354724445242996,0.731310063358208,0.6064711187505305,0.5608089386101222,12.9,17.6,46.4,64.2,112.67391497977478,117.26239942489478,229.93631440466956,-4.588484445120002,98.0,100.0,198.0,-2.0,0
401810412,2026-01-12T02:00Z,2026,SAC,10,10,35,2,2,0,0,105.16800478499268,116.0847316316974,121.49049148103443,111.79495514015828,-16.32248669604176,4.28977649153912,100.03886792452829,96.1388679245283,0.5032557585094785,0.5375781899424606,0.540149533104292,0.5645429243453247,0.1386209878815878,0.15080073902991895,0.25859898260951353,0.3797126456575037,0.7246986350004903,0.7826983860798771,0.6039717286057915,0.5599729507565537,13.7,12.3,45.4,49.8,106.40825560306429,116.51742341022546,222.92567901328977,-10.109167807161171,111.0,98.0,209.0,13.0,1
401810417,2026-01-13T03:00Z,2026,SAC,13,10,36,1,3,1,0,105.4411328197486,108.22345494298183,120.42012773625206,114.54010945659793,-14.97899491650347,-6.316654513616131,99.64999999999999,99.07000000000001,0.5033714323093628,0.5413430233152742,0.5393731698400515,0.5712214233042127,0.138156723463835,0.1579534929270871,0.264610391122019,0.2432899854526394,0.7099248994193011,0.7183404660280484,0.5948808195148825,0.6064004770785738,13.2,11.8,46.2,50.4,106.0080807280023,113.5901318750434,219.59821260304568,-7.582051147041099,124.0,112.0,236.0,12.0,1
401810431,2026-01-15T03:00Z,2026,SAC,18,10,40,2,4,0,0,106.17742140149535,116.88960295850765,119.01814097451003,119.95254736017179,-12.84071957301467,-3.0629444016641583,98.83999999999999,100.63000000000001,0.5206434365511445,0.5449706182590419,0.5510555929723892,0.5836144075432544,0.1413414759370567,0.13900180657248212,0.24056998708161498,0.280841033017992,0.7193715930765212,0.7484202591055332,0.5808927242767872,0.6438974572812695,13.6,16.5,46.0,43.2,112.76536217222437,117.64129420579759,230.40665637802198,-4.875932033573221,112.0,101.0,213.0,11.0,1
401810447,2026-01-17T03:00Z,2026,SAC,27,10,39,2,2,0,0,106.60806323138272,105.96793758237148,118.91908664133844,114.0114362637956,-12.311023409955702,-8.043498681424145,98.35,103.95,0.5232551829128906,0.5196293405374627,0.5602356249388796,0.5614526061081717,0.1478763770073805,0.16597175119841015,0.2383282716820049,0.2598296257464343,0.7136849393047611,0.7381937781102752,0.5754958988799619,0.6178396719667998,13.8,16.2,45.2,47.2,111.57831186968644,113.7366125011413,225.31492437082773,-2.15830063145485,128.0,115.0,243.0,13.0,1
401810461,2026-01-19T02:00Z,2026,SAC,22,10,43,2,1,0,1,109.34460645945644,113.22080195392826,118.01579464383644,111.21944410414271,-8.67118818437998,2.001357849785535,98.28,101.22999999999999,0.5375270853374036,0.5396789635419259,0.5729003450819592,0.5763236768604452,0.14800534945576244,0.1499614497989244,0.24584168849774723,0.2866888860807481,0.7178065609263826,0.7318427754026151,0.5920916435608129,0.6009641749828454,14.1,13.7,46.2,44.0,110.01183431985916,111.87498246400858,221.88681678386774,-1.8631481441494202,110.0,117.0,227.0,-7.0,0
401810474,2026-01-21T03:00Z,2026,SAC,14,10,43,2,1,0,1,111.02219640184076,107.76979250835207,116.13353664322335,114.24947652491383,-5.111340241382587,-6.47968401656176,98.63000000000001,105.97,0.5463741013082638,0.5128814298188697,0.5809897588265969,0.5480971197637927,0.14430297413854257,0.15006313717366754,0.24346073611679486,0.2522673772518201,0.7191824208388279,0.757030532204445,0.6081980861378437,0.6671203634883172,14.2,16.3,46.6,49.6,115.226460702035,111.09075627519991,226.31721697723492,4.13570442683509,117.0,130.0,247.0,-13.0,0
401810481,2026-01-22T03:00Z,2026,SAC,28,10,45,1,1,1,1,111.30178780615438,114.18760267192336,116.21533462192629,111.88452270477066,-4.9135468157719355,2.303079967152679,99.37000000000002,98.93037735849057,0.5491530059735781,0.5349570204250097,0.5839150329774643,0.5716418175422441,0.1503451838665889,0.12030774554643524,0.24390370400162328,0.2665107669968024,0.7137822907152105,0.7530680543450491,0.59706172250148,0.7135391552974346,14.8,19.1,48.8,54.6,107.3254792692468,110.79579931894695,218.12127858819375,-3.470320049700149,109.0,122.0,231.0,-13.0,0
401810586,2026-02-05T03:00Z,2026,SAC,29,10,48,4,2,0,0,111.65013960339517,112.73017838107494,120.69426760798959,116.0244346164751,-9.044128004594434,-3.294256235400193,98.50999999999999,101.24000000000001,0.5383055388043971,0.5350929277498386,0.5778382458052916,0.5726001068586262,0.1635440879563636,0.1489827291241861,0.29073889291280597,0.2848988050176427,0.7256809654297565,0.68775807412586,0.6203992045307312,0.6856328857231551,13.1,14.9,48.2,50.0,113.69499050104773,116.56633271578909,230.26132321683681,-2.871342214741361,125.0,129.0,254.0,-4.0,0
401810601,2026-02-07T03:00Z,2026,SAC,12,10,50,2,2,0,0,110.71700729419831,114.10212692532018,121.42060312813953,114.18325265584221,-10.703595833941241,-0.08112573052202166,99.05999999999999,97.62584905660377,0.5215215881871132,0.5639657885605225,0.5655422806828934,0.6029654700980491,0.15695307699511507,0.16450815171240857,0.28975689618612843,0.24718388104551064,0.717599570080919,0.7562178010110177,0.6082479042943245,0.5780208247724092,13.1,11.8,48.0,53.8,110.58674645331155,115.80997033173503,226.39671678504658,-5.223223878423482,111.0,114.0,225.0,-3.0,0
401810611,2026-02-08T03:00Z,2026,SAC,5,10,52,1,3,1,0,110.99889270578475,115.54341738332451,121.30619261832263,107.20021850011634,-10.30729991253789,8.343198883208192,98.89999999999999,101.18000000000002,0.5162890300475784,0.560661391249053,0.5615648091886642,0.5891140296767469,0.15211798047211084,0.15251293291004325,0.29147928727022165,0.29767031583748904,0.7301431240878877,0.7556711735930125,0.5928588218320712,0.6541366784909877,13.8,15.1,48.2,54.0,105.86889956243597,118.4721749228239,224.34107448525987,-12.603275360387926,126.0,132.0,258.0,-6.0,0
401810655,2026-02-20T03:00Z,2026,SAC,19,10,53,8,8,0,0,107.78482239370985,110.34944488687127,120.99969859366347,112.67527317122396,-13.214876199953585,-2.325828284352704,98.98,101.93,0.4935255946891052,0.5279062133719223,0.5362383174669579,0.5749122953107413,0.1540691781902863,0.12669644262674312,0.31855729715756215,0.19126507124588965,0.7482666421147608,0.7693942342260806,0.5960341686462851,0.6809159201651461,13.4,15.0,49.4,42.8,110.73159449987713,116.2008910416856,226.93248554156273,-5.469296541808461,94.0,131.0,225.0,-37.0,0
401810747,2026-03-04T04:00Z,2026,SAC,21,10,60,2,5,0,0,107.11110653528908,107.71835343569322,122.35845036332069,115.80880202963233,-15.247343828031603,-8.090448593939103,102.00999999999999,94.34862068965518,0.49056636262948333,0.5036844074250435,0.5302929100289362,0.526069660962251,0.1363297515358181,0.13353207311499138,0.29932668312117416,0.29227298224769177,0.7849521876543699,0.7105606867187892,0.6288489308346644,0.5774247673901254,14.7,8.5,54.6,38.8,109.43061442518004,112.94390961664696,222.374524041827,-3.5132951914669235,103.0,114.0,217.0,-11.0,0
401810762,2026-03-06T03:00Z,2026,SAC,3,10,63,2,2,0,0,106.20016222984937,113.41991425433164,122.25280677143857,112.55211639136546,-16.052644541589196,0.8677978629661723,102.1,103.19000000000001,0.4900108070739278,0.5544139935399159,0.5283038587698279,0.592148077390623,0.1392581177669366,0.15605259053612897,0.30087810156089045,0.2580158452388464,0.7592379019400842,0.6965264291065191,0.636166004005396,0.6451793546638097,15.0,22.1,54.4,58.4,112.26913819537299,120.95313224845093,233.2222704438239,-8.683994053077939,123.0,133.0,256.0,-10.0,0
401810785,2026-03-09T01:00Z,2026,SAC,4,10,63,3,3,0,0,105.55903785557135,102.76928116336612,121.97198824456692,110.75151608356403,-16.412950388995547,-7.982234920197902,102.41,104.49000000000001,0.48498179353427595,0.5297818497956837,0.5233797827517076,0.5620361571132471,0.13128463187662362,0.17853920844099475,0.28762052580331476,0.20819291724975866,0.7538031193313885,0.730560557345477,0.6316660040053961,0.6473174147118215,15.5,15.8,56.2,46.6,111.88663402501777,116.24742160125336,228.13405562627113,-4.3607875762355945,126.0,110.0,236.0,16.0,1
401810800,2026-03-11T02:00Z,2026,SAC,11,10,64,2,2,0,0,108.3975455419679,108.50846569482538,120.70138371832358,121.69898957516375,-12.303838176355695,-13.190523880338395,102.67999999999999,104.38999999999999,0.4925575511100336,0.5374108166657543,0.5335977108162305,0.5691723000713017,0.11833606853470549,0.14578972468103063,0.2748939257293229,0.20679627966153827,0.7545771131394381,0.755513764825099,0.6543787699628428,0.7006126627198468,14.8,16.0,56.0,48.8,119.11522381676113,118.65620879495188,237.771432611713,0.45901502180925036,114.0,109.0,223.0,5.0,1
401810806,2026-03-12T02:00Z,2026,SAC,30,10,66,1,1,1,1,109.75240835613847,121.72493721083876,118.7857168821703,109.19391520476526,-9.033308526031847,12.531022006073513,103.38,96.35000000000001,0.5036686622211446,0.5632797869661548,0.5435791985003353,0.5938418517217158,0.11561304616715554,0.1438036726124901,0.2656985234304723,0.33124614985671996,0.7641924977548227,0.7660158068840365,0.6306179517094991,0.6591240538724875,16.0,14.0,58.2,38.4,106.04561182168682,116.49019288434201,222.53580470602884,-10.444581062655189,109.0,117.0,226.0,-8.0,0
401810837,2026-03-16T02:00Z,2026,SAC,26,10,67,1,2,1,0,112.41028313679587,112.28410873258058,116.18453124490952,119.59917231553791,-3.7742481081136505,-7.3150635829573405,101.95,100.64,0.531647128126741,0.5128289961071861,0.5643802131326402,0.5589578826284934,0.12142170212980612,0.1341481055448059,0.26849164561304867,0.279952811750314,0.757279692092017,0.6911067170179118,0.6081774755190229,0.665241182785795,15.3,19.8,60.0,45.8,113.98177928171414,115.71365443259931,229.69543371431345,-1.7318751508851733,116.0,111.0,227.0,5.0,1
401810853,2026-03-18T02:00Z,2026,SAC,24,10,69,2,1,0,1,112.11332025715583,121.50838466505884,116.25258523816038,112.07559627856338,-4.13926498100454,9.432788386495462,101.61,100.21000000000001,0.5310338615435118,0.579882283143978,0.5654059896578001,0.6130052026586501,0.12485252327716267,0.12765698106246093,0.2653557571113065,0.2557056766506334,0.7583975782708788,0.7685780606660111,0.6126403712118096,0.6960262564672896,14.0,14.3,58.6,50.6,113.11451783809711,116.36342844372918,229.4779462818263,-3.2489106056320622,104.0,132.0,236.0,-28.0,0
401810870,2026-03-20T02:00Z,2026,SAC,20,10,69,2,2,0,0,112.5754466156764,105.04195674125337,116.3371142620254,114.96191505290457,-3.761667646348978,-9.919958311651198,101.85000000000001,101.81,0.5390983776725442,0.5010979297507788,0.5704377836543549,0.5390964009735388,0.1205436047435557,0.1382182065622622,0.24574791397405157,0.24359308339312777,0.7708975782708788,0.715213600383614,0.631229692240155,0.5745661495773479,13.6,17.9,59.4,56.4,115.85064769355802,112.7151540013194,228.56580169487742,3.1354936922386116,118.0,139.0,257.0,-21.0,0
401810888,2026-03-22T22:00Z,2026,SAC,17,10,70,2,2,0,0,111.42502099840928,101.138513818785,118.1232610925626,114.57539110147108,-6.6982400941533005,-13.436877282686103,101.83,100.22999999999999,0.5396991119032706,0.49507033936493466,0.5703816291170682,0.545201101223341,0.1293680662235415,0.18942354091972116,0.24418269658274724,0.2519805687578561,0.7533138462134625,0.7193359127374472,0.6348320634211855,0.6737510328599932,12.3,12.6,56.4,42.8,114.16410817225456,110.76008559646723,224.9241937687218,3.404022575787323,126.0,122.0,248.0,4.0,1
401810983,2026-04-04T02:00Z,2026,SAC,3,10,77,2,1,0,1,114.2591709769371,111.49423449304815,124.08654439718126,116.60269727206409,-9.827373420244157,-5.1084627790159205,98.49000000000001,99.38,0.5487216848724376,0.5317830362062154,0.5780383352152108,0.5658100452089695,0.14717178944517895,0.13776361327533787,0.29543631020799377,0.255328484208476,0.7626163862235814,0.7003805106848047,0.6521065183366657,0.6257530123977493,10.9,15.2,50.0,55.8,114.20159467607468,113.03984414359851,227.2414388196732,1.1617505324761623,117.0,113.0,230.0,4.0,1
401810996,2026-04-06T01:00Z,2026,SAC,12,10,77,2,3,0,0,114.19437659378764,117.01807053508116,124.52054640319929,114.38207747680163,-10.32616980941166,2.6359930582795577,98.46000000000001,97.46566037735849,0.5395346930025189,0.5798435782271771,0.5709865075327972,0.6115014411574815,0.1412169248513976,0.13549291448964634,0.2989903171766349,0.23522097318781757,0.7642932154918741,0.6996287206513082,0.6547333299308685,0.5630747398946303,10.8,12.5,51.0,52.0,111.95998177623788,118.30903257566607,230.26901435190393,-6.349050799428184,109.0,138.0,247.0,-29.0,0
401811039,2026-04-11T02:00Z,2026,SAC,9,10,80,3,1,0,1,113.87956221522882,112.7212428191297,125.2219762921522,118.74424794949198,-11.34241407692341,-6.023005130362274,98.22,99.33226415094339,0.5448994774034872,0.5681303640946792,0.5723847335401588,0.6029694043289445,0.15053014335413967,0.16966235517498873,0.3227567468254175,0.26130296316514484,0.7409192317520368,0.7803781291769408,0.617605958657156,0.688971066223577,11.5,10.6,53.0,47.8,114.88840098364957,113.99008756138457,228.87848854503414,0.8983134222650051,124.0,118.0,242.0,6.0,1
401809774,2025-11-08T00:30Z,2026,SAS,10,7,7,2,2,0,0,116.17618558153534,121.93633759989295,107.84258256909142,108.81669172704765,8.333603012443914,13.119645872845282,100.07978436657683,99.95418719211823,0.5728588048142184,0.568549965990837,0.6102930926677662,0.6121953034759874,0.16041940520541456,0.15973449937443288,0.29118126371427694,0.3543609783426821,0.8111206740057831,0.7535942595677623,0.5791363022941971,0.5966472999134019,19.285714285714285,15.571428571428571,51.714285714285715,52.857142857142854,112.51554705113513,114.9089749546757,227.42452200581084,-2.3934279035405694,121.0,110.0,231.0,11.0,1
401810043,2025-11-09T01:00Z,2026,SAS,3,8,8,1,3,1,0,116.52633544185719,106.9472399728117,107.88241707342206,120.00500867811478,8.643918368435132,-13.057768705303088,100.28231132075473,99.50731132075472,0.5716537530630158,0.4978615170446262,0.6111748234312342,0.5384585125718415,0.16617818899426576,0.14775466506903095,0.3028605288269154,0.2780457535284415,0.7841353516598221,0.7033376311750466,0.6004942645074225,0.585821056769458,18.25,15.375,50.0,48.5,114.59703186269917,107.30184028367984,221.898872146379,7.295191579019331,126.0,119.0,245.0,7.0,1
401810075,2025-11-13T01:00Z,2026,SAS,9,10,12,2,1,0,1,117.44920304236022,109.4596236249998,109.45107750472509,110.68478703635654,7.99812553763512,-1.225163411356765,100.62584905660378,102.47000000000003,0.5754108577475703,0.5405775759912412,0.615088474096318,0.5842754067636211,0.15937560332606368,0.16472182574792066,0.2888596812606975,0.23087591595502674,0.7798593017360209,0.7596827676093031,0.6131605631210895,0.6879990363366486,18.4,15.8,52.0,41.2,115.83266603426952,107.81514768028094,223.64781371455047,8.017518353988578,120.0,125.0,245.0,-5.0,0
401809789,2025-11-15T02:30Z,2026,SAS,9,10,13,2,2,0,0,116.28280200997122,110.30959939786234,112.00787636350874,109.25597683360832,4.274925646462451,1.0536225642540207,101.23584905660377,102.17999999999999,0.5697248709537331,0.5415334583441824,0.6115429871126198,0.5850155869446252,0.1631900747873831,0.15695394704906146,0.28954344194445814,0.21905773413684493,0.7804274835542028,0.7564349043614398,0.6303779544254373,0.7027609410985535,17.2,14.9,50.4,40.4,114.69540548414076,113.05724523030055,227.7526507144413,1.638160253840212,108.0,109.0,217.0,-1.0,0
401810089,2025-11-16T21:00Z,2026,SAS,23,10,13,1,1,1,1,115.9308221231076,109.22586511542946,112.12808960000105,122.25794914734904,3.8027325231065374,-13.03208403191957,101.49,103.69000000000001,0.5712914976043935,0.5281777944744036,0.614559042675692,0.5689231791472151,0.16653667720375295,0.14178812396652382,0.2801556868424173,0.20798772658684755,0.7801066279392296,0.7538194438356657,0.6466172706647535,0.6617390253924154,16.7,15.3,48.0,49.0,118.51356231648532,110.13720573914169,228.650768055627,8.376356577343628,123.0,110.0,233.0,13.0,1
401810107,2025-11-19T01:00Z,2026,SAS,29,10,14,3,4,0,0,115.88410027048458,105.0047804696878,111.93460018859484,114.58361109232867,3.9495000818897372,-9.578830622640849,101.94,102.66,0.5756681554293271,0.4942055258139998,0.6164774706856031,0.5410631701393112,0.16585108480113248,0.1474567421242487,0.2697539651781419,0.23334912137068248,0.792646310478912,0.7543733466978787,0.6761862832124895,0.7280189162787943,15.7,13.8,49.0,42.8,117.88423436207897,110.96449320671155,228.84872756879054,6.919741155367419,111.0,101.0,212.0,10.0,1
401810122,2025-11-21T01:00Z,2026,SAS,1,10,15,2,2,0,0,114.86059474615419,115.14144597182128,111.72183466663876,107.9536891659927,3.1387600795154427,7.187756805828582,101.94999999999999,103.25,0.5652289720359492,0.5811215257838727,0.60330275505761,0.6172019183994344,0.1536961251846221,0.16383213929037918,0.25235469777887454,0.22702908600280006,0.7570960712444623,0.7199872997075389,0.6565892136154199,0.7324388325550999,15.4,19.9,49.8,53.2,114.30372764693136,116.38086296752999,230.68459061446134,-2.0771353205986287,135.0,126.0,261.0,9.0,1
401810177,2025-12-03T01:00Z,2026,SAS,29,10,21,2,2,0,0,116.89817229064644,110.77982002598044,114.65591761996666,112.02728700354037,2.242254670679779,-1.247466977559931,101.36,100.90358490566038,0.5583186445007003,0.5183054763085579,0.6001964379816929,0.5544887121048755,0.13616855204833625,0.1434048844291588,0.251911153971624,0.29247988691594673,0.7509765751961354,0.7820821632265372,0.610082552780921,0.7288685002993892,14.0,9.0,50.8,49.8,115.75821018254263,113.993601155303,229.75181133784562,1.7646090272396293,126.0,119.0,245.0,7.0,1
401810225,2025-12-19T01:00Z,2026,SAS,27,10,24,2,5,0,0,117.86373437892107,110.94288392380761,117.42751405337064,121.1382875819342,0.43622032555043794,-10.195403658126576,103.01000000000002,101.84,0.5384938490006898,0.5409356826976699,0.5800957935901956,0.5745655310414095,0.11774709343748087,0.14999546434186953,0.2651548749838314,0.24921963965259364,0.7402205351940924,0.7013492260522012,0.5710812229541773,0.6252641778378087,14.5,13.1,47.4,45.4,122.39891049670301,116.95419006406242,239.35310056076543,5.444720432640594,119.0,94.0,213.0,25.0,1
401810272,2025-12-24T01:30Z,2026,SAS,25,10,29,2,1,0,1,117.43014883584968,119.23149937202001,110.9485127922754,104.17019810205667,6.481636043574279,15.061301269963323,103.66999999999999,103.19000000000001,0.5433212533275149,0.5836407504176688,0.5789009714958687,0.6201959891730988,0.12777671708604646,0.11709027228779934,0.2724745765588521,0.18613739850366207,0.7704808975973119,0.7681958428590969,0.6129225742929705,0.5674386071842275,16.3,15.8,48.6,52.8,114.60061941893827,115.4664654920424,230.06708491098067,-0.8658460731041373,130.0,110.0,240.0,20.0,1
401810295,2025-12-28T01:00Z,2026,SAS,26,10,30,3,1,0,1,120.67715844542711,116.56899515367436,111.34943044722289,124.24802061417115,9.327727998204221,-7.679025460496807,101.6,104.08830188679244,0.5613754817078302,0.5484991557865957,0.5946207491676098,0.5922599505345684,0.12639773019924072,0.13032558031649483,0.2766670851631254,0.23125860118066846,0.7582096350252974,0.750834335387214,0.6139146377850339,0.7113557463051222,17.3,12.5,51.4,48.8,125.94561042521833,113.68437328160748,239.6299837068258,12.261237143610856,114.0,127.0,241.0,-13.0,0
401810311,2025-12-30T01:00Z,2026,SAS,5,10,33,2,2,0,0,120.5594463702682,115.10180877967923,111.25087651888171,116.34719014952597,9.3085698513865,-1.2453813698467253,101.44,103.5622641509434,0.5566345237410658,0.549293354660788,0.5912684812171596,0.5835559526255532,0.12466981272664239,0.13188436030500428,0.28800041849645874,0.2626841982688757,0.7647885823937185,0.7302790218299371,0.6170154129788324,0.6395667493552603,17.6,13.8,52.8,56.8,121.41599219735596,116.0070324571274,237.42302465448336,5.408959740228568,101.0,113.0,214.0,-12.0,0
401810322,2026-01-01T00:00Z,2026,SAS,18,10,33,2,2,0,0,117.43195472819741,120.54364085759714,109.52788417040854,116.81718305863019,7.904070557788884,3.7264577989669774,101.39000000000001,100.72,0.54073213869066,0.5701448804849365,0.5804345507429245,0.5989530944546477,0.12754700362314397,0.138253419981941,0.28000872155821277,0.3140996942486304,0.7569863845915207,0.7344579233594035,0.6234567395094446,0.604870760483722,16.4,14.7,51.2,50.2,118.36023309523932,116.24938980852558,234.6096229037649,2.110843286713745,134.0,132.0,266.0,2.0,1
401810345,2026-01-04T01:00Z,2026,SAS,22,10,35,1,1,1,1,118.24161165341154,110.24788866992853,110.67749126785529,112.63750366485033,7.564120385556242,-2.3896149949217813,101.84,101.87245283018869,0.5413490674585091,0.5366360768661915,0.5809013440498962,0.5698551095916089,0.12038121381029102,0.1740467458895367,0.28242661861343754,0.31261610850613597,0.7732951477384369,0.7398600670236973,0.617651356959876,0.6082201434190437,14.7,11.5,53.6,44.8,114.05490590521174,109.13773377095067,223.1926396761624,4.917172134261065,110.0,115.0,225.0,-5.0,0
401810378,2026-01-08T02:30Z,2026,SAS,13,10,34,1,1,1,1,115.6509755322513,113.46412310600942,110.09288277024805,116.80703876763683,5.558092762003212,-3.3429156616274165,102.78,100.28000000000002,0.5281467405844553,0.5523131906198375,0.5697891138380311,0.5908427108409302,0.11705372167212888,0.15540808900476052,0.2671130687814106,0.2694357042737956,0.786338071763839,0.720062000307722,0.6169316113652907,0.6054844831506382,16.0,13.0,53.4,52.6,114.46709163055807,110.08405261208965,224.55114424264772,4.383039018468423,107.0,91.0,198.0,16.0,1
401810437,2026-01-16T01:00Z,2026,SAS,15,10,40,2,2,0,0,107.03254188630612,113.50118197870782,109.08540033294904,115.75014158652338,-2.052858446642909,-2.248959607815561,102.33,98.52000000000001,0.48274711587274527,0.5605881113058235,0.5316382991817319,0.5915325297295578,0.11960236746008794,0.143542101281311,0.2385023812288626,0.22607208456592556,0.8025008619770493,0.7464079621447879,0.6159461992485877,0.6279262149792931,12.8,12.3,48.4,44.8,111.86475493879452,111.7662876432407,223.6310425820352,0.09846729555381728,119.0,101.0,220.0,18.0,1
401810453,2026-01-18T01:00Z,2026,SAS,16,10,42,2,1,0,1,108.05193123156332,119.93029667113994,107.02567394511516,110.44643222320485,1.0262572864481876,9.483864447935087,101.86999999999998,103.21,0.49502176105878287,0.5972334047825038,0.5444484960056911,0.6179209903581193,0.12520342933214645,0.1310208962586881,0.2280261907526721,0.26918248530235533,0.801691145377859,0.776379609586412,0.6161787573881227,0.599947608438657,13.6,17.6,46.4,55.0,112.02411094325963,112.86951635090536,224.893627294165,-0.8454054076457282,126.0,123.0,249.0,3.0,1
401810466,2026-01-19T22:00Z,2026,SAS,26,10,42,1,2,1,0,111.22405303276825,111.89791214551599,108.77224449086675,124.99640467588797,2.4518085419015203,-13.09849253037199,101.17,102.54113207547171,0.5102294001256887,0.5482189326330728,0.5526108999821111,0.581032537269746,0.11936680042010576,0.15009076077919453,0.24370611674712173,0.24366654526299328,0.7893429672402072,0.7045027682105939,0.6250218424945058,0.6708634872388671,13.4,17.6,47.2,58.6,116.69278688359987,112.38241855917298,229.07520544277284,4.310368324426889,123.0,110.0,233.0,13.0,1
401810509,2026-01-26T00:00Z,2026,SAS,3,10,47,3,2,0,0,110.709907734282,112.7150230160147,106.38082716634116,116.44299862936938,4.329080567940801,-3.727975613354694,100.63,101.97,0.5254649310743778,0.5383248120484664,0.5620313288038971,0.5759191544238826,0.12418232859128726,0.14257206731002475,0.22282782884659563,0.2660171688656461,0.7720022459774782,0.7376114678953486,0.6478766096785411,0.5964437705394322,15.2,15.4,44.8,59.0,115.0529470731894,110.97204811736323,226.02499519055263,4.0808989558261715,95.0,104.0,199.0,-9.0,0
401810558,2026-02-02T02:00Z,2026,SAS,19,10,47,2,2,0,0,112.32896391381014,110.5574253615489,110.2716568502932,115.63723345513161,2.0573070635169453,-5.079808093582722,99.03,99.62245283018868,0.5447202673433409,0.5145624749744515,0.5792788938286175,0.5599299968209874,0.12726887388429267,0.14142178991850826,0.21558125158078423,0.26280427868821954,0.7434417694170016,0.7642501942501941,0.6623682364727996,0.6630258348094275,16.3,13.4,45.2,49.4,113.21511067427797,109.67059709405456,222.8857077683325,3.544513580223409,112.0,103.0,215.0,9.0,1
401810585,2026-02-05T02:30Z,2026,SAS,25,10,51,3,1,0,1,112.65404020086983,117.24376930055237,109.63827066292166,106.54245009919987,3.015769537948205,10.701319201352522,99.57,99.55000000000001,0.5535755888511013,0.5710515892528147,0.5855434545061675,0.6098613853249731,0.1294044325163471,0.1244609021730563,0.21697014046967317,0.19871351202580084,0.7539277029208378,0.7077003836003899,0.6723395420682085,0.6008856999562575,16.3,12.2,47.2,44.6,109.11601287137469,109.55362310900286,218.66963598037756,-0.43761023762816365,116.0,106.0,222.0,10.0,1
401810604,2026-02-07T23:00Z,2026,SAS,6,10,51,1,1,1,1,114.10229927758628,113.76269023712518,108.65038806424327,112.16912887930846,5.451911213343001,1.5935613578167513,101.24999999999999,104.05,0.5561278690820636,0.5427585343760658,0.5852983793980002,0.574261811117235,0.12617001691544094,0.12431885179392625,0.22728471478424744,0.2410974961450189,0.7555601284663068,0.7585693162344904,0.6691859472969666,0.5818877002147355,17.4,20.8,51.0,54.6,112.64979618648043,110.72890706503202,223.37870325151243,1.9208891214484112,138.0,125.0,263.0,13.0,1
401810653,2026-02-20T01:30Z,2026,SAS,21,10,55,8,8,0,0,116.70085338496617,113.04416747951718,107.23804829653143,115.38921722813477,9.462805088434752,-2.3450497486175905,102.72999999999999,97.23,0.567664003978817,0.5416843402758128,0.5991084346569067,0.5692611489029594,0.13086626299443366,0.13643068644364828,0.23764789768038463,0.2797882297133273,0.7730832470228016,0.7059132033593878,0.6667437578219936,0.5874235546045529,21.1,13.5,56.8,43.2,116.02182629948913,110.1190796664467,226.14090596593581,5.90274663304244,121.0,94.0,215.0,27.0,1
401810670,2026-02-22T01:00Z,2026,SAS,23,10,57,2,2,0,0,116.47261372227487,105.82343873150771,105.95908279556393,120.45138937148845,10.513530926710933,-14.627950639980725,102.50999999999999,98.8,0.5659398660477826,0.4799458604698361,0.5976851897355221,0.5256004296948341,0.1321224346531526,0.15439282636768334,0.24909526610143723,0.31119232170748024,0.7647690707775909,0.7796051234532422,0.6652286063068421,0.5861640387761552,20.4,13.2,57.0,48.6,119.23792765701373,106.584848521537,225.82277617855073,12.65307913547673,139.0,122.0,261.0,17.0,1
401810759,2026-03-06T01:00Z,2026,SAS,8,10,60,2,2,0,0,118.25768632924537,114.3739283293642,104.69343030536857,103.87118312937062,13.564256023876803,10.502745199993603,103.96000000000001,100.38226415094339,0.5811383110469136,0.533381485961891,0.6103405698698651,0.567985397277594,0.14178050423013705,0.1430289439787344,0.2513369674101021,0.32921686038075193,0.7360263700320477,0.7573293593078615,0.7130006761078008,0.6078785225908767,19.4,15.5,55.4,59.0,113.47579029615733,111.91180016247003,225.38759045862736,1.5639901336872981,121.0,106.0,227.0,15.0,1
401810768,2026-03-07T02:30Z,2026,SAS,12,10,61,1,2,1,0,118.46293116302795,114.04664686292259,104.50418951471269,108.05394154706096,13.958741648315257,5.992705315861626,102.42999999999998,98.94,0.5762501436587464,0.5464677200575061,0.6085759470734962,0.5947649405467825,0.13498299749159262,0.1325821617047555,0.2431213063061226,0.23145093253788906,0.7321802161858939,0.7704736017692986,0.7083253514324761,0.5859284448613717,18.2,18.0,53.2,54.6,110.61322894475418,110.02395480341102,220.6371837481652,0.5892741413431679,116.0,112.0,228.0,4.0,1
401810782,2026-03-09T00:00Z,2026,SAS,10,10,62,2,2,0,0,117.4936831790792,114.16758859311028,105.76745300971598,108.71815565335312,11.726230169363216,5.44943293975716,101.60999999999999,97.6577358490566,0.5700316081896387,0.5659123164501428,0.5998914445839285,0.5966182722829874,0.13601128008602867,0.17842473902097894,0.25004934067776596,0.31765107514690966,0.7284662472280224,0.733676385474726,0.7059842143087304,0.5863590707886622,16.9,13.4,50.8,51.8,112.6918023659762,109.56489443515812,222.25669680113432,3.126907930818078,145.0,120.0,265.0,25.0,1
401810797,2026-03-11T00:00Z,2026,SAS,2,10,64,2,3,0,0,119.06768122404499,117.02551943232436,106.19765828830836,105.09444232969577,12.870022935736628,11.931077102628608,101.83999999999997,93.99000000000001,0.585079262148583,0.546199839318423,0.6126608506665182,0.5764989737747033,0.13383141693842363,0.13635233362595672,0.2353740160024413,0.30083399463889704,0.7299368354633166,0.7957517299584752,0.7044070617085599,0.6766526224108115,16.7,9.1,50.4,41.8,109.74417163882262,109.28448723257875,219.02865887140138,0.4596844062438663,125.0,116.0,241.0,9.0,1
401810813,2026-03-13T01:00Z,2026,SAS,7,10,66,2,1,0,1,119.51156142272539,118.44165540236376,108.4624666506777,113.50561190938761,11.049094772047697,4.936043492976145,101.80999999999999,101.29283018867925,0.5894132716144383,0.5651385058583788,0.6146126164981117,0.604560206793969,0.1338684841783969,0.13626186183993708,0.2283778670935838,0.2476409380838624,0.7501954561529718,0.7969763951693485,0.6991040314055296,0.6721306404899712,15.5,14.5,49.6,50.0,118.31611846579547,111.75580822334182,230.07192668913729,6.560310242453653,131.0,136.0,267.0,-5.0,0
401810828,2026-03-14T19:30Z,2026,SAS,30,10,67,1,2,1,0,119.18757023693831,121.27578640257195,110.1612684686091,107.3692329411634,9.026301768329201,13.90655346140853,101.44999999999999,97.02000000000001,0.5824423869559837,0.569390898077266,0.6092915896625464,0.5982876788550107,0.12687908877831428,0.14479496470261582,0.2190223577380744,0.31864811064103366,0.7560254956786634,0.7771269179951477,0.7166353373089284,0.6576335389673386,14.6,15.1,46.4,40.0,109.03946716238778,114.83328070070824,223.87274786309604,-5.793813538320464,115.0,102.0,217.0,13.0,1
401810868,2026-03-20T00:00Z,2026,SAS,21,10,69,2,2,0,0,121.66399167299855,117.85477855285167,111.08425256934643,114.7360682270099,10.579739103652125,3.1187103258417594,100.55000000000001,97.09,0.5857406442859878,0.5551261814109806,0.616147364072318,0.5874650468656821,0.12432924083242503,0.13443041128352504,0.24598345442841113,0.2864210667884307,0.7909042638745672,0.7230838978562897,0.6977219929013981,0.6345144478411069,13.9,14.6,49.8,37.0,116.80526959659419,113.1187752774781,229.92404487407228,3.6864943191160933,101.0,100.0,201.0,1.0,1
401810883,2026-03-22T00:00Z,2026,SAS,11,10,70,2,4,0,0,122.99833992842973,109.50134275673447,109.79639871812849,124.14951024336065,13.201941210301234,-14.64816748662617,100.43,100.77000000000001,0.5865308179677278,0.5374359325828421,0.6190402080756987,0.5708531958333619,0.11643753576330058,0.14168496160295307,0.2438095413849329,0.21177450778310342,0.8043831437986299,0.7127045123669975,0.685311278615684,0.7063267836893443,14.0,11.2,50.0,44.8,124.31536863641055,110.30676396185606,234.6221325982666,14.00860467455449,134.0,119.0,253.0,15.0,1
401810949,2026-03-31T00:00Z,2026,SAS,4,10,74,3,2,0,0,122.86691836757686,113.17727166395537,108.3323242787457,118.49919730342519,14.534594088831142,-5.321925639469819,101.12,107.1767924528302,0.576255605567844,0.5525229526081386,0.6106791294642826,0.5862517944896134,0.12166833479368226,0.1496981717780601,0.285901997822336,0.2520562494488922,0.8344637537303138,0.7677381997805689,0.6978493434724715,0.6297711962833914,15.6,16.9,53.4,57.4,125.68946925267129,115.3493458309677,241.038815083639,10.34012342170358,129.0,114.0,243.0,15.0,1
401811001,2026-04-07T00:00Z,2026,SAS,20,10,78,3,3,0,0,122.98614149661816,117.24697171722093,106.09028166027903,117.01946837660951,16.895859836339127,0.2275033406114307,101.4588679245283,102.71000000000001,0.5810300875644786,0.555932296732761,0.6148085966933359,0.5903105590021607,0.12393430044107367,0.12253875105370142,0.2757499383908968,0.24885795940214703,0.8433355775586593,0.726158902120745,0.6979044926069307,0.6204834862312325,17.2,20.0,56.8,52.4,122.50418415838224,113.99628546864427,236.50046962702652,8.50789868973797,115.0,102.0,217.0,13.0,1
401811016,2026-04-09T01:30Z,2026,SAS,22,10,79,2,2,0,0,121.57769805931034,116.74676740438979,106.15281493912794,106.34400452099412,15.424883120182425,10.402762883395694,101.20886792452829,101.01622641509434,0.5715943016517083,0.5554269778083751,0.6062219958638452,0.5933507104375482,0.12923311870656976,0.1721154471656519,0.2857499383908968,0.33636954699060434,0.8241911925319213,0.7694108956936336,0.6829423713948094,0.6372383617780943,17.4,13.2,58.6,47.4,115.22871951587368,112.68972266920088,227.91844218507455,2.538996846672802,112.0,101.0,213.0,11.0,1
401811035,2026-04-11T00:00Z,2026,SAS,6,10,80,2,2,0,0,122.273540246873,109.85572287669429,105.8701478447853,118.29073945808996,16.403392402087725,-8.435016581395683,101.58886792452829,103.59792452830189,0.5785151669310074,0.5058599323863823,0.6101062967886419,0.5527618716091115,0.13164681502989278,0.1174876485519533,0.29176611634842964,0.21954621201781443,0.8230025620409652,0.7589871969200671,0.6823443647502911,0.6164808432892749,18.2,16.2,60.0,50.6,123.40153232846704,110.66024865608574,234.0617809845528,12.7412836723813,139.0,120.0,259.0,19.0,1
401811052,2026-04-13T00:30Z,2026,SAS,7,10,81,2,2,0,0,122.90851368755254,127.85300108086597,106.08897712308692,116.86986353102934,16.819536564465622,10.983137549836616,101.4888679245283,100.59509433962265,0.578588004223701,0.6092200524342164,0.6128833112611072,0.6416166781962189,0.1307633304151748,0.11528512403046491,0.2928585533232196,0.2360716097207777,0.8044311334695367,0.7669327712152054,0.680080213806895,0.6997250142313274,16.6,18.2,59.6,51.6,121.13841133399814,118.1898047384211,239.32821607241925,2.948606595577033,118.0,128.0,246.0,-10.0,0
401810007,2025-11-02T23:00Z,2026,TOR,29,6,6,2,1,0,1,114.86135158408855,112.677606171927,118.58310173122227,115.14405256445684,-3.7217501471337138,-2.46644639252983,104.16666666666667,105.8,0.5757687103862849,0.5288697722547796,0.606667602328871,0.5787109130221413,0.15010819218639757,0.13109103313403508,0.19994188246609035,0.21663779081887422,0.699707006531673,0.757314796598684,0.6780960896824685,0.6904967518574708,17.666666666666668,19.5,53.666666666666664,50.666666666666664,120.73367006097395,117.75082192578992,238.48449198676389,2.982848135184028,117.0,104.0,221.0,13.0,1
401810020,2025-11-05T00:30Z,2026,TOR,15,7,7,3,1,0,1,115.59544421493305,118.67870394791946,116.88075386485718,114.0458737462208,-1.2853096499241357,4.632830201698662,103.21428571428571,103.57142857142857,0.5745754275221124,0.6116597549744709,0.6054521604536686,0.6296411877047378,0.15210738817442135,0.1419680907172701,0.21899780401855362,0.20136129756443003,0.7076853706779419,0.7316774066995918,0.6828125213151317,0.590281942945504,18.714285714285715,16.428571428571427,54.285714285714285,50.0,118.71635991027506,118.1225520458837,236.83891195615877,0.5938078643913656,128.0,100.0,228.0,28.0,1
401810100,2025-11-18T00:30Z,2026,TOR,30,10,13,2,2,0,0,117.3814359655803,111.51476932177329,111.60534455667035,119.59223936556043,5.776091408909962,-8.077470043787127,100.89,100.00622641509433,0.5663009524082566,0.5353990172051842,0.6021239215465597,0.5796705808193876,0.129122940406841,0.17240711717377158,0.2271104769666948,0.2916058411448105,0.7214234811410619,0.7774522536448781,0.6971409790710293,0.6474723661890072,21.6,9.9,51.2,47.6,119.01779283435475,112.05997228871361,231.07776512306836,6.957820545641141,110.0,108.0,218.0,2.0,1
401809792,2025-11-22T00:30Z,2026,TOR,27,10,14,2,2,0,0,117.68306187895386,105.75803805679257,107.18128358905953,124.66597369172345,10.501778289894311,-18.90793563493091,101.26,102.3175471698113,0.5647302619916987,0.5324470034738079,0.6013846667769605,0.5633092005016284,0.13554965942509412,0.17209022994740703,0.25776894130936967,0.23527567803980687,0.7273209170384977,0.6708583569230314,0.6814722553790499,0.607972182523814,23.1,15.5,54.6,47.8,123.3420555511196,108.37416199166519,231.7162175427848,14.96789355945441,140.0,110.0,250.0,30.0,1
401810134,2025-11-23T23:00Z,2026,TOR,17,10,15,1,1,1,1,119.87200511946435,108.61235745079651,107.58670851420133,117.27179083513697,12.285296605262982,-8.65943338434047,101.73,99.38,0.5742880051594919,0.515332942730177,0.610771549234346,0.560792860389255,0.13182822167938946,0.14754815209535718,0.2678847714251998,0.22417491488825697,0.7389561371642839,0.7137902578632652,0.6889722553790498,0.6951871633778179,23.6,11.7,56.2,41.2,115.65307285074246,105.43850082883525,221.09157367957772,10.214572021907216,119.0,109.0,228.0,10.0,1
401810139,2025-11-25T00:00Z,2026,TOR,5,10,18,2,2,0,0,120.07713332459255,117.88641944284409,108.09952902702184,110.92751121922058,11.977604297570673,6.958908223623515,101.73,102.93943396226413,0.5729035749829269,0.5522435571532274,0.6124479505257583,0.5833290019803054,0.12464873449990228,0.12840414631689767,0.25121810475853307,0.27620356210932373,0.7356228038309506,0.7415676422885662,0.6947842211910157,0.6254069359257374,22.4,13.7,54.8,49.8,118.19897460359064,115.63104039188212,233.83001499547277,2.5679342117085184,110.0,99.0,209.0,11.0,1
401809805,2025-11-27T00:30Z,2026,TOR,11,10,17,2,2,0,0,118.28242174654255,105.30436143152433,107.98182555258968,120.51055748643878,10.300596193952867,-15.206196054914438,101.75000000000001,103.32000000000001,0.5696557117350636,0.48500032784306935,0.606935449328929,0.5353526408313589,0.1305290644571318,0.14508438004954685,0.25066439490249764,0.2685002075596366,0.7451012618808373,0.6921162082046214,0.6834205848273792,0.6297944612983054,21.9,12.2,55.4,44.6,122.42319062826873,109.34649591208067,231.7696865403494,13.076694716188058,97.0,95.0,192.0,2.0,1
401810174,2025-12-03T00:30Z,2026,TOR,22,10,20,3,3,0,0,114.04671046917001,112.33780957562138,107.71452166581071,119.06322873417889,6.332188803359307,-6.725419158557569,100.43641509433964,102.29075471698113,0.5525149358442878,0.5155164918732409,0.5854836397012143,0.5569741402795568,0.14500354787242764,0.16227813449134884,0.26193380406476396,0.3407603073270256,0.748835428476284,0.7169223403555324,0.6833120981335268,0.5850833087214161,19.6,10.8,55.6,49.4,118.14429557395995,111.52646580739703,229.67076138135698,6.61782976656292,121.0,118.0,239.0,3.0,1
401810191,2025-12-05T00:30Z,2026,TOR,13,10,20,2,3,0,0,112.89124480481624,120.0725424265822,107.58932998126647,114.21736695359246,5.301914823549753,5.855175472989717,100.98641509433963,100.4,0.5494593802887322,0.5896440569160623,0.580464556250567,0.6321686293499778,0.14809583119338793,0.15306445467979574,0.2545808628882934,0.2419391580351228,0.7578416396564082,0.782081689372374,0.676551894051894,0.5873420742806639,19.3,15.4,56.0,50.8,114.3414728976953,114.620020844704,228.96149374239928,-0.278547947008704,120.0,123.0,243.0,-3.0,0
401810199,2025-12-06T00:30Z,2026,TOR,30,10,22,1,2,1,0,113.36378839288857,108.34142897930049,110.03352095405448,116.81395431331164,3.3302674388340963,-8.472525334011172,99.84641509433963,100.25641509433963,0.5481291465292074,0.4999724053708129,0.5803904418253059,0.5446941662385117,0.15064865287607765,0.1403735320288456,0.27191077302950006,0.2614041474950449,0.739250853748549,0.7313902758286686,0.704771591021591,0.5900619668845181,18.1,8.6,52.8,48.4,111.69360307273429,109.24361380993867,220.93721688267294,2.4499892627956257,86.0,111.0,197.0,-25.0,0
401810213,2025-12-07T20:30Z,2026,TOR,2,10,23,1,1,1,1,110.77548394250798,126.02226342992647,110.01733707542985,116.72394749972202,0.7581468670781266,9.29831593020444,100.14641509433963,96.87,0.5342951544343457,0.6018475878706183,0.566523346117236,0.6277816495558793,0.15302600883955791,0.12731044166137906,0.27550466341584323,0.30021920057834517,0.7506794251771204,0.726105562850272,0.7038357621445857,0.5688811860833023,18.0,16.5,52.0,46.6,108.69122186546545,112.77141408627354,221.462635951739,-4.080192220808087,113.0,121.0,234.0,-8.0,0
401809834,2025-12-10T01:30Z,2026,TOR,18,10,23,3,3,0,0,110.37321638998135,122.32555236709557,111.34498596784559,111.19918481409336,-0.9717695778642256,11.126367553002208,99.80641509433963,97.89,0.5281533795425709,0.5758867253152136,0.5606464657069128,0.6089910851928287,0.15148249641521647,0.12764307286787396,0.28020960759447167,0.2974608568278645,0.7605939550916504,0.7429424276061674,0.6816652195089268,0.6268157879584312,18.4,14.5,52.0,49.4,109.51017350472577,115.48956935495582,224.9997428596816,-5.979395850230048,101.0,117.0,218.0,-16.0,0
401810243,2025-12-21T00:00Z,2026,TOR,2,10,27,2,1,0,1,106.34944735140861,122.37569112387219,112.39779900100447,115.13446628657134,-6.048351649595873,7.241224837300851,98.87641509433962,98.08,0.5160874535007414,0.5900816259160335,0.541827909676035,0.6206731736105313,0.16501278294814506,0.13566538363208097,0.2829439634805698,0.28122569504072203,0.7321568366545319,0.7282225285208679,0.6902816031253104,0.5393421171024867,17.9,15.9,50.0,41.6,109.05669407800211,112.13235156239146,221.18904564039357,-3.075657484389353,96.0,112.0,208.0,-16.0,0
401810296,2025-12-28T20:30Z,2026,TOR,9,10,31,1,3,1,0,106.01238982415373,112.6515245315439,112.66479092804859,107.82902899800975,-6.652401103894881,4.82249553353415,98.52000000000001,101.66,0.5176523613497308,0.5398343709629037,0.5459058021139843,0.5727789334584689,0.15720795501040613,0.1535201526554279,0.25502667176102534,0.2765716980239096,0.7398077331358213,0.7558975331372885,0.7107973721014452,0.7114275972162727,15.6,10.8,45.0,44.2,103.80642990806516,112.75955007175307,216.56597997981822,-8.953120163687913,141.0,127.0,268.0,14.0,1
401810306,2025-12-30T00:30Z,2026,TOR,19,10,32,2,2,0,0,105.9752489654137,110.9506489760211,111.09213310650905,116.12581563621518,-5.116884141095382,-5.175166660194064,99.17264150943397,100.26603773584905,0.5166053746285868,0.513536862665805,0.5446171793409675,0.5496153142484649,0.1548629299877692,0.1223883178875125,0.2573150012804762,0.25218831043361145,0.7465030942070789,0.7416427700294265,0.693589579893653,0.6529316527275826,15.4,15.5,47.4,52.6,110.73885745780036,110.70979798622002,221.4486554440204,0.02905947158033939,107.0,106.0,213.0,1.0,1
401810323,2026-01-01T00:30Z,2026,TOR,7,10,32,2,2,0,0,109.03983982076723,122.43168689333652,111.67525608954259,118.52935707163462,-2.6354162687753515,3.9023298217019162,98.17264150943397,100.96490566037735,0.5181918919759737,0.5987938476373548,0.5484843413286312,0.634061921927734,0.1421540441520661,0.12401689627572214,0.2708803883982381,0.20687034251623676,0.7347997975037823,0.7477276716629965,0.694117483362733,0.6580435625808037,16.4,16.4,48.2,51.8,113.2939292013919,116.54870600258356,229.84263520397548,-3.254776801191653,103.0,106.0,209.0,-3.0,0
401810343,2026-01-04T00:30Z,2026,TOR,1,10,36,3,1,0,1,107.8940978252843,114.19995688489594,110.00819085771052,116.82447671200308,-2.1140930324262084,-2.6245198271071244,98.27264150943397,106.71,0.507214619248701,0.5611556215553849,0.5375245836159065,0.5874303567114063,0.13688766976652073,0.13389375036452572,0.2728421108862763,0.209659034537454,0.7444823371863221,0.7240027452945131,0.7159276656380316,0.7250145580822931,16.5,16.8,47.2,52.6,115.1585175122195,111.450037552626,226.60855506484552,3.708479959593504,134.0,117.0,251.0,17.0,1
401810359,2026-01-06T00:30Z,2026,TOR,1,10,37,2,2,0,0,109.80821861378664,113.70596489557686,108.65285433057632,118.20498405512724,1.1553642832103261,-4.4990191595503815,99.45264150943396,106.91,0.5175527834999087,0.5646299250296882,0.5507237196121458,0.5908747958000661,0.13526589956311225,0.1326565452020869,0.27239618000556287,0.18992047244595073,0.7648242175282023,0.7333617196534875,0.7012756509860169,0.7244608482262577,16.5,17.3,48.8,52.8,117.63351700445746,114.7163832460692,232.34990025052667,2.9171337583882604,118.0,100.0,218.0,18.0,1
401810405,2026-01-11T23:00Z,2026,TOR,20,10,36,1,1,1,1,111.92702720031032,114.34541417199196,109.70975857534206,111.7034216678979,2.2172686249682725,2.6419925040940617,99.30264150943397,101.2145283018868,0.5151150305149295,0.5278614105759003,0.5502957547530579,0.5714992010730442,0.11254057623442275,0.12735771932901266,0.2682023071614935,0.27985909682285054,0.7652121741931538,0.7524641612257711,0.6719368785229444,0.5700532316909738,18.7,15.9,54.2,51.0,108.74123087491935,108.94775461813882,217.68898549305817,-0.20652374321946354,116.0,115.0,231.0,1.0,1
401810415,2026-01-13T00:30Z,2026,TOR,20,10,37,2,2,0,0,113.69125084353053,112.62825542145706,109.82863052156274,110.75690904487692,3.8626203219677797,1.8713463765801552,99.99716981132076,101.28905660377359,0.5143247844097139,0.528841802732763,0.5533234425901865,0.5740580870159067,0.11012214698372591,0.1368998673820721,0.28655524833796414,0.2727162396799934,0.7533074122883919,0.739321304082914,0.6707935858400175,0.5355188636200203,19.2,15.0,57.0,50.6,112.94580782437319,111.94376777880876,224.88957560318195,1.0020400455644278,102.0,115.0,217.0,-13.0,0
401810445,2026-01-17T00:30Z,2026,TOR,12,10,40,2,2,0,0,113.4792328880942,119.16399923480131,109.73695576315659,111.67681062789612,3.742277124937611,7.487188606905198,99.08716981132075,96.24,0.5064958210167372,0.5628109438251544,0.5435985371540417,0.6113515161171058,0.1038183909273743,0.12604722158624646,0.2947453393389753,0.23749464267587253,0.7501042534400718,0.6914509648103999,0.6816220750831408,0.581266411749342,20.0,13.7,57.8,44.0,109.9477318647324,111.77643926714903,221.72417113188143,-1.8287074024166259,117.0,121.0,238.0,-4.0,0
401810530,2026-01-29T00:30Z,2026,TOR,18,10,47,3,1,0,1,113.86675797144096,113.75247221574348,112.27389577197528,109.16434320305848,1.5928621994656815,4.588129012685027,98.08037735849055,96.68,0.5320716957740268,0.5371990185419696,0.5689808037986845,0.5638221406115653,0.12493981651758876,0.14633932112228779,0.2776149120774282,0.32635413588857426,0.7562178251855671,0.7801998693654444,0.7443527913283942,0.6251468179760031,18.7,14.3,52.4,44.4,108.594053568563,106.7508782514736,215.3449318200366,1.843175317089404,92.0,119.0,211.0,-27.0,0
401810561,2026-02-01T23:00Z,2026,TOR,26,10,49,1,1,1,1,112.18604558756958,112.33358630097112,113.49902650361226,125.40630902306611,-1.3129809160426913,-13.072722722095012,98.59584905660377,102.87,0.5300957162301342,0.554517510508484,0.5713325091192313,0.5886008588534707,0.13793695130392208,0.1495489536978173,0.26259554491976317,0.2285584655133527,0.7754525278642925,0.7193693394058436,0.728621084011321,0.727526854088581,19.4,16.5,50.0,57.0,116.0768577186493,110.33158077711559,226.40843849576487,5.745276941533703,107.0,100.0,207.0,7.0,1
401810582,2026-02-05T00:30Z,2026,TOR,16,10,51,4,2,0,0,111.57391508719093,112.72266512182416,110.85828817026898,111.39667997849385,0.7156269169219125,1.3259851433302925,99.66584905660376,102.93000000000002,0.5354269791700929,0.5491421729946115,0.5768590982758096,0.5809319101304373,0.14643164100474443,0.15126665533507472,0.25547704534602067,0.2641795536580099,0.7550117983810098,0.7593403338021891,0.7130998484900853,0.604290461638309,19.8,19.1,48.2,42.6,112.9322925549715,113.2414326627412,226.1737252177127,-0.30914010776970713,126.0,128.0,254.0,-2.0,0
401810591,2026-02-06T00:30Z,2026,TOR,4,10,51,1,2,1,0,112.02471786023607,114.1697879881604,112.93273242903513,115.04543851298857,-0.9080145687990402,-0.8756505248281679,100.20584905660375,102.67999999999999,0.5416067544509917,0.5688502631751561,0.5828894150227418,0.6008249702870263,0.14675894023237754,0.13777290859693148,0.2513242214257549,0.19405977418046955,0.7530459864151979,0.7995030219972421,0.7108754771167778,0.7158444243613816,19.5,18.6,48.6,46.8,111.71810456765384,115.18971919434352,226.90782376199735,-3.4716146266896857,123.0,107.0,230.0,16.0,1
401810614,2026-02-08T20:00Z,2026,TOR,11,10,52,2,1,0,1,113.23089794769471,107.46117720109358,112.10143254902898,116.01017038061318,1.1294653986657064,-8.548993179519597,100.66999999999999,102.32,0.5513768693935204,0.534443686870211,0.5897910845181207,0.5655760301568603,0.14149209478288371,0.14852809123147132,0.2469952170967505,0.19981497811464516,0.740545986415198,0.7634473580655624,0.7108754771167779,0.7194453456341462,18.9,14.3,49.8,45.8,116.33411114990803,108.07985932145512,224.41397047136314,8.254251828452908,122.0,104.0,226.0,18.0,1
401810636,2026-02-12T00:30Z,2026,TOR,8,10,52,4,2,0,0,115.32386470161732,117.94734642111273,110.73146217424649,108.03300873438802,4.592402527370817,9.914337686724693,101.40999999999998,99.78,0.5589303685259669,0.5457978288844588,0.5985247213776098,0.587313091976174,0.14362973448381008,0.12246291136894398,0.2605870538314444,0.2768565135304342,0.7460654669346785,0.730863588058858,0.6963725531401697,0.6136412966827589,20.9,18.4,51.4,58.4,112.34292341647478,115.01972375325079,227.36264716972556,-2.6768003367760116,95.0,113.0,208.0,-18.0,0
401810689,2026-02-25T00:30Z,2026,TOR,25,10,58,3,3,0,0,111.2984585212696,115.96411812884142,109.11987615175829,109.49125957439583,2.178582369511315,6.472858554445604,100.66,98.89,0.5272874654138727,0.5546359397352167,0.5726418850316121,0.5902753707144861,0.13994242406440605,0.14757718996251531,0.25644409767798626,0.2774865767307627,0.7397496148828774,0.7219660668788576,0.6885789909432127,0.6485649159655847,19.6,13.4,48.0,42.8,110.14647061497509,112.28877764673419,222.43524826170926,-2.1423070317591026,107.0,116.0,223.0,-9.0,0
401810698,2026-02-26T00:30Z,2026,TOR,24,10,58,1,2,1,0,110.64631022024746,118.8895322015594,109.54248775128379,106.0857080060102,1.1038224689636769,12.803824195549202,101.64999999999999,104.50999999999999,0.5341056472320546,0.5744383046882794,0.5771430496661534,0.6052562853280393,0.1436302460251776,0.13607509405083004,0.24508046131434993,0.27087046266654974,0.720344020477283,0.7714474487603167,0.6860740469748541,0.6705711803994162,18.2,19.8,47.4,58.4,108.3525717279988,117.73386308369537,226.08643481169418,-9.381291355696575,107.0,110.0,217.0,-3.0,0
401810742,2026-03-04T00:30Z,2026,TOR,18,10,62,3,3,0,0,113.959539024884,112.41244114225444,108.57039733651577,106.33285145406364,5.389141688368246,6.079589688190801,101.34,98.49830188679246,0.5471137492070217,0.5426005513108214,0.587508203344061,0.5720966176137272,0.1330300282149427,0.12979040414027748,0.2534932366066573,0.23803919890270886,0.7143074100289077,0.7607096440304157,0.6499285361389406,0.6765168283052339,17.5,16.7,49.6,43.6,110.05714307973777,110.40208796930193,220.45923104903972,-0.3449448895641609,95.0,111.0,206.0,-16.0,0
401810779,2026-03-08T22:00Z,2026,TOR,6,10,63,2,1,0,1,112.62347935323871,106.88662327579723,110.19542971342185,117.46585555515298,2.428049639816861,-10.579232279355772,99.69,101.81,0.5425368980991025,0.5184557048185393,0.5820178555732314,0.5558040183691947,0.13260224854245745,0.1457020147484969,0.24239227448267728,0.21940268623487982,0.7436616589429512,0.7466719855102937,0.6433439116300816,0.5954195473936091,16.6,14.1,50.2,50.8,115.90750246010232,106.07443166751953,221.98193412762186,9.833070792582788,122.0,92.0,214.0,30.0,1
401810818,2026-03-13T23:30Z,2026,TOR,21,10,66,1,1,1,1,111.30539712762793,111.88179636666473,109.95392212224799,109.21589222969342,1.3514750053799713,2.6659041369712897,100.15,94.87862068965518,0.5297624721929239,0.5262153264083698,0.569443584630206,0.5547736732306843,0.12192589402741363,0.1394919149738296,0.2186923862439027,0.2985449269708015,0.7407598801665515,0.7079842873433854,0.63301765292147,0.6077268997989485,16.7,14.7,48.6,36.6,104.29431002295209,104.91596192673387,209.21027194968596,-0.6216519037817818,122.0,115.0,237.0,7.0,1
401810833,2026-03-15T19:30Z,2026,TOR,8,10,66,2,2,0,0,113.36721902352511,117.08418929126,112.15131666079995,110.29283687897933,1.2159023627251764,6.791352412280682,99.35999999999999,99.56226415094339,0.545279268058557,0.5462610559178078,0.5807212627988747,0.5861557178281512,0.12095077310085603,0.14061043376340848,0.21700156498786405,0.3236578377655487,0.750387209359098,0.7490214841962443,0.6268391632189527,0.6529997611084567,15.7,16.4,49.6,59.4,111.22741180063187,114.00011466942705,225.22752647005893,-2.7727028687951787,119.0,108.0,227.0,11.0,1
401810926,2026-03-28T00:30Z,2026,TOR,3,10,74,2,2,0,0,116.31173960959282,117.23510784803439,115.37364895916399,113.89220403773363,0.9380906504288322,3.34290381030076,99.64000000000001,99.67999999999999,0.5658483187027908,0.5536679511894773,0.5934932613072041,0.5906669417234204,0.13315095573321142,0.1326927150708827,0.23664299445882714,0.2721299934227759,0.7320709641372652,0.714633261284501,0.6833564542132318,0.6166061715263843,16.9,15.3,53.2,56.6,114.71062511946278,115.90894351702694,230.6195686364897,-1.1983183975641651,119.0,106.0,225.0,13.0,1
401810941,2026-03-29T22:00Z,2026,TOR,19,10,73,1,3,1,0,116.16816699494515,118.13244847570729,116.86600068050492,120.57755163667886,-0.697833685559781,-2.445103160971609,99.51,100.57943396226415,0.5670480923304082,0.5436679936630987,0.5941780199912012,0.5932575760398342,0.13915594490548328,0.12477091693657338,0.24930269248437878,0.2463448776048276,0.7284805386053503,0.7478806035136569,0.6771064542132318,0.6133953307325128,16.5,11.6,52.8,46.8,114.87301832242841,117.55176668419102,232.42478500661943,-2.678748361762615,139.0,87.0,226.0,52.0,1
401810963,2026-04-02T00:00Z,2026,TOR,23,10,76,1,4,1,0,119.43430225725096,112.8188417588301,113.86047637519057,124.29230571405367,5.5738258820604445,-11.473463955223583,100.52000000000001,98.48999999999998,0.5870472341559905,0.5555839164072727,0.6100571028006488,0.5804587878861109,0.13897630335119662,0.14717178944517895,0.2617130839931975,0.276354184604129,0.7490300310655978,0.7448222685765227,0.716729809021265,0.648296994527142,17.8,10.7,59.2,50.2,117.62227821199563,112.77862775462863,230.40090596662426,4.843650457367005,115.0,123.0,238.0,-8.0,0
401811006,2026-04-07T23:30Z,2026,TOR,14,10,78,2,3,0,0,116.17911205580253,118.7969663985828,114.30673788782742,125.913747289757,1.8723741679751094,-7.116780891174176,100.26000000000002,103.79,0.5777045419644611,0.5565257676315778,0.598856224177094,0.5955803437946278,0.1385064716708631,0.11152745017853587,0.24880232923293408,0.22983053212245755,0.7131919250891828,0.7558462014603535,0.7633397751421007,0.67338716153793,20.3,17.8,60.6,54.2,123.49761987365356,118.91202714910503,242.40964702275858,4.585592724548533,121.0,95.0,216.0,26.0,1
401811020,2026-04-09T23:00Z,2026,TOR,14,10,79,2,2,0,0,115.57437552654596,118.11372531338183,110.53326120026941,124.95103973145919,5.041114326276549,-6.837314418077358,101.25,103.39000000000001,0.57628335333397,0.5550008880168105,0.5960891090737395,0.5924051553318288,0.13941581854706886,0.11207186538586733,0.2519145741308933,0.2254383752597125,0.7172682924782436,0.7496242004648334,0.7600002575168687,0.6799528181035865,20.3,18.3,62.6,52.0,123.05280244599545,116.975798300384,240.02860074637945,6.077004145611454,128.0,114.0,242.0,14.0,1
401811047,2026-04-12T22:00Z,2026,TOR,17,10,81,2,1,0,1,116.078066558101,103.19798894694243,110.61975960062406,116.43854796601008,5.458306957476912,-13.24055901906768,99.38999999999999,100.25,0.563108061067566,0.5142521084314783,0.5884121778973329,0.5561699564007291,0.12910914400165696,0.1491264860251749,0.2600679704421843,0.16229793700111939,0.7454570075090639,0.743366344943081,0.7147959623125737,0.6208977407631018,18.2,12.4,60.6,45.8,116.04904230898383,103.51494515108773,219.56398746007156,12.534097157896099,136.0,101.0,237.0,35.0,1
401810060,2025-11-11T02:00Z,2026,UTA,16,9,10,3,1,0,1,108.69751695013582,119.34375023757227,116.25576969649647,114.59583529922202,-7.558252746360641,4.747914938350247,101.90607966457023,101.61999999999999,0.49782635702675954,0.5941840262922875,0.5531943519598909,0.6264423062642492,0.16997198459442434,0.15147610293178446,0.31729929146483976,0.25510701412742287,0.7403696680870594,0.7139861975978467,0.7160119595613819,0.611728866445784,14.444444444444445,15.0,47.55555555555556,51.6,113.61505149617935,116.28031815786173,229.89536965404108,-2.665266661682381,113.0,120.0,233.0,-7.0,0
401810066,2025-11-12T02:00Z,2026,UTA,11,10,10,1,2,1,0,108.70360741104139,101.485270583345,116.17975961808841,112.09804306982566,-7.476152207047003,-10.612772486480656,102.1054716981132,103.81310344827587,0.4969910897451363,0.4578189218274925,0.5513989789086536,0.5000305433273059,0.16741174474903386,0.137323959397659,0.31694191133796357,0.2714975527983677,0.7492595305466462,0.7649723562966214,0.7233581320262964,0.6149046491258846,14.4,14.8,46.4,46.4,110.25786604820354,112.05318219568727,222.3110482438908,-1.7953161474837316,152.0,128.0,280.0,24.0,1
401810082,2025-11-14T02:00Z,2026,UTA,1,10,12,2,1,0,1,109.59071326522891,113.92335300685802,116.99279183715672,108.76987414192278,-7.402078571927804,5.15347886493524,103.1154716981132,101.9,0.4978094305747214,0.5591056144879492,0.5548347136602116,0.5938936945392225,0.16800532147845568,0.14352140357047766,0.3202247396207919,0.23440331068405093,0.7485946369296249,0.7155416104750507,0.7187012692811984,0.7143253552801319,14.6,19.9,46.6,53.4,111.91824706888569,114.80285221792087,226.72109928680658,-2.884605149035181,122.0,132.0,254.0,-10.0,0
401810095,2025-11-17T01:00Z,2026,UTA,4,10,11,3,4,0,0,110.31033807181362,115.35606840979764,118.52840330615405,115.99540573860163,-8.21806523434041,-0.6393373288039534,104.08547169811318,103.29,0.5053043749629924,0.5658917846363455,0.5594607060824599,0.6012689245876879,0.16988276395181096,0.15161164272316388,0.3211862780823303,0.24735431688239234,0.7395037278387158,0.7672427036128653,0.7395784622636544,0.6680968731484501,15.0,19.7,46.6,56.6,117.32565092669306,121.25475661239874,238.5804075390918,-3.9291056857056788,150.0,147.0,297.0,3.0,1
401809797,2025-11-22T03:00Z,2026,UTA,25,10,16,3,2,0,0,109.73518216894851,120.21115898847515,119.1842515384001,101.4545302654302,-9.449069369451582,18.756628723044948,103.86310344827587,101.80000000000001,0.5132904666447362,0.5753267524310406,0.5614445931335393,0.6192311084749941,0.15716063134667105,0.1324942698000137,0.2749386573484097,0.2397568732636952,0.7514581780007131,0.7724586256188564,0.7329777676620888,0.6109241260550633,15.1,14.1,47.2,51.0,108.58482918900815,123.08700770057804,231.6718368895862,-14.502178511569895,112.0,144.0,256.0,-32.0,0
401810137,2025-11-24T01:00Z,2026,UTA,13,10,15,2,5,0,0,111.06167249662319,116.988294169244,121.42195198770733,113.2329835033756,-10.360279491084125,3.755310665868415,104.09310344827585,100.83000000000001,0.526518314746002,0.5734732950120195,0.572952099217706,0.6161767819806212,0.16341803363644603,0.15987289894756976,0.284224371634124,0.2540283038868655,0.7596399961825313,0.7600582577581164,0.7352584694164748,0.615621343424824,14.9,12.8,47.2,50.8,114.907892485958,122.13941884087463,237.04731132683264,-7.231526354916625,106.0,108.0,214.0,-2.0,0
401809819,2025-11-29T02:30Z,2026,UTA,23,10,19,4,2,0,0,111.32507248015665,105.08387660767869,121.42598738328479,120.27208761536174,-10.100914903128142,-15.188211007683009,105.25310344827585,102.38113207547171,0.5335351011510864,0.5176836232065746,0.5732927636922313,0.5516242813412366,0.15970952433534852,0.14262297917342362,0.2755290767024513,0.20767374052730753,0.7588112592823658,0.7273712466942696,0.7353172600099798,0.6393256611645572,15.9,15.3,48.4,49.2,120.21874821475986,117.57800612087935,237.7967543356392,2.6407420938805046,128.0,119.0,247.0,9.0,1
401810156,2025-11-30T20:00Z,2026,UTA,10,10,16,1,3,1,0,113.3572076869657,119.98546034462808,121.50370009925382,110.43408000437005,-8.14649241228816,9.551380340258024,105.62310344827588,98.11377358490566,0.5439333903785657,0.5357446850152506,0.5823316140794805,0.5698597021631128,0.15726590172427735,0.1444910837359577,0.2824179655913402,0.39629026409850293,0.7620721288475832,0.720162458973076,0.7387804634731833,0.5608796788083896,15.2,14.4,49.8,53.0,110.56675479905753,123.00061846550355,233.56737326456107,-12.433863666446015,101.0,129.0,230.0,-28.0,0
401810171,2025-12-02T02:00Z,2026,UTA,10,10,17,2,2,0,0,114.18161121547197,120.93988649590463,121.32461064333056,110.05305518929012,-7.142999427858584,10.886831306614503,105.14310344827587,97.71377358490567,0.5513439319646392,0.5409796912744972,0.5895238017367845,0.5764714691875582,0.15708089195576155,0.14792850917141462,0.27378160195497653,0.40413955766208226,0.7587457255211799,0.7247079135185304,0.7408317455244652,0.5656804034460707,14.6,14.7,50.8,52.6,113.71886037361828,122.8625482641985,236.58140863781676,-9.14368789058021,133.0,125.0,258.0,8.0,1
401810218,2025-12-08T01:00Z,2026,UTA,25,10,23,2,2,0,0,113.54941198490326,121.19048513581683,122.58294916339291,105.719617009803,-9.033537178489684,15.470868126013826,104.11310344827587,101.47,0.5430610606123213,0.5993083665580781,0.586802186264753,0.637607314762417,0.14345092025746933,0.12591692964416865,0.2504826822046502,0.1986936308689003,0.7385738957100144,0.7312929771359372,0.7135650493723202,0.6167783757779312,13.4,13.5,50.4,54.0,112.69501867705426,125.2892479036898,237.98426658074408,-12.594229226635534,101.0,131.0,232.0,-30.0,0
401836805,2025-12-16T02:00Z,2026,UTA,6,10,26,3,3,0,0,111.59241790416215,114.36716295395408,122.17360807749353,113.90096183147664,-10.581190173331382,0.46620112247743306,104.17,100.66000000000001,0.540014248061033,0.5529657777749157,0.5780890569592777,0.5837017431156462,0.1481031850539946,0.12679272944158898,0.24964169083734297,0.22707290584366996,0.7542770081112399,0.7408815644289104,0.7168813759029324,0.6241756275063512,11.8,17.9,49.2,50.6,115.46952242812723,121.12661532592854,236.59613775405577,-5.657092897801306,140.0,133.0,273.0,7.0,1
401810234,2025-12-19T02:00Z,2026,UTA,13,10,25,3,4,0,0,112.9964005115418,119.30968996923704,119.90240593609576,119.37717137569219,-6.906005424553965,-0.06748140645512901,104.18226415094341,99.77000000000001,0.5400338226401795,0.5732632611285728,0.5783301527548874,0.6173535871356641,0.13253248242240037,0.13899992441926945,0.23202264321829538,0.2441851342759273,0.7378619137716173,0.7628049791463782,0.7039340074818798,0.565276857641965,12.4,13.8,52.4,49.0,118.48279028810848,121.96962143046312,240.4524117185716,-3.486831142354646,135.0,143.0,278.0,-8.0,0
401810248,2025-12-21T02:30Z,2026,UTA,19,10,27,2,2,0,0,115.90486127329237,114.07359882269365,123.38904755674871,112.46737075470553,-7.484186283456367,1.6062280679881134,104.05226415094342,103.47999999999999,0.5532163399434349,0.5230572502097607,0.5914327495628414,0.5588050795921516,0.13173834791984879,0.12045044068470248,0.23247718867284087,0.2630019898484944,0.7201293556320824,0.785858370098997,0.7085270307376937,0.6183569577736091,11.5,18.0,51.2,58.6,118.48651595493747,123.20290163600123,241.68941759093872,-4.716385681063755,127.0,128.0,255.0,-1.0,0
401810274,2025-12-24T02:00Z,2026,UTA,29,10,29,1,1,1,1,114.79913003170063,112.23092114281454,123.81253622477043,108.82508255142045,-9.013406193069816,3.4058385913940556,103.49830188679246,103.52000000000001,0.5434865295239695,0.5493285288910553,0.5829163869138456,0.58296021354885,0.13028545926574156,0.16206873901101027,0.22731920724127455,0.26655459596448233,0.7294668140196927,0.7552522843754969,0.7146949071442832,0.6656695052602981,11.9,12.9,49.2,49.8,112.26368901809238,118.49839061063294,230.7620796287253,-6.23470159254056,128.0,137.0,265.0,-9.0,0
401810285,2025-12-27T02:30Z,2026,UTA,8,10,30,3,3,0,0,116.93365684792407,114.54090293935587,124.04021413295644,105.8630839517813,-7.106557285032378,8.677818987574607,103.93830188679246,102.09679245283019,0.5473880446754846,0.5202051193468771,0.5900023549632687,0.557236459836844,0.12581732674457086,0.14553117003934074,0.23353132845339575,0.355102532537845,0.7457061302590089,0.7358375275597748,0.705143625093001,0.6133421457905588,12.5,19.9,48.6,58.8,114.75986877306939,122.89020740911606,237.65007618218544,-8.130338636046673,131.0,129.0,260.0,2.0,1
401810314,2025-12-31T02:00Z,2026,UTA,2,10,31,3,3,0,0,116.48958456105944,120.5898503667825,124.21788929995986,110.36296174965769,-7.728304738900431,10.226888617124803,104.47830188679245,98.76,0.5539208425335836,0.5791646673191282,0.594679690433845,0.61007852789839,0.13273414149764232,0.13849091408175668,0.2266027307353243,0.284522977452544,0.7493191838720625,0.7419229817452765,0.713101778051154,0.5414353440909305,12.4,15.0,48.0,43.4,115.26281572721273,124.38577324653168,239.6485889737444,-9.122957519318959,119.0,129.0,248.0,-10.0,0
401810386,2026-01-09T02:00Z,2026,UTA,6,10,37,1,2,1,0,114.68852052083066,108.29075372318019,122.32679772869963,111.69592390922749,-7.638277207868984,-3.4051701860473265,102.62716981132075,104.1267924528302,0.5470105925744991,0.5357276530534103,0.5875080571487493,0.5700255422119701,0.1470446626266866,0.14534158961010937,0.2550596276381298,0.21101006931354074,0.7214107149066797,0.731310063358208,0.7187789417319034,0.5595268873280709,15.4,18.5,52.8,63.6,113.50426113614134,119.20273132583215,232.70699246197347,-5.698470189690809,116.0,114.0,230.0,2.0,1
401810402,2026-01-11T02:30Z,2026,UTA,30,10,38,2,2,0,0,114.59746049898347,120.23451965542343,121.94628077543955,115.58006782027557,-7.348820276456079,4.654451835147883,102.79113207547171,98.18999999999998,0.5542787630005643,0.5650834825274369,0.5911204679047913,0.6013676856221121,0.14501548001471987,0.15241779312418757,0.24375010382860607,0.3216091368851467,0.7286261620611512,0.7633818283060197,0.7095913208421548,0.6665749823259102,15.5,13.8,54.2,42.6,115.65335054984658,121.68442859384682,237.3377791436934,-6.031078044000239,95.0,150.0,245.0,-55.0,0
401810471,2026-01-21T02:00Z,2026,UTA,16,10,43,2,3,0,0,112.56676581607769,119.22799802063423,125.23127162310968,113.40074097881013,-12.664505807031997,5.827257041824137,102.7611320754717,102.75,0.545501541328725,0.5900989018585271,0.5786054368367228,0.6138755981737771,0.1457288025973599,0.13726013170231524,0.25524549263141433,0.28281271472205843,0.7308664045742302,0.7598312511125875,0.6990917154670954,0.5895834627803938,17.4,17.3,57.2,53.2,116.0970953342231,125.59775312707202,241.69484846129512,-9.500657792848926,127.0,122.0,249.0,5.0,1
401810487,2026-01-23T02:00Z,2026,UTA,24,10,45,2,2,0,0,112.87150057265288,109.5625024233178,124.15046628270473,107.43372224465695,-11.278965710051832,2.128780178660817,103.6011320754717,100.24,0.5476867859157337,0.5129324876186863,0.5821361253333679,0.5507916023647397,0.14640132068083622,0.11946601254906927,0.25194878933471104,0.23032782884659567,0.7345202507280765,0.7670349257160403,0.6925639376893176,0.647194791496723,17.3,13.3,57.2,45.6,112.26816505304868,119.1007903043873,231.368955357436,-6.8326252513386265,109.0,126.0,235.0,-17.0,0
401810504,2026-01-25T02:30Z,2026,UTA,14,10,45,2,2,0,0,112.04405690955711,108.59832939449805,123.01978752078665,115.01533823445838,-10.975730611229503,-6.417008839960353,103.6311320754717,105.8,0.546152969490613,0.516409349802088,0.5802672345143981,0.5474982314165439,0.14833914861905428,0.1369626347129014,0.2452821226680444,0.24546737349514017,0.7503535840614098,0.745760690934604,0.6935458498340203,0.6761306336998761,16.2,16.9,57.4,50.0,118.88326543345755,121.27011108689258,240.15337652035015,-2.3868456534350315,116.0,147.0,263.0,-31.0,0
401810525,2026-01-28T03:00Z,2026,UTA,12,10,45,3,2,0,0,111.9080153484443,115.89279198612951,125.32674688980788,110.12588894588353,-13.418731541363579,5.766903040246008,104.04,97.92584905660377,0.5486843051741226,0.5610393832379791,0.5838860194394356,0.611740382988553,0.144031796022619,0.15083321835837277,0.22807905753394472,0.23904053706440073,0.7219866354602387,0.7205803710651462,0.708017092876692,0.5626216968421421,17.0,14.3,57.4,49.6,112.10816500039157,121.79527244530284,233.9034374456944,-9.687107444911277,103.0,115.0,218.0,-12.0,0
401810533,2026-01-29T02:00Z,2026,UTA,9,10,48,1,2,1,0,111.0961314323201,116.3233568919394,125.9578923071925,108.84642376706309,-14.861760874872374,7.476933124876358,103.59,103.54,0.5448075400906822,0.5766985177011752,0.582995646320877,0.6006285851555746,0.15274692829688097,0.13416370909871148,0.23427275122763844,0.2155479737595322,0.7153664264010051,0.7373537254221707,0.7156076621693891,0.6891560935471307,15.9,13.8,55.0,49.8,110.47500103673698,125.45928786654046,235.93428890327743,-14.98428682980348,124.0,140.0,264.0,-16.0,0
401810549,2026-01-31T02:30Z,2026,UTA,17,10,46,2,1,0,1,113.31131579581086,106.79539624134505,124.25616005922893,121.62309464339023,-10.944844263418073,-14.827698402045197,104.15,95.03172413793104,0.5571433986765408,0.5126041871542202,0.5958021692004027,0.5495371092612398,0.15570502829495653,0.14494284348199624,0.2392727512276384,0.23638693410860512,0.7358167078268962,0.7712272726733318,0.7408601874219143,0.6798233213248235,16.8,10.8,55.4,42.6,116.98660232652105,111.60152482059888,228.58812714711993,5.385077505922169,99.0,109.0,208.0,-10.0,0
401810641,2026-02-12T02:00Z,2026,UTA,23,10,55,2,2,0,0,110.03730091027406,110.47958226039243,118.1750038754798,121.40030265652592,-8.13770296520573,-10.920720396133486,103.07000000000001,98.82000000000001,0.5299131317508127,0.5096866433782438,0.5673637196515242,0.5507764646848152,0.15324797027300358,0.15224639915489283,0.2543434386405511,0.31650475200156863,0.7381818632425853,0.740613580890271,0.7040835082356606,0.5805195757123374,15.9,14.1,56.2,48.8,116.81234446025313,115.40768598742814,232.22003044768127,1.4046584728249911,121.0,93.0,214.0,28.0,1
401810645,2026-02-13T02:00Z,2026,UTA,22,10,55,1,1,1,1,111.34663799760918,110.32559258491426,114.9967016882579,115.93265600137215,-3.650063690648716,-5.6070634164579145,102.97,103.1,0.5388407803296241,0.5352615672732925,0.5763884426907564,0.5594738334921134,0.15441762357347946,0.18579409862883428,0.2548989941961067,0.3391945860427685,0.7298197942770679,0.7469661786439884,0.7043309105117616,0.6035689808242505,17.4,13.3,56.6,48.4,113.57595197734744,112.59800056361601,226.17395254096346,0.9779514137314322,119.0,135.0,254.0,-16.0,0
401810711,2026-02-27T02:00Z,2026,UTA,3,10,59,3,2,0,0,109.93918084862628,114.03536558855987,112.24809662212019,113.68225743371836,-2.3089157734938808,0.3531081548415066,103.94000000000001,101.331320754717,0.531138877448847,0.5532081172501636,0.5665235906981974,0.5877121858536414,0.15719983325098122,0.1270068002327957,0.2632843205162156,0.2182497764778383,0.742775138199393,0.6975013269909012,0.6518985374272146,0.6054995348266007,19.7,21.4,55.8,55.8,114.75766996321579,116.12376288234097,230.88143284555676,-1.3660929191251796,118.0,129.0,247.0,-11.0,0
401810722,2026-03-01T02:30Z,2026,UTA,3,10,60,2,2,0,0,110.63688739739666,115.30174811082641,112.92738187587352,114.67143750405077,-2.2904944784768415,0.6303106067756474,105.04,101.501320754717,0.5313952877052573,0.5594581172501637,0.567621229410656,0.594968681258747,0.16270319513732182,0.12868237731790022,0.284712891944787,0.22357445180251362,0.7345796494775886,0.6981506776402518,0.64745409298277,0.6301203639469242,21.1,21.1,55.6,55.4,116.33869750544461,117.84686485538249,234.1855623608271,-1.508167349937878,105.0,115.0,220.0,-10.0,0
401810736,2026-03-03T02:00Z,2026,UTA,7,10,61,2,2,0,0,111.33983043432997,116.3022786261489,113.93581719231672,110.58436855237287,-2.5959867579867373,5.717910073776018,104.8,102.05248536109305,0.5320202877052573,0.5526067607010017,0.5674867487295299,0.5904399041173662,0.14678871103718036,0.1420855139034138,0.2684489179094462,0.2641552668923089,0.7293006147867891,0.8021900545968867,0.6576813657100428,0.6660183365844798,21.9,16.2,55.0,52.6,114.76393030542312,119.06330586213775,233.82723616756087,-4.299375556714637,125.0,128.0,253.0,-3.0,0
401810789,2026-03-10T01:00Z,2026,UTA,9,10,63,2,2,0,0,111.10437893753749,111.78521241908281,115.55613885417685,116.130728265132,-4.451759916639395,-4.345515846049182,102.07000000000001,99.2477358490566,0.5222147734076193,0.5462007573787814,0.5620006563115956,0.5677900637592563,0.14217853295709323,0.15464006790306503,0.2711660308983158,0.28574791288184487,0.7074958690536155,0.7124894004225181,0.6545226021065297,0.7488206544241306,20.4,9.7,48.2,50.2,114.36614321864768,114.41961525799418,228.78575847664186,-0.05347203934650224,119.0,116.0,235.0,3.0,1
401810804,2026-03-12T01:00Z,2026,UTA,18,10,67,2,2,0,0,111.07348509953704,113.41100215874819,118.02347929106047,105.53621738662773,-6.949994191523414,7.874784772120462,101.93,98.31,0.5142643671313515,0.5567256308429671,0.5581735369067453,0.5828208964595959,0.1414193981878062,0.15152472634702993,0.2786660308983158,0.2662301737700918,0.6994293665905612,0.7956464053460254,0.6546821765746149,0.6802083899662529,19.4,17.2,47.0,47.6,108.43481706457409,115.85610141377423,224.29091847834832,-7.4212843492001355,117.0,134.0,251.0,-17.0,0
401810869,2026-03-20T01:00Z,2026,UTA,15,10,68,1,2,1,0,112.03039407325636,108.0286273122673,120.14824354952334,121.70825312928093,-8.117849476266992,-13.679625817013624,100.81000000000002,98.5,0.519997165700605,0.5528536475022033,0.5636868648465992,0.5729569267964654,0.14189931181353382,0.15095922242413443,0.2751909069884092,0.19159186063316172,0.7007128832094438,0.7325565612400147,0.6577886082600498,0.6559344187972338,18.1,11.2,44.6,36.6,112.97214070179895,113.69483032865874,226.6669710304577,-0.7226896268597898,128.0,96.0,224.0,32.0,1
401810885,2026-03-22T01:30Z,2026,UTA,20,10,70,2,2,0,0,114.5993132468031,108.24160785115482,118.56913022175304,114.40444030111931,-3.9698169749499406,-6.162832449964472,100.53,102.61000000000001,0.5434171095208297,0.512840353993203,0.58162382320741,0.550677448002347,0.15202809424467234,0.14065689839092715,0.28392623945255524,0.26222944702949136,0.7128774628158838,0.7260831656010053,0.6558946688661103,0.5773112476165634,19.0,19.1,45.2,58.2,116.29955623931241,115.18583333032626,231.48538956963867,1.1137229089861478,116.0,126.0,242.0,-10.0,0
401810898,2026-03-24T01:00Z,2026,UTA,28,10,70,2,1,0,1,112.64265776969091,114.3039430959013,117.25209921870871,114.67195022705792,-4.609441449017803,-0.36800713115660566,101.42,98.47999999999999,0.528845888590597,0.5517146737333026,0.5703821883960046,0.5884420723505348,0.15028438317650838,0.13612927178187778,0.28444223532458823,0.22801635539740545,0.7007562506946716,0.7423129062507491,0.6757081886796301,0.6448456786292854,19.5,15.9,45.4,51.0,113.6004753463752,112.24852818232453,225.84900352869974,1.3519471640506708,127.0,143.0,270.0,-16.0,0
401810912,2026-03-26T01:00Z,2026,UTA,27,10,71,2,4,0,0,113.8643560793402,110.10329978013013,119.52622940301384,125.87332248380642,-5.661873323673648,-15.77002270367628,102.54,102.69943396226415,0.535937892971758,0.5602162884931664,0.5797594305276499,0.5895346475969894,0.15146434328922928,0.1677769472631331,0.2785809913054495,0.2131980574825218,0.7133578767109318,0.6487805203221428,0.6786996416710832,0.5996543393500778,21.0,13.1,46.2,40.6,123.00906361931861,117.82258647642422,240.83165009574282,5.18647714289439,110.0,133.0,243.0,-23.0,0
401810951,2026-03-31T01:00Z,2026,UTA,5,10,74,2,4,0,0,111.69782447393149,123.22940387186732,122.41149468394076,117.73971728837753,-10.713670210009274,5.489686583489794,105.15,99.92999999999999,0.5433870268451616,0.5893348530190596,0.5765152178958772,0.6230941157527682,0.1461358215302907,0.11881639049336604,0.2470540552785135,0.23656157961009713,0.6951145448560568,0.7761412223296809,0.675522587287723,0.6440163387155867,24.8,12.7,54.8,53.6,117.63262766153582,125.94008868956278,243.57271635109862,-8.307461028026964,113.0,122.0,235.0,-9.0,0
401810967,2026-04-02T01:00Z,2026,UTA,7,10,76,2,3,0,0,110.79775549802386,123.79394121325122,120.64538348001906,115.34189814333133,-9.847627981995217,8.452043069919906,105.57000000000001,101.76301886792454,0.5410163371899892,0.5997464079293154,0.5735365099808514,0.6356296445911045,0.14549013324194884,0.12182629752107901,0.2376848530521684,0.19743356603145107,0.7060760833175953,0.7812644735115676,0.6802844920496277,0.7270591822352619,25.3,19.3,55.0,51.0,117.21554268802255,126.70085779673136,243.91640048475392,-9.485315108708804,117.0,130.0,247.0,-13.0,0
401811036,2026-04-11T01:30Z,2026,UTA,29,10,80,3,2,0,0,109.67640380504425,109.76099584393151,127.43258733308986,128.58132866338568,-17.756183528045597,-18.82033281945413,107.09,102.08,0.5253994823246515,0.539007273607224,0.5588794252701426,0.5745603249594292,0.12773481899972502,0.14667715374116644,0.23300012478253448,0.20048667267595727,0.7179200734642693,0.6324469529311718,0.6871559925618724,0.6384851797669135,24.2,12.9,60.2,44.8,124.59092475105375,124.03445448284391,248.62537923389766,0.5564702682098357,147.0,101.0,248.0,46.0,1
401810000,2025-11-01T23:00Z,2026,WAS,19,5,6,1,2,1,0,109.39869712846784,112.19497072951299,119.4369251480397,116.42610249319972,-10.038228019571854,-4.231131763686727,105.9577358490566,103.2,0.5420304076579111,0.5350512420387378,0.5708035415995711,0.5801530268699847,0.15635370360920814,0.16126119692077534,0.22437293030419717,0.2916698457488979,0.766855825502348,0.7327684136194774,0.6146492486596693,0.5485866007537834,18.6,18.166666666666668,44.0,55.0,114.5400341845296,121.11900723043338,235.65904141496299,-6.57897304590378,94.0,125.0,219.0,-31.0,0
401809511,2025-11-08T00:00Z,2026,WAS,5,8,8,2,2,0,0,105.15519014578139,111.83382215819934,120.7189122384388,110.61680929032246,-15.563722092657425,1.2170128678768677,105.01108490566037,103.9625,0.5308952881699183,0.5482962659688461,0.5570443606252025,0.5851021106608048,0.16570200241070548,0.1559706037587126,0.21992942676146854,0.23904510309370053,0.7600602531603227,0.7177663818029267,0.6238656319642502,0.6609329658436801,16.625,17.25,45.75,41.75,112.72662061106188,121.49344646619836,234.22006707726024,-8.766825855136489,115.0,148.0,263.0,-33.0,0
401810038,2025-11-09T00:00Z,2026,WAS,6,9,9,1,1,1,1,105.54857481557379,101.86400021045199,122.84865292860178,110.00283399851394,-17.300078113027983,-8.138833788061936,105.09874213836477,103.90000000000002,0.5311254820362643,0.5047161561140734,0.5583318015683937,0.5471705880042412,0.16829465956776005,0.15739491314238793,0.2325298608250091,0.19105474894496355,0.7343093235638927,0.7354181616250393,0.6412680956213389,0.6208903952856814,17.666666666666668,16.333333333333332,46.22222222222222,46.888888888888886,109.24618527261966,113.8893049829445,223.13549025556415,-4.643119710324839,105.0,111.0,216.0,-6.0,0
401810090,2025-11-16T23:00Z,2026,WAS,17,10,12,3,1,0,1,106.295662465232,107.6930113203611,124.64986680860477,122.59380272012336,-18.354204343372764,-14.900791399762289,103.59641509433962,99.09,0.5305952726501145,0.49863830699457135,0.5613389041934731,0.5467485474874377,0.1706983191836612,0.14694464680905103,0.24045203462895412,0.253194138715665,0.6700500031146777,0.6872098634270835,0.6187573829923751,0.647010507112259,17.0,9.2,48.8,40.8,115.98196287820083,114.19990672360326,230.1818696018041,1.7820561545975693,106.0,129.0,235.0,-23.0,0
401809799,2025-11-26T00:00Z,2026,WAS,1,10,18,3,3,0,0,108.66542796511882,115.7199643924024,125.87214296059287,110.00831876554768,-17.20671499547406,5.711645626854726,101.98754716981131,101.82000000000001,0.5391943535766398,0.581839978379618,0.5735581379634072,0.6098159371822709,0.16569010796010714,0.1450333419426543,0.23447897474310353,0.22076158089808567,0.6529635403904439,0.7311743229982379,0.6351314267883216,0.7433226989221596,15.4,17.2,48.8,50.6,111.41839987902421,123.09573703799926,234.51413691702345,-11.67733715897505,132.0,113.0,245.0,19.0,1
401810166,2025-12-02T00:00Z,2026,WAS,15,10,21,3,2,0,0,109.04708595585366,110.45658699313655,123.09432008684045,116.94871665758535,-14.0472341309868,-6.492129664448795,102.39754716981132,98.18509433962264,0.5417858438764634,0.5767219261070646,0.5737471003564815,0.5955472641785112,0.15618460481018814,0.1491387151811667,0.22860004974653153,0.1868947804346964,0.6505132032711174,0.7756858864717671,0.6091269488101594,0.6737620682326926,17.4,12.7,48.0,42.4,113.3270876456206,117.11564467256538,230.44273231818596,-3.788557026944787,129.0,126.0,255.0,3.0,1
401810189,2025-12-05T00:00Z,2026,WAS,2,10,21,2,2,0,0,110.3673865911247,122.09146289024841,122.26217415821009,116.01650563882512,-11.894787567085405,6.074957251423273,102.15754716981132,96.65,0.543956028560693,0.5754602674615586,0.5732709459905659,0.6024067201335974,0.1440329708883779,0.12325651782289074,0.23269776448254414,0.3059164794899098,0.6844281126310878,0.7350731456550641,0.6055634892227697,0.5685639558095502,16.0,14.0,48.8,44.4,112.51706583247808,121.44836805906593,233.96543389154402,-8.931302226587846,101.0,146.0,247.0,-45.0,0
401810206,2025-12-07T00:00Z,2026,WAS,1,10,24,2,1,0,1,108.68959265719198,112.57390956290358,124.85830896880762,115.27862021489894,-16.168716311615636,-2.7047106519953608,101.79,101.99793103448278,0.5310487603902669,0.5646941209086989,0.5630128317082422,0.588711482288941,0.1445483749856698,0.14459276175105618,0.23669169774846927,0.21517416369160552,0.6913725570755322,0.7426975156173758,0.6135634892227697,0.700860709849015,14.6,16.7,47.0,51.0,114.10504679673507,117.33561489559867,231.44066169233372,-3.2305680988636,116.0,131.0,247.0,-15.0,0
401836753,2025-12-13T00:00Z,2026,WAS,5,10,25,6,6,0,0,108.50439003296496,114.13288425765813,123.78358441847334,113.31670145109638,-15.279194385508344,0.8161828065617296,102.31,100.77,0.5391194125641801,0.537582231189022,0.5728542698915791,0.5683141320984066,0.1516582723394696,0.12485158863984666,0.22178973696415555,0.2768798132408298,0.6952764609794362,0.745106512570392,0.6247713870160332,0.6079862831564178,13.6,16.6,45.8,50.0,112.61856814645793,120.79019114687193,233.40875929332987,-8.171623000414002,126.0,130.0,256.0,-4.0,0
401810254,2025-12-22T00:00Z,2026,WAS,24,10,28,1,2,1,0,110.91725092624343,117.33185363067359,119.8628855884555,113.27574278889776,-8.945634662212054,4.0561108417758405,101.27000000000001,102.73999999999998,0.5357168066537072,0.5528679566242182,0.5661346264348965,0.5870265047867148,0.14497468817934184,0.1287171959010027,0.2695231456703854,0.25732306140733696,0.7026803539522404,0.7590296504317791,0.6279984070278052,0.5910938216502643,12.1,15.7,44.0,48.8,110.91371067097792,120.97524687023629,231.8889575412142,-10.06153619925837,113.0,124.0,237.0,-11.0,0
401810280,2025-12-27T00:00Z,2026,WAS,28,10,31,3,3,0,0,112.04294087726996,106.5457814317494,122.3915428595189,110.91947677058972,-10.348601982248951,-4.373695338840316,100.68999999999998,98.38000000000001,0.520203797326265,0.5265473552447248,0.5550466074177937,0.5500067594362902,0.1267117198711653,0.1640724810084667,0.28034165489225593,0.2633600050943587,0.6914140321981138,0.7377340004169273,0.6135720001013981,0.7145473721014451,10.9,17.1,45.2,47.0,110.96282120289857,113.93638286665696,224.89920406955554,-2.973561663758389,138.0,117.0,255.0,21.0,1
401810298,2025-12-28T23:00Z,2026,WAS,29,10,31,1,1,1,1,112.62350959764908,114.89507202787362,121.27228792730243,109.87560432918045,-8.648778329653336,5.019467698693199,100.92,104.15,0.5294528815753492,0.5625056834738186,0.565407678253538,0.5965976682094931,0.13029193957063995,0.15241783826992075,0.26636316026859996,0.2385329873993955,0.6953356008255647,0.7363850853219625,0.6070031671174708,0.6906985699571369,11.9,15.8,45.6,50.2,110.6476412354642,117.44478822706928,228.0924294625335,-6.797146991605075,116.0,112.0,228.0,4.0,1
401810303,2025-12-30T00:00Z,2026,WAS,21,10,31,2,2,0,0,112.8188010895282,111.17934759649572,119.28105419599126,112.07887635524135,-6.462253106463061,-0.8995287587456222,102.10999999999999,100.88999999999999,0.5310311644036321,0.5384933929913256,0.5681741359337887,0.5695573582067318,0.13226418196065823,0.15017386416366135,0.26798353063897035,0.2718813432465102,0.7009274375602587,0.7075066681337019,0.6031936433079469,0.6062554044871118,11.9,16.2,47.0,50.2,114.13557130322054,116.95865390968713,231.09422521290767,-2.823082606466585,101.0,115.0,216.0,-14.0,0
401810332,2026-01-03T00:00Z,2026,WAS,17,10,31,2,2,0,0,113.53903190655437,111.33604616808812,115.46854452587363,108.15669730839747,-1.9295126193192558,3.1793488596906543,101.24999999999999,98.62,0.5297477005270831,0.551726455277222,0.5627094413664373,0.5879601585476428,0.12183422213123715,0.16932287715012728,0.27681184801243147,0.24876174315280805,0.7157404648732859,0.7557368946823295,0.6064050254217681,0.677656858676411,14.1,14.2,46.2,46.2,110.77581349548106,113.32858385500535,224.1043973504864,-2.5527703595242883,119.0,99.0,218.0,20.0,1
401810353,2026-01-04T23:00Z,2026,WAS,16,10,35,1,1,1,1,112.72728335982512,111.75732778595739,112.3512775955367,109.08182466496594,0.376005764288427,2.675503120991459,101.37,103.08358490566039,0.5286733830346664,0.5266276272591421,0.5598365377507193,0.5630653005757755,0.12453199110140734,0.11880535636560172,0.28528031648089985,0.2556009134429528,0.725437682549227,0.745577417835573,0.588421236161383,0.6330953306835065,13.2,15.3,48.4,48.6,109.97294320345887,111.11303386275202,221.0859770662109,-1.1400906592931506,115.0,141.0,256.0,-26.0,0
401810366,2026-01-07T00:00Z,2026,WAS,19,10,36,3,3,0,0,111.79093942784307,113.62269343291663,115.95350014438786,117.82230450441425,-4.162560716544782,-4.199611071497606,102.8,100.11603773584906,0.5326698079580577,0.5268110661549616,0.5657451599872249,0.5666604548148406,0.13047238224185065,0.11399084623848388,0.270040336273082,0.23124582297545948,0.7079027988282968,0.7334979348630755,0.5909169820490745,0.6656213799368287,14.8,14.1,48.2,53.8,116.48052417602159,116.46172889796225,232.94225307398384,0.018795278059343445,120.0,112.0,232.0,8.0,1
401810389,2026-01-10T00:00Z,2026,WAS,3,10,39,2,2,0,0,111.98107397841531,106.91191648362323,115.72009506779656,117.42023512199053,-3.7390210893812266,-10.508318638367296,103.21000000000001,105.00000000000003,0.5400371737106543,0.5020174443669598,0.5795411263061337,0.5410627590796271,0.13975670613204585,0.14412924862793206,0.25708442164178325,0.26398886073290007,0.7274584623749596,0.694687697922992,0.578060510760092,0.5985921646692761,16.2,16.9,49.0,58.2,119.40911641948878,115.88552781280282,235.2946442322916,3.523588606685962,107.0,128.0,235.0,-21.0,0
401810463,2026-01-19T20:00Z,2026,WAS,12,10,41,1,2,1,0,107.9498007567826,118.68229744426999,116.74966627010244,112.2338624191809,-8.799865513319848,6.448435025089092,103.21,96.40584905660377,0.5252400145856366,0.5669375261036353,0.5616480910515543,0.6131593453971181,0.15438898698237535,0.12850147875364615,0.25691295907976763,0.23644201109692514,0.7534411762148162,0.6985938219532571,0.5953288494559772,0.5908134500768681,14.8,13.3,50.6,46.6,106.58396101766328,117.48987832976997,224.07383934743325,-10.90591731210668,106.0,110.0,216.0,-4.0,0
401810484,2026-01-23T00:00Z,2026,WAS,7,10,44,4,2,0,0,107.35664040327276,113.53842704088916,116.66219888077649,117.53890404520766,-9.305558477503721,-4.000477004318491,103.01999999999998,96.07037735849057,0.5220980056791549,0.5489674231802102,0.5615935968230625,0.5862384753540796,0.16473339614774435,0.11046101143730705,0.26352165473194156,0.17005312555948823,0.7510602238338637,0.6909407795745006,0.5926920663313893,0.651756455360043,15.6,11.6,50.6,38.4,111.93634702622789,114.57682370726286,226.51317073349077,-2.6404766810349685,97.0,107.0,204.0,-10.0,0
401810519,2026-01-28T00:00Z,2026,WAS,22,10,47,4,1,0,1,106.63034067645131,109.44601014283826,116.84115114332141,108.2775554800457,-10.21081046687012,1.168454662792557,101.64999999999999,101.41,0.5109134701060322,0.5292860107169498,0.5506579923831831,0.5669747334820414,0.15611132233096042,0.15940696883266628,0.2587549883373682,0.2697254372865963,0.7482055821865454,0.7424641513823722,0.6348364817872841,0.5596827876624388,14.3,13.2,48.2,46.6,109.09799348384573,111.42843710411141,220.52643058795712,-2.330443620265683,115.0,111.0,226.0,4.0,1
401810536,2026-01-30T00:00Z,2026,WAS,15,10,45,2,2,0,0,105.91304496051097,110.07382425558224,116.51181119619889,117.84148529204518,-10.598766235687911,-7.767661036462931,101.88999999999999,98.12999999999998,0.5086590799778881,0.5519934350811823,0.5445864313413319,0.5797926174007989,0.15486683626674003,0.14053390917230985,0.2607678707850332,0.19483235171617713,0.7283241730480731,0.7715657701653462,0.63823391768472,0.6732156728512473,14.6,12.9,47.4,43.0,111.8884528527907,113.30414700766315,225.19259986045387,-1.4156941548724404,109.0,99.0,208.0,10.0,1
401810543,2026-01-31T00:00Z,2026,WAS,13,10,46,1,2,1,0,105.62553699420451,117.10834627753827,113.17533459623291,118.92778591424967,-7.549797602028427,-1.8194396367113854,102.07,98.94000000000001,0.4955125282537501,0.5702520255712376,0.5350135565452699,0.6027899423463554,0.14573982810866545,0.12913329488415176,0.2651538356973139,0.23355133328817543,0.732745225679652,0.7510048095054154,0.6260552151143407,0.5810901467107539,14.4,18.3,47.2,50.8,109.45834883673379,115.72330673109185,225.18165556782566,-6.264957894358062,111.0,142.0,253.0,-31.0,0
401810562,2026-02-01T23:00Z,2026,WAS,23,10,50,1,1,1,1,106.60938907177254,111.37304933979863,115.23493749691661,118.90276772292843,-8.625548425144071,-7.529718383129834,101.41999999999999,98.75,0.49918720606635886,0.5411691166679752,0.5359896293298534,0.5816914858442833,0.14680650997662836,0.16620675220811168,0.27669229723577554,0.28347072248674077,0.7250529179873443,0.7317251914739824,0.6248267138858394,0.6322673363988629,15.2,12.4,47.6,47.4,109.46636343206858,109.99829275838033,219.46465619044892,-0.5319293263117544,116.0,112.0,228.0,4.0,1
401810573,2026-02-04T00:00Z,2026,WAS,18,10,50,3,2,0,0,109.58036578964204,113.71745822649432,115.96613309866427,103.8106040469556,-6.385767309022258,9.906854179538708,100.75999999999999,97.11999999999999,0.5152416458126592,0.5387846951613773,0.5477901901057917,0.564172991481245,0.142141576997946,0.14520234866626044,0.2868274323709107,0.3197363700280404,0.7229466908811172,0.78933126246517,0.6275121358807244,0.637025131346276,14.7,15.8,48.6,45.6,105.56451277816485,113.62447262855595,219.1889854067208,-8.059959850391095,101.0,132.0,233.0,-31.0,0
401810613,2026-02-08T19:00Z,2026,WAS,14,10,53,1,1,1,1,109.58504195444728,113.38676945163616,116.23794250725696,108.5196704303908,-6.652900552809676,4.867099021245357,101.19999999999999,105.85,0.5221947900480561,0.5227607975089288,0.558551227572262,0.5619609010180693,0.15442436850879285,0.12805206392407728,0.2691154556883457,0.27284439082013373,0.6945683328365203,0.7683482369562609,0.6329681061276354,0.6618631688615758,15.4,19.5,45.2,55.2,109.50955819575576,115.29370678189038,224.80326497764614,-5.78414858613462,101.0,132.0,233.0,-31.0,0
401810650,2026-02-20T00:00Z,2026,WAS,11,10,55,8,8,0,0,108.84079102078435,113.1502735154558,119.32126308564045,116.39261602166323,-10.480472064856125,-3.2423425062074296,103.01999999999998,101.95830188679244,0.5212825427554637,0.5624108869658528,0.5528303604262561,0.5914358929046997,0.15147560749403371,0.12774322889876782,0.2635286799152346,0.18085424379542028,0.6684790048603999,0.7644523678214028,0.6183742540337832,0.7008202920090925,13.7,13.2,46.2,49.2,115.41990325934405,119.12905202376506,234.5489552831091,-3.709148764421002,112.0,105.0,217.0,7.0,1
401810658,2026-02-21T00:00Z,2026,WAS,11,10,56,1,1,1,1,107.91667786242036,111.22680982830498,117.35051410727542,115.42092142203566,-9.433836244855058,-4.194111593730707,103.63000000000002,102.69830188679245,0.5150431720071644,0.5572025536325194,0.5477418081514136,0.5909483344942366,0.14795342565312383,0.1381584989173898,0.2600321764187311,0.17158508158508162,0.683630520011915,0.7549776961516091,0.6085962413487939,0.6899706188064781,14.7,15.5,47.2,47.4,111.7461039489992,114.3677799113298,226.113883860329,-2.621675962330599,131.0,118.0,249.0,13.0,1
401810677,2026-02-22T23:00Z,2026,WAS,30,10,57,1,1,1,1,109.10397795728348,114.2953735019855,117.73240112781791,110.88134342390408,-8.628423170534422,3.41403007808144,103.9,97.24,0.5266060076677445,0.526917333912246,0.557494498220158,0.5728286044703653,0.15125600542629183,0.16883794837055285,0.2584964943952442,0.3273740456544514,0.7120225674482595,0.783141698294985,0.6065507868033394,0.6416499116775689,14.0,8.7,51.8,37.0,107.30103029083426,113.17491147841874,220.47594176925298,-5.873881187584473,112.0,129.0,241.0,-17.0,0
401810720,2026-03-01T00:00Z,2026,WAS,28,10,59,2,3,0,0,106.04372124954345,111.97315968513303,119.66799820436795,108.47421183533973,-13.624276954824518,3.4989478497933,104.25,101.80999999999999,0.5232805801401892,0.538367250607582,0.5544799077871811,0.579525033838859,0.14631900349400806,0.13645502533929368,0.201089247314084,0.24563550294247202,0.6961860246806825,0.7362531113863737,0.5881809306746508,0.6641442224134505,13.4,18.2,48.6,48.4,110.50891322867756,119.32994248677642,229.83885571545397,-8.82102925809886,125.0,134.0,259.0,-9.0,0
401810734,2026-03-03T00:00Z,2026,WAS,10,10,59,2,3,0,0,108.8154361525425,112.74879792887756,120.29692712332466,107.93951771444657,-11.481490970782207,4.809280214431033,103.92999999999999,97.30000000000001,0.5386875568843752,0.5615981930126162,0.5682942368258013,0.5933295209662219,0.1477569865743107,0.17086662446449247,0.21225063494605986,0.2871461420416529,0.6923307925799743,0.7167587475570881,0.5828313866017025,0.6062290802543072,12.7,15.0,50.2,46.8,109.04399841663553,117.23947813063664,226.2834765472722,-8.19547971400111,118.0,123.0,241.0,-5.0,0
401810755,2026-03-06T00:00Z,2026,WAS,26,10,62,2,1,0,1,107.71828746256479,110.03278030013584,120.8636692451654,114.02410152318721,-13.145381782600614,-3.991321223051366,103.86000000000001,104.0,0.5304885118457594,0.5229514883834647,0.5569637811881389,0.5644970093989868,0.14197961368050116,0.15063704710566067,0.21637601032143525,0.26609609394008094,0.6992801400339751,0.731738615810156,0.5719011657047042,0.6569123994517149,13.5,21.4,49.8,51.0,115.22843243644604,116.38577980602933,231.6142122424754,-1.1573473695832917,112.0,122.0,234.0,-10.0,0
401810839,2026-03-16T23:00Z,2026,WAS,9,10,67,2,0,0,1,108.92193139643578,112.03726629008483,123.09977931485773,117.23797026169385,-14.177847918421927,-5.200703971609031,103.43943396226413,97.95452830188681,0.5415781070315729,0.5223737127746857,0.5725351975787094,0.5513392193121558,0.15768926764461544,0.1432439588317343,0.2176343974309091,0.3036050557389877,0.6919575652607739,0.6858677326166397,0.5684184102217145,0.7044037922165708,13.2,10.1,46.0,48.8,113.86809675050363,114.83631462695443,228.70441137745806,-0.968217876450808,117.0,125.0,242.0,-8.0,0
401810848,2026-03-17T23:00Z,2026,WAS,8,10,67,1,2,1,0,111.25462707605114,116.42456002320496,124.28132978848846,111.56115173931043,-13.026702712437318,4.8634082838945,102.86943396226415,98.75226415094338,0.5511934916469576,0.5413899389316875,0.5834272844752907,0.5809363223478378,0.15966693971804197,0.13781056122407936,0.23808894288545454,0.31634076459481697,0.6905698444870143,0.7305432233266791,0.5662562480595523,0.6486806554173998,13.3,16.8,46.2,57.4,108.94190205108737,121.32882562421061,230.27072767529796,-12.38692357312324,117.0,130.0,247.0,-13.0,0
401810864,2026-03-19T23:00Z,2026,WAS,8,10,68,2,2,0,0,113.8252285303386,118.2432835042919,125.3153732935665,112.36163923592505,-11.490144763227873,5.881644268366829,102.32943396226415,98.85999999999999,0.5667290749191511,0.5496121611539098,0.5972678227430775,0.5901224772790373,0.16037452198618007,0.13617473925062087,0.23551925647430466,0.3115279303702181,0.679206208123378,0.7373830960732326,0.5655456537443067,0.6595502206347912,13.1,17.2,45.8,57.4,113.76601973898019,122.50357074442621,236.2695904834064,-8.737551005446022,95.0,117.0,212.0,-22.0,0
401810877,2026-03-21T21:00Z,2026,WAS,25,10,70,2,3,0,0,110.5736381227849,111.43952893246612,123.3441538911544,102.737884766723,-12.770515768369522,8.701644165743096,102.52943396226415,100.55283018867924,0.5572778554069561,0.5325607758345712,0.5874164095312826,0.573267442227863,0.16508438908136827,0.11184109575225085,0.21808335903840725,0.18914691674188655,0.6680561379971508,0.7604092078729269,0.5721650390870963,0.5909452762579777,13.2,13.3,42.8,44.6,108.29946759471761,119.20100473379452,227.50047232851213,-10.901537139076908,111.0,132.0,243.0,-21.0,0
401810960,2026-04-01T23:00Z,2026,WAS,20,10,75,1,2,1,0,107.69732608029872,112.99466460528595,121.98655710564674,114.30908269748684,-14.289231025348007,-1.3144180922008732,102.08,103.35999999999999,0.5483781058633118,0.5291262980284737,0.5736078257563778,0.5651505025449147,0.15064686088075016,0.12320044010699571,0.18744555770478702,0.24861714865106674,0.6801275028144063,0.7266252830050827,0.5850737636279326,0.5895528095158171,13.8,18.9,45.0,53.0,110.60181680182252,120.68635547073501,231.28817227255752,-10.084538668912487,131.0,153.0,284.0,-22.0,0
401811003,2026-04-07T23:00Z,2026,WAS,4,10,78,2,2,0,0,110.5394789900204,108.47700212880495,125.73932499286158,122.69652398620715,-15.199846002841195,-14.219521857402214,103.69000000000001,107.74000000000001,0.5541635920918051,0.536717977331634,0.577750591076115,0.5703447262022627,0.1432930618834057,0.1538758487618896,0.20470613801735701,0.22416965511264117,0.709622358376335,0.7497950626814107,0.5683410054998256,0.6171023144899577,12.5,17.2,50.8,55.6,123.28272027315948,123.8008951083349,247.08361538149438,-0.5181748351754152,98.0,129.0,227.0,-31.0,0
401811021,2026-04-09T23:00Z,2026,WAS,4,10,79,2,2,0,0,110.07291056765087,110.23474950359783,125.92946634322394,118.8142440701317,-15.856555775573067,-8.579494566533883,104.54,107.83,0.550533416255163,0.5412799297721846,0.5747770139757048,0.575261924572301,0.14456986979004788,0.14820478580308755,0.20705907919382766,0.2237533738915496,0.7274299439452527,0.7522906063534249,0.5722449094037295,0.6331892710116969,13.3,18.2,52.6,55.4,121.52191257606471,125.38548629847385,246.90739887453856,-3.863573722409143,108.0,119.0,227.0,-11.0,0
401811027,2026-04-10T23:00Z,2026,WAS,14,10,80,1,1,1,1,109.45249740064455,117.42656759669396,124.3009853200806,124.92388508262479,-14.848487919436034,-7.4973174859308145,104.87,102.96000000000001,0.5414789290756759,0.5621882258476357,0.5687266871309875,0.5962964388567329,0.1478914409511896,0.11672443098196368,0.22239290164430453,0.21601808540464001,0.7390172455325543,0.75426079194353,0.5671101212137425,0.6914564412919925,13.1,18.1,53.6,50.8,118.12282566088231,121.82772550753114,239.95055116841345,-3.7048998466488285,117.0,140.0,257.0,-23.0,0
